report_type_description,incident_description,incident_subcategory,report_type_code,incident_category,incident_code,row_count
Coplogic Initial,"Theft, From Locked Vehicle, >$950",Larceny - From Vehicle,II,Larceny Theft,06244,70134
Initial,Battery,Simple Assault,II,Assault,04134,30415
Initial,"Theft, From Locked Vehicle, >$950",Larceny - From Vehicle,II,Larceny Theft,06244,29086
Vehicle Initial,"Vehicle, Stolen, Auto",Motor Vehicle Theft,VI,Motor Vehicle Theft,07021,27196
Vehicle Supplement,"Vehicle, Recovered, Auto",Recovered Vehicle,VS,Recovered Vehicle,07041,27100
Coplogic Initial,"Theft, Other Property, $50-$200",Larceny Theft - Other,II,Larceny Theft,06372,27033
Coplogic Initial,"Theft, Other Property, >$950",Larceny Theft - Other,II,Larceny Theft,06374,19753
Coplogic Initial,Lost Property,Lost Property,II,Lost Property,71000,18267
Initial,"Malicious Mischief, Vandalism to Vehicle",Vandalism,II,Malicious Mischief,28160,18143
Initial,Suspicious Occurrence,Suspicious Occ,II,Suspicious Occ,64070,17810
Coplogic Initial,"Theft, From Unlocked Vehicle, >$950",Larceny - From Vehicle,II,Larceny Theft,06224,17398
Coplogic Initial,"Malicious Mischief, Vandalism to Property",Vandalism,II,Malicious Mischief,28150,17268
Initial,Investigative Detention,Other,II,Other Miscellaneous,64085,16105
Initial,Found  Property,Non-Criminal,II,Non-Criminal,72000,14876
Initial,"Malicious Mischief, Vandalism to Property",Vandalism,II,Malicious Mischief,28150,14486
Vehicle Initial,"License Plate, Stolen",Theft From Vehicle,VI,Larceny Theft,71013,13724
Initial,Miscellaneous Investigation,Miscellaneous Investigation,II,Miscellaneous Investigation,68020,11841
Initial,"Warrant Arrest, Enroute To Outside Jurisdiction",Warrant,II,Warrant,62050,11749
Initial,"Theft, From Locked Vehicle, $200-$950",Larceny - From Vehicle,II,Larceny Theft,06243,11679
Initial,Lost Property,Lost Property,II,Lost Property,71000,11508
Initial,"Warrant Arrest, Local SF Warrant",Other,II,Warrant,63010,10964
Initial,Missing Adult,Missing Adult,II,Missing Person,74000,10775
Initial,Terrorist Threats,Intimidation,II,Disorderly Conduct,19057,10064
Coplogic Supplement,"Theft, From Locked Vehicle, >$950",Larceny - From Vehicle,IS,Larceny Theft,06244,9634
Initial,Trespassing,Trespass,II,Other Miscellaneous,27195,9449
Initial,"Narcotics Paraphernalia, Possession of",Drug Violation,II,Drug Offense,16710,8665
Initial,Traffic Violation Arrest,Traffic Violation Arrest,II,Traffic Violation Arrest,65010,8473
Initial,"Malicious Mischief, Breaking Windows",Vandalism,II,Malicious Mischief,28100,7887
Initial,"Death Report, Cause Unknown",Other,II,Other,61030,7760
Initial,Aided Case,Non-Criminal,II,Non-Criminal,51040,7693
Initial,"Assault, Aggravated, W/ Other Weapon",Aggravated Assault,II,Assault,04013,7437
Initial Supplement,Found Person,Missing Person,IS,Missing Person,75000,6849
Initial,"Resisting, Delaying, or Obstructing  Peace Officer Duties",Other,II,Other Miscellaneous,27170,6404
Initial,"Theft, Shoplifting, $200-$950",Larceny Theft - Shoplifting,II,Larceny Theft,06363,6184
Initial,"Access Card, incl. Credit, Phone, ATM, Fraudulent Use of",Fraud,II,Fraud,09320,6047
Initial,False Personation to Receive Money or Property,Fraud,II,Fraud,09029,6033
Initial,"Theft, From Building, >$950",Larceny Theft - From Building,II,Larceny Theft,06304,5822
Initial,"Robbery, W/ Force",Robbery - Other,II,Robbery,03074,5193
Vehicle Initial,"Vehicle, Stolen, Truck",Motor Vehicle Theft,VI,Motor Vehicle Theft,07025,5099
Initial Supplement,"Warrant Arrest, Local SF Warrant",Other,IS,Warrant,63010,5018
Initial,"Driving, No License Issued",Other,II,Other Miscellaneous,65015,4943
Initial,"Burglary, Other Bldg., Forcible Entry",Burglary - Other,II,Burglary,05071,4913
Initial,"Assault, Aggravated, W/ Force",Aggravated Assault,II,Assault,04014,4903
Vehicle Supplement,"Vehicle, Recovered, Truck",Recovered Vehicle,VS,Recovered Vehicle,07045,4901
Initial,"Fraudulent Game or Trick, Obtaining Money or Property",Fraud,II,Fraud,09024,4874
Initial,"Theft, Shoplifting, $50-$200",Larceny Theft - Shoplifting,II,Larceny Theft,06362,4665
Initial,"Theft, From Building, $200-$950",Larceny Theft - From Building,II,Larceny Theft,06303,4638
Initial,"Burglary, Apartment House, Unlawful Entry",Burglary - Residential,II,Burglary,05013,4533
Vehicle Initial,"Vehicle, Stolen, Motorcycle",Motor Vehicle Theft,VI,Motor Vehicle Theft,07023,4421
Initial,"Theft, Shoplifting, >$950",Larceny Theft - Shoplifting,II,Larceny Theft,06364,4419
Vehicle Initial,"Vehicle, Recovered, Stolen outside SF",Motor Vehicle Theft,VI,Motor Vehicle Theft,07055,4401
Coplogic Initial,"Access Card, incl. Credit, Phone, ATM, Fraudulent Use of",Fraud,II,Fraud,09320,4319
Initial,"Theft, From Locked Vehicle, $50-$200",Larceny - From Vehicle,II,Larceny Theft,06242,4098
Vehicle Initial,"Vehicle, Stolen & Recovered",Motor Vehicle Theft,VI,Motor Vehicle Theft,07020,4061
Initial Supplement,Case Closure,Case Closure,IS,Case Closure,75030,4010
Initial,Found Person,Missing Person,II,Missing Person,75000,3998
Initial,Domestic Violence (secondary only),Other,II,Offences Against The Family And Children,15200,3977
Coplogic Supplement,"Burglary, Other Bldg., Unlawful Entry",Burglary - Other,IS,Burglary,05073,3953
Initial,"Weapon, Deadly, Imitation or Laser Scope, Exhibiting",Weapons Offense,II,Weapons Offense,12030,3951
Initial,"Driving, License Suspended or Revoked",Other,II,Other Miscellaneous,65016,3707
Vehicle Supplement,"Vehicle, Recovered, Motorcycle",Recovered Vehicle,VS,Recovered Vehicle,07043,3613
Vehicle Supplement,"License Plate, Recovered",Other Offenses,VS,Other Offenses,71012,3608
Initial,"Burglary, Non-residential, Forcible Entry",Burglary - Other,II,Burglary,05151,3513
Initial,"Burglary, Other Bldg., Unlawful Entry",Burglary - Other,II,Burglary,05073,3503
Initial,"Theft, From Person, >$950 (other than Pickpocket)",Larceny Theft - Other,II,Larceny Theft,06154,3464
Initial,Violation of Restraining Order,Other,II,Offences Against The Family And Children,15161,3440
Initial,Conspiracy,Other,II,Other Miscellaneous,26080,3397
Initial,"Theft, Shoplifting, <$50",Larceny Theft - Shoplifting,II,Larceny Theft,06361,3207
Initial,"Burglary, Apartment House, Forcible Entry",Burglary - Residential,II,Burglary,05011,3060
Initial,Courtesy Report,Courtesy Report,II,Courtesy Report,68030,2998
Initial,"Burglary, Residence, Forcible Entry",Burglary - Residential,II,Burglary,05041,2949
Initial,"Burglary, Store, Forcible Entry",Burglary - Commercial,II,Burglary,05051,2913
Initial,"Burglary, Residence, Unlawful Entry",Burglary - Residential,II,Burglary,05043,2894
Initial,"Burglary, Hot Prowl, Unlawful Entry",Burglary - Hot Prowl,II,Burglary,05083,2795
Initial,"Stolen Property, Possession with Knowledge, Receiving",Stolen Property,II,Stolen Property,11012,2791
Initial Supplement,Search Warrant Service,Non-Criminal,IS,Non-Criminal,75025,2789
Initial,"Theft, Vehicle Strip, >$950",Larceny - Auto Parts,II,Larceny Theft,06234,2757
Initial,"Methamphetamine, Possession For Sale",Drug Violation,II,Drug Offense,16652,2699
Initial,"Theft, From Locked Vehicle, <$50",Larceny - From Vehicle,II,Larceny Theft,06241,2687
Initial,"Theft, From Building, $50-$200",Larceny Theft - From Building,II,Larceny Theft,06302,2605
Initial,"Theft, Other Property, $200-$950",Larceny Theft - Other,II,Larceny Theft,06373,2502
Initial,"Dog, Bite or Attack",Other,II,Non-Criminal,64010,2437
Initial,"Theft, Other Property, >$950",Larceny Theft - Other,II,Larceny Theft,06374,2427
Coplogic Supplement,"Theft, Other Property, >$950",Larceny Theft - Other,IS,Larceny Theft,06374,2424
Initial,"Assault, Aggravated, W/ Knife",Aggravated Assault,II,Assault,04012,2419
Initial,"Battery, former Spouse or Dating Relationship",Simple Assault,II,Assault,04138,2418
Initial,"Theft, From Person, $200-$950 (other than Pickpocket)",Larceny Theft - Other,II,Larceny Theft,06153,2412
Initial,"Cocaine, Base/rock, Possession For Sale",Drug Violation,II,Drug Offense,16623,2349
Vehicle Initial,"Vehicle, Stolen, Other Vehicle",Motor Vehicle Theft,VI,Motor Vehicle Theft,07026,2338
Initial,Fraudulent Use Of Automated Teller Card,Fraud,II,Fraud,09250,2237
Initial,"Burglary, Hot Prowl, Forcible Entry",Burglary - Hot Prowl,II,Burglary,05081,2237
Initial,"Stay Away or Court Order, Non-DV Related",Non-Criminal,II,Non-Criminal,71024,2210
Initial,"Vehicle, Tampering",Vandalism,II,Vandalism,07100,2205
Initial,Methamphetamine Offense,Drug Violation,II,Drug Offense,16650,2193
Initial Supplement,Found  Property,Non-Criminal,IS,Non-Criminal,72000,2141
Initial,False Personation,Fraud,II,Fraud,09027,2131
Initial,"Robbery, Street or Public Place, W/ Force",Robbery - Street,II,Robbery,03014,2121
Initial,Probation Violation,Other,II,Other Miscellaneous,26170,2119
Initial,"Burglary Tools, Possession Of",Other,II,Other Miscellaneous,27130,2063
Initial,Lodging Without Permission,Loitering,II,Other Miscellaneous,27199,2058
Initial,"Shoplifting, Force against Agent",Robbery - Commercial,II,Robbery,03401,1999
Initial Supplement,"Theft, From Locked Vehicle, >$950",Larceny - From Vehicle,IS,Larceny Theft,06244,1972
Initial,Evading a Police Officer Recklessly,Other,II,Other Miscellaneous,27175,1951
Initial,"Theft, From Building, <$50",Larceny Theft - From Building,II,Larceny Theft,06301,1908
Initial Supplement,Battery,Simple Assault,IS,Assault,04134,1850
Coplogic Supplement,"Theft, Other Property, $50-$200",Larceny Theft - Other,IS,Larceny Theft,06372,1828
Initial,"Theft, Other Property, $50-$200",Larceny Theft - Other,II,Larceny Theft,06372,1822
Initial,"Malicious Mischief, Graffiti, Real or Personal Property",Vandalism,II,Malicious Mischief,28165,1804
Initial,"Theft, From Unlocked Vehicle, >$950",Larceny - From Vehicle,II,Larceny Theft,06224,1747
Initial,"Burglary, Non-residential, Unlawful Entry",Burglary - Other,II,Burglary,05153,1731
Initial,"Robbery, W/ Gun",Robbery - Other,II,Robbery,03071,1653
Initial,"Theft, From Locked Vehicle, Att.",Larceny - From Vehicle,II,Larceny Theft,06240,1644
Initial,"Heroin, Possession For Sale",Drug Violation,II,Drug Offense,16110,1583
Initial,"Burglary, Store, Unlawful Entry",Burglary - Commercial,II,Burglary,05053,1581
Initial,"Drugs, Under Influence  in a Public Place",Drug Violation,II,Disorderly Conduct,19095,1551
Vehicle Initial,"Vehicle, Recovered, Auto",Recovered Vehicle,VI,Recovered Vehicle,07041,1501
Initial,"Theft, Lost Property, Petty",Larceny Theft - Other,II,Larceny Theft,27090,1485
Initial,"Theft, From Unlocked Vehicle, $200-$950",Larceny - From Vehicle,II,Larceny Theft,06223,1468
Initial,"Vehicle, Stolen, Attempted",Motor Vehicle Theft (Attempted),II,Motor Vehicle Theft,07051,1450
Initial,"Theft, Bicycle, >$950",Larceny Theft - Bicycle,II,Larceny Theft,06314,1450
Initial,Fire Report,Fire Report,II,Fire Report,68000,1450
Initial,"Opiates, Possession For Sale",Drug Violation,II,Drug Offense,16220,1417
Initial,"Firearm, Discharging Within City Limits",Weapons Offense,II,Weapons Offense,12027,1399
Initial Supplement,"Stolen Property, Possession with Knowledge, Receiving",Stolen Property,IS,Stolen Property,11012,1363
Initial,"Theft, Other Property, <$50",Larceny Theft - Other,II,Larceny Theft,06371,1341
Initial,Battery with Serious Injuries,Simple Assault,II,Assault,04136,1309
Initial,"Firearm, Possession By Prohibited Person",Weapons Offense,II,Weapons Carrying Etc,12080,1294
Initial,"Theft, Pickpocket, $200-$950",Larceny Theft - Pickpocket,II,Larceny Theft,06113,1268
Initial,"Alcohol, Under Influence Of In Public Place",Drunkenness,II,Disorderly Conduct,19090,1268
Initial Supplement,Suspicious Occurrence,Suspicious Occ,IS,Suspicious Occ,64070,1259
Initial,Arson,Arson,II,Arson,26030,1258
Initial,Suspicious Act Towards Female,Suspicious Occ,II,Suspicious Occ,64060,1254
Initial,Violation of Stay Away Order,Other,II,Offences Against The Family And Children,15162,1254
Initial,"Assault, Aggravated, W/ Gun",Aggravated Assault,II,Assault,04011,1211
Initial,"Controlled Substance, Possession For Sale",Drug Violation,II,Drug Offense,16662,1210
Initial,"Aided case, Naloxone Deployment",Non-Criminal,II,Non-Criminal,51050,1200
Initial Supplement,Investigative Detention,Other,IS,Other Miscellaneous,64085,1196
Initial,Loitering Where Narcotics are Sold/Used,Drug Violation,II,Drug Offense,16704,1163
Coplogic Initial,"Phone Calls, Harassing",Other,II,Malicious Mischief,28135,1137
Initial,"Burglary, Residence, Att. Forcible Entry",Burglary - Residential,II,Burglary,05042,1101
Initial Supplement,"Malicious Mischief, Vandalism to Property",Vandalism,IS,Malicious Mischief,28150,1058
Initial Supplement,Terrorist Threats,Intimidation,IS,Disorderly Conduct,19057,1051
Initial,"Phone Calls, Harassing",Other,II,Malicious Mischief,28135,1048
Initial Supplement,Miscellaneous Investigation,Miscellaneous Investigation,IS,Miscellaneous Investigation,68020,1043
Initial,"Aided Case, Injured or Sick Person",Other,II,Non-Criminal,64015,1039
Initial Supplement,"Assault, Aggravated, W/ Other Weapon",Aggravated Assault,IS,Assault,04013,1029
Initial Supplement,"Warrant Arrest, Enroute To Outside Jurisdiction",Warrant,IS,Warrant,62050,1022
Initial,"Burglary, Vehicle (Arrest made)",Theft From Vehicle,II,Larceny Theft,05014,988
Vehicle Initial,"License Plate, Recovered",Other Offenses,VI,Other Offenses,71012,984
Initial,"Theft, From Person, $50-$200 (other than Pickpocket)",Larceny Theft - Other,II,Larceny Theft,06152,983
Coplogic Initial,"Theft, Shoplifting, $200-$950",Larceny Theft - Shoplifting,II,Larceny Theft,06363,981
Initial,Driving While Under The Influence Of Alcohol,Other,II,Other Miscellaneous,65050,981
Initial Supplement,Missing Adult,Missing Adult,IS,Missing Person,74000,969
Initial Supplement,"Access Card, incl. Credit, Phone, ATM, Fraudulent Use of",Fraud,IS,Fraud,09320,951
Initial,"Theft, Pickpocket, >$950",Larceny Theft - Pickpocket,II,Larceny Theft,06114,948
Vehicle Supplement,"Vehicle, Stolen, Other Vehicle",Motor Vehicle Theft,VS,Motor Vehicle Theft,07026,943
Initial,False Imprisonment,Simple Assault,II,Assault,04170,943
Initial,Search Warrant Service,Non-Criminal,II,Non-Criminal,75025,943
Initial Supplement,"Theft, Shoplifting, >$950",Larceny Theft - Shoplifting,IS,Larceny Theft,06364,938
Initial Supplement,"Burglary, Store, Unlawful Entry",Burglary - Commercial,IS,Burglary,05053,930
Initial Supplement,"Vehicle, Recovered, Auto",Recovered Vehicle,IS,Recovered Vehicle,07041,928
Initial,Restraining Order Notification/Service of Restraining Order,Other,II,Offences Against The Family And Children,15155,925
Coplogic Supplement,Lost Property,Lost Property,IS,Lost Property,71000,914
Initial,"Firearm, Possession of Loaded",Weapons Offense,II,Weapons Carrying Etc,12100,907
Initial Supplement,"Malicious Mischief, Vandalism to Vehicle",Vandalism,IS,Malicious Mischief,28160,904
Initial,"Identification To Peace Officer, False",Fraud,II,Other Miscellaneous,27065,902
Initial Supplement,False Personation to Receive Money or Property,Fraud,IS,Fraud,09029,898
Initial,"Theft, Bicycle, $200-$950",Larceny Theft - Bicycle,II,Larceny Theft,06313,892
Initial,"Firearm, Turned In by Public",Non-Criminal,II,Non-Criminal,73010,882
Initial Supplement,"Assault, Aggravated, W/ Force",Aggravated Assault,IS,Assault,04014,875
Vehicle Supplement,"Vehicle, Recovered, Other Vehicle",Recovered Vehicle,VS,Recovered Vehicle,07046,850
Initial,"Theft, From Unlocked Vehicle, $50-$200",Larceny - From Vehicle,II,Larceny Theft,06222,838
Initial,"Robbery, Att., W/ Force",Robbery - Other,II,Robbery,03474,831
Initial,"Battery, Sexual",Simple Assault,II,Assault,04144,831
Initial,"Burglary, Residence Under Constr, Forcible Entry",Burglary - Residential,II,Burglary,05141,811
Initial Supplement,"Resisting, Delaying, or Obstructing  Peace Officer Duties",Other,IS,Other Miscellaneous,27170,795
Initial,"Warrant Arrest, Enroute To Parole",Warrant,II,Warrant,62030,789
Initial,Incident On School Grounds,Other,II,Disorderly Conduct,19089,788
Initial Supplement,Conspiracy,Other,IS,Other Miscellaneous,26080,776
Initial,"Battery, Of A Police Officer",Simple Assault,II,Assault,04154,769
Initial,"Theft, From Unlocked Vehicle, <$50",Larceny - From Vehicle,II,Larceny Theft,06221,768
Initial,"Burglary, Other Bldg., Att. Forcible Entry",Burglary - Other,II,Burglary,05072,767
Initial,"Weapon, Carrying Concealed",Weapons Offense,II,Weapons Offense,12015,765
Initial,"Robbery, W/ Other Weapon",Robbery - Other,II,Robbery,03073,762
Initial,False Personation and Cheat Crimes (general),Fraud,II,Fraud,09026,762
Initial,"Firearm, Loaded, in Vehicle, Possession or Use",Weapons Offense,II,Weapons Carrying Etc,12168,760
Initial,Municipal Code Violation (general),Other,II,Other Offenses,30200,758
Initial,"Theft, Pickpocket, $50-$200",Larceny Theft - Pickpocket,II,Larceny Theft,06112,754
Initial,"Robbery, Street or Public Place, W/ Gun",Robbery - Street,II,Robbery,03011,754
Initial,Hate Crime (secondary only),Other,II,Offences Against The Family And Children,15300,748
Initial Supplement,"Vehicle, Stolen, Auto",Motor Vehicle Theft,IS,Motor Vehicle Theft,07021,746
Initial,"Parole Violation, Adult",Other,II,Other Miscellaneous,26150,743
Initial Supplement,"Fraudulent Game or Trick, Obtaining Money or Property",Fraud,IS,Fraud,09024,730
Vehicle Initial,"License Plate, Found",Other Offenses,VI,Other Offenses,71011,729
Initial,"Assault, Non-Aggravated",Simple Assault,II,Assault,04104,719
Initial,"Malicious Mischief, Tire Slashing",Vandalism,II,Malicious Mischief,28161,719
Initial,"Death Report, Natural Causes",Other,II,Other,61040,717
Initial,"Burglary, Hot Prowl, Att. Forcible Entry",Burglary - Hot Prowl,II,Burglary,05082,710
Initial,"Theft, False Pretenses, Felony",Fraud,II,Fraud,10125,706
Initial,"Robbery, W/ Knife",Robbery - Other,II,Robbery,03072,702
Initial Supplement,"Robbery, W/ Force",Robbery - Other,IS,Robbery,03074,691
Vehicle Supplement,"Vehicle, Stolen, Auto",Motor Vehicle Theft,VS,Motor Vehicle Theft,07021,684
Initial Supplement,Traffic Violation Arrest,Traffic Violation Arrest,IS,Traffic Violation Arrest,65010,680
Initial,"Warrant Arrest, Enroute To Dept. Of Corrections",Warrant,II,Warrant,62020,668
Initial Supplement,Driving While Under The Influence Of Alcohol,Other,IS,Other Miscellaneous,65050,665
Initial Supplement,Traffic Collision,Traffic Collision,IS,Traffic Collision,68050,664
Initial Supplement,"Burglary, Other Bldg., Forcible Entry",Burglary - Other,IS,Burglary,05071,662
Initial,Traffic Collision,Traffic Collision,II,Traffic Collision,68050,661
Coplogic Initial,"Theft, Shoplifting, Att.",Larceny Theft - Shoplifting,II,Larceny Theft,06360,659
Initial,"Warrant Arrest, Enroute To Adult Authority",Warrant,II,Warrant,62060,652
Initial Supplement,Probation Violation,Other,IS,Other Miscellaneous,26170,638
Initial,Arson of Vehicle,Arson,II,Arson,26031,637
Initial,"Burglary, Apartment House, Att. Forcible Entry",Burglary - Residential,II,Burglary,05012,634
Initial,"Theft, Lost Property, Grand",Larceny Theft - Other,II,Larceny Theft,26145,628
Initial,"Vehicle, Impounded",Vehicle Impounded,II,Vehicle Impounded,07053,622
Initial,"Driving, Reckless",Other,II,Other Miscellaneous,65020,614
Initial,"Cocaine, Base/rock, Sale",Drug Violation,II,Drug Offense,16625,613
Initial,Opiates Offense,Drug Violation,II,Drug Offense,16210,604
Initial,Controlled Substance Offense,Drug Violation,II,Drug Offense,16660,603
Initial Supplement,"Theft, From Building, >$950",Larceny Theft - From Building,IS,Larceny Theft,06304,599
Initial,Theft of Computers or Cell Phones,Larceny Theft - Other,II,Larceny Theft,06126,592
Vehicle Initial,"License Plate or Tab, Theft of",Larceny Theft - Other,VI,Larceny Theft,06246,590
Initial,"Theft, From Person, <$50 (other than Pickpocket)",Larceny Theft - Other,II,Larceny Theft,06151,590
Coplogic Supplement,"Theft, From Unlocked Vehicle, >$950",Larceny - From Vehicle,IS,Larceny Theft,06224,584
Initial Supplement,"Firearm, Possession By Prohibited Person",Weapons Offense,IS,Weapons Carrying Etc,12080,580
Initial Supplement,"Narcotics Paraphernalia, Possession of",Drug Violation,IS,Drug Offense,16710,566
Initial Supplement,Evading a Police Officer Recklessly,Other,IS,Other Miscellaneous,27175,565
Initial Supplement,"Burglary, Residence, Forcible Entry",Burglary - Residential,IS,Burglary,05041,565
Initial Supplement,"Burglary, Non-residential, Forcible Entry",Burglary - Other,IS,Burglary,05151,564
Initial,"Credit Application, Fraudulent",Fraud,II,Fraud,09340,563
Initial,"Public Nuisance, Committing",Disorderly Conduct,II,Disorderly Conduct,19010,553
Initial,"Cocaine, Possession For Sale",Drug Violation,II,Drug Offense,16622,549
Initial Supplement,"Assault, Aggravated, W/ Knife",Aggravated Assault,IS,Assault,04012,545
Initial,Probation Search,Other,II,Warrant,62071,544
Initial,Shooting into Inhabited Dwelling or Occupied Vehicle,Aggravated Assault,II,Assault,04081,540
Initial Supplement,"Assault, Aggravated, W/ Gun",Aggravated Assault,IS,Assault,04011,539
Initial Supplement,"Malicious Mischief, Breaking Windows",Vandalism,IS,Malicious Mischief,28100,538
Initial Supplement,"Burglary, Store, Forcible Entry",Burglary - Commercial,IS,Burglary,05051,538
Initial,Disturbing The Peace,Disorderly Conduct,II,Disorderly Conduct,19022,538
Initial,"Malicious Mischief, Adult Suspect",Vandalism,II,Malicious Mischief,28092,532
Initial,"Phone Calls, Threatening or Annoying",Disorderly Conduct,II,Disorderly Conduct,19050,523
Initial,"Access Card Information, Theft of",Fraud,II,Fraud,09164,520
Initial,"Stay Away Order Violation, DVU related",Other,II,Offences Against The Family And Children,15151,520
Initial,Loitering for Purpose of Prostitution,Prostitution,II,Prostitution,13075,501
Initial Supplement,"Burglary, Vehicle (Arrest made)",Theft From Vehicle,IS,Larceny Theft,05014,499
Initial,"Robbery, Chain Store, W/ Force",Robbery - Commercial,II,Robbery,03044,498
Initial,"Controlled Substance, Under the Influence of",Drug Violation,II,Drug Offense,16740,494
Initial Supplement,"Burglary, Apartment House, Unlawful Entry",Burglary - Residential,IS,Burglary,05013,494
Initial,"Forgery, Checks, Felony",Forgery And Counterfeiting,II,Forgery And Counterfeiting,09015,493
Initial,"Burglary, Store, Att. Forcible Entry",Burglary - Commercial,II,Burglary,05052,488
Initial,Indecent Exposure (Adult victim),Sex Offense,II,Sex Offense,14040,485
Initial Supplement,"Burglary, Other Bldg., Unlawful Entry",Burglary - Other,IS,Burglary,05073,481
Initial,"Assault, W/ Caustic Chemical to Injure or Disfigure",Aggravated Assault,II,Assault,04033,481
Initial,"Vehicle Registration, False Evidence of",Forgery And Counterfeiting,II,Forgery And Counterfeiting,07200,478
Initial Supplement,Trespassing,Trespass,IS,Other Miscellaneous,27195,476
Initial,"Malicious Mischief, Street Cars/Buses",Vandalism,II,Malicious Mischief,28140,476
Initial Supplement,"Vehicle, Stolen & Recovered",Motor Vehicle Theft,IS,Motor Vehicle Theft,07020,472
Initial,"Civil Sidewalks, Citation",Other,II,Civil Sidewalks,64002,470
Vehicle Supplement,"Vehicle, Stolen & Recovered",Motor Vehicle Theft,VS,Motor Vehicle Theft,07020,469
Initial,"Firearm, Discharging in Grossly Negligent Manner",Aggravated Assault,II,Assault,04083,465
Initial,"Checks or Legal Instruments, Uttering Forged",Forgery And Counterfeiting,II,Forgery And Counterfeiting,09016,464
Initial,"Burglary, Non-residential, Att. Forcible",Burglary - Other,II,Burglary,05152,462
Initial Supplement,Domestic Violence (secondary only),Other,IS,Offences Against The Family And Children,15200,454
Initial Supplement,"Theft, From Locked Vehicle, $200-$950",Larceny - From Vehicle,IS,Larceny Theft,06243,453
Initial Supplement,"Burglary, Residence, Unlawful Entry",Burglary - Residential,IS,Burglary,05043,446
Initial,Threat or Force to Resist Executive Officer,Intimidation,II,Other Miscellaneous,27171,445
Initial,"Defrauding Providers of Food, Fuel, Services, or Accommodations",Fraud,II,Other Miscellaneous,27010,441
Initial,"Sex Offender, Failure To Register for Sexual Assault of Adult",Sex Offense,II,Sex Offense,14020,439
Initial,"Burglary, Residence Under Constr, Unlawful Entry",Burglary - Residential,II,Burglary,05143,433
Initial Supplement,"Theft, Shoplifting, $200-$950",Larceny Theft - Shoplifting,IS,Larceny Theft,06363,430
Initial,Theft of Checks or Credit Cards,Larceny Theft - Other,II,Larceny Theft,06125,429
Initial,"Assault, Non-Aggravated, Att.",Simple Assault,II,Assault,04114,427
Initial Supplement,"Traffic Collision, Hit & Run, Property Damage",Traffic Collision - Hit & Run,IS,Traffic Collision,68060,420
Initial,"Assault, Aggravated, W/ Gun",Aggravated Assault,II,Assault,04092,416
Initial,"Methamphetamine, Sale",Drug Violation,II,Drug Offense,16654,415
Initial,Aided Case -Property for Destruction,Non-Criminal,II,Non-Criminal,51041,415
Initial,"Weapon, Prohibited, Possession, Sale, Mfg., Import",Weapons Offense,II,Weapons Carrying Etc,12120,410
Initial,Theft from Merchant or Library,Larceny Theft - Other,II,Larceny Theft,06394,406
Initial Supplement,"Burglary Tools, Possession Of",Other,IS,Other Miscellaneous,27130,402
Coplogic Supplement,"Malicious Mischief, Vandalism to Property",Vandalism,IS,Malicious Mischief,28150,401
Initial,"Vehicle, Stolen, Auto",Motor Vehicle Theft,II,Motor Vehicle Theft,07021,400
Vehicle Supplement,"Vehicle, Misplaced",Vehicle Misplaced,VS,Vehicle Misplaced,07054,397
Initial,"Checks, False, Making, Uttering or Possessing",Forgery And Counterfeiting,II,Forgery And Counterfeiting,09020,389
Initial,"Vehicle, Recovered, Auto",Recovered Vehicle,II,Recovered Vehicle,07041,389
Initial Supplement,"Burglary, Hot Prowl, Unlawful Entry",Burglary - Hot Prowl,IS,Burglary,05083,389
Initial,"Cocaine, Base/rock Offense",Drug Violation,II,Drug Offense,16621,381
Initial Supplement,"Burglary, Hot Prowl, Forcible Entry",Burglary - Hot Prowl,IS,Burglary,05081,376
Initial Supplement,"Burglary, Apartment House, Forcible Entry",Burglary - Residential,IS,Burglary,05011,376
Initial,Gang Related (secondary only),Other,II,Disorderly Conduct,19400,376
Initial,Stalking,Stalking,II,Offences Against The Family And Children,15201,374
Initial,"Theft, Vehicle Strip, $200-$950",Larceny - Auto Parts,II,Larceny Theft,06233,373
Initial Supplement,"Robbery, W/ Gun",Robbery - Other,IS,Robbery,03071,372
Initial Supplement,"Traffic Collision, Hit & Run, Injury",Traffic Collision - Hit & Run,IS,Traffic Collision,68069,369
Initial,Extortion or Blackmail,Extortion-Blackmail,II,Other Miscellaneous,26100,369
Initial Supplement,Violation of Restraining Order,Other,IS,Offences Against The Family And Children,15161,365
Initial,"Civil Sidewalks, Warning",Other,II,Civil Sidewalks,64001,365
Initial,Solicits For Act Of Prostitution,Prostitution,II,Prostitution,13060,360
Initial,Marijuana Offense,Drug Violation,II,Drug Offense,16010,360
Initial,"Disturbing The Peace, Fighting",Disorderly Conduct,II,Disorderly Conduct,19024,359
Initial,"Ammunition, Poss. By Prohibited Person",Weapons Offense,II,Weapons Carrying Etc,12173,357
Initial,"Vehicle, Stolen & Recovered",Motor Vehicle Theft,II,Motor Vehicle Theft,07020,353
Initial Supplement,"Weapon, Deadly, Imitation or Laser Scope, Exhibiting",Weapons Offense,IS,Weapons Offense,12030,350
Initial,"Burglary, Warehouse, Forcible Entry",Burglary - Commercial,II,Burglary,05061,347
Initial,"Controlled Substance, Sale",Drug Violation,II,Drug Offense,16664,347
Initial,"Theft, Trick And Device, Felony",Fraud,II,Fraud,10115,346
Vehicle Supplement,"Vehicle, Recovered, Stolen outside SF",Motor Vehicle Theft,VS,Motor Vehicle Theft,07055,346
Initial,Heroin Offense,Drug Violation,II,Drug Offense,16100,342
Initial,"Robbery, Comml. Establ., W/ Force",Robbery - Commercial,II,Robbery,03024,340
Initial,"Money, Property or Labor, Fraudulently Obtaining",Stolen Property,II,Stolen Property,09031,340
Initial,"Robbery, Att., Street or Public Place, W/ Force",Robbery - Street,II,Robbery,03414,340
Initial,Municipal Police Code Violation (general),Other,II,Other Offenses,30190,338
Initial,"Checks, Blank or Forged, Fraudulent Possession",Forgery And Counterfeiting,II,Forgery And Counterfeiting,09150,329
Initial,"Warrant Arrest, Enroute To Probation",Warrant,II,Warrant,62040,325
Initial Supplement,Methamphetamine Offense,Drug Violation,IS,Drug Offense,16650,324
Initial,Suspicious Person,Suspicious Occ,II,Suspicious Occ,64080,320
Coplogic Initial,"Theft, Bicycle, >$950",Larceny Theft - Bicycle,II,Larceny Theft,06314,320
Initial,"Theft, Pickpocket, <$50",Larceny Theft - Pickpocket,II,Larceny Theft,06111,319
Initial,"Traffic Collision, Hit & Run, Property Damage",Traffic Collision - Hit & Run,II,Traffic Collision,68060,319
Initial,"Robbery, Street or Public Place, W/ Other Weapon",Robbery - Street,II,Robbery,03013,319
Coplogic Initial,"Theft, Bicycle, $200-$950",Larceny Theft - Bicycle,II,Larceny Theft,06313,316
Initial,Forgery & Counterfeiting (general),Forgery And Counterfeiting,II,Forgery And Counterfeiting,09262,316
Initial,"Burglary, Other Bldg. Under Constr., Forcible Entry",Burglary - Other,II,Burglary,05171,315
Initial,"Warrant Arrest, Enroute To US Marshall",Warrant,II,Warrant,62010,311
Initial,"Burglary, Hotel Room, Unlawful Entry",Burglary - Residential,II,Burglary,05033,304
Initial,Suspicious Vehicle,Suspicious Occ,II,Suspicious Occ,64065,304
Initial Supplement,"Controlled Substance, Under the Influence of",Drug Violation,IS,Drug Offense,16740,296
Initial,Cocaine Offense,Drug Violation,II,Drug Offense,16620,294
Initial,"Theft, Shoplifting, Att.",Larceny Theft - Shoplifting,II,Larceny Theft,06360,292
Initial Supplement,False Personation,Fraud,IS,Fraud,09027,292
Initial,"Marijuana, Possession For Sale",Drug Violation,II,Drug Offense,16030,289
Initial Supplement,Aided Case,Non-Criminal,IS,Non-Criminal,51040,288
Initial Supplement,"Robbery, Street or Public Place, W/ Force",Robbery - Street,IS,Robbery,03014,287
Initial,"Phone Calls, Threatening",Intimidation,II,Disorderly Conduct,19055,287
Initial Supplement,Battery with Serious Injuries,Simple Assault,IS,Assault,04136,283
Initial,"EPO or Restraining Order Violation, DVU related",Other,II,Offences Against The Family And Children,15150,280
Initial,"Burglary, Other Bldg. Under Constr., Unlawful Entry",Burglary - Other,II,Burglary,05173,277
Initial,Embezzlement from Dependent or Elder Adult by Caretaker,Larceny Theft - Other,II,Larceny Theft,06381,273
Initial,Unusual Occurrence,Suspicious Occ,II,Other Miscellaneous,64090,272
Initial Supplement,"Firearm, Possession of Loaded",Weapons Offense,IS,Weapons Carrying Etc,12100,271
Initial Supplement,Fraudulent Use Of Automated Teller Card,Fraud,IS,Fraud,09250,269
Initial,"Firearm, Armed While Possessing Controlled Substance",Drug Violation,II,Drug Violation,16780,268
Initial Supplement,"Battery, former Spouse or Dating Relationship",Simple Assault,IS,Assault,04138,266
Initial Supplement,"Driving, No License Issued",Other,IS,Other Miscellaneous,65015,266
Vehicle Supplement,"License Plate, Stolen",Theft From Vehicle,VS,Larceny Theft,71013,265
Initial Supplement,Lost Property,Lost Property,IS,Lost Property,71000,265
Initial,"Vandalism or Graffiti Tools, Possession",Vandalism,II,Malicious Mischief,28166,265
Initial,"Driving, Stunt Vehicle/Street Racing",,II,,65021,264
Initial,"Firearm, Discharging at Unoccupied Bldg, Vehicle or Aircraft",Aggravated Assault,II,Assault,04084,261
Initial Supplement,"Theft, Other Property, >$950",Larceny Theft - Other,IS,Larceny Theft,06374,255
Initial Supplement,"Shoplifting, Force against Agent",Robbery - Commercial,IS,Robbery,03401,253
Initial Supplement,"Methamphetamine, Possession For Sale",Drug Violation,IS,Drug Offense,16652,252
Initial Supplement,"Assault, Att. Homicide, W/ Gun",Aggravated Assault,IS,Assault,04021,252
Initial Supplement,"Firearm, Loaded, in Vehicle, Possession or Use",Weapons Offense,IS,Weapons Carrying Etc,12168,251
Initial,State Code Felony (general),Other,II,Other Miscellaneous,26200,249
Vehicle Initial,"Vehicle, Embezzled",Embezzlement,VI,Embezzlement,07052,248
Coplogic Supplement,"Phone Calls, Harassing",Other,IS,Malicious Mischief,28135,247
Initial,"Robbery, Street or Public Place, W/ Knife",Robbery - Street,II,Robbery,03012,246
Initial,"Opiates, Sale",Drug Violation,II,Drug Offense,16230,246
Initial Supplement,Restraining Order Notification/Service of Restraining Order,Other,IS,Offences Against The Family And Children,15155,245
Initial,"Embezzlement, Grand Theft By Employee",Embezzlement,II,Embezzlement,10045,244
Initial Supplement,"Burglary, Non-residential, Unlawful Entry",Burglary - Other,IS,Burglary,05153,243
Initial Supplement,"Theft, From Person, >$950 (other than Pickpocket)",Larceny Theft - Other,IS,Larceny Theft,06154,243
Initial,"Theft, Vehicle Strip, Attempted",Larceny - Auto Parts,II,Larceny Theft,06230,243
Initial,ATM-related Crime (secondary code only),Other,II,Offences Against The Family And Children,15400,243
Initial,"Burglary, Flat, Unlawful Entry",Burglary - Residential,II,Burglary,05023,242
Initial,"Robbery, Att., W/ Gun",Robbery - Other,II,Robbery,03471,241
Initial,Kidnapping (Adult victim),Kidnapping,II,Other Miscellaneous,26141,239
Initial Supplement,"Stay Away or Court Order, Non-DV Related",Non-Criminal,IS,Non-Criminal,71024,236
Initial,Looting during State of Emergency,Larceny Theft - Other,II,Larceny Theft,06383,236
Vehicle Supplement,"License Plate, Found",Other Offenses,VS,Other Offenses,71011,230
Initial,"Robbery, Chain Store, W/ Other Weapon",Robbery - Commercial,II,Robbery,03043,229
Initial,"Animal, Cruelty to",Other,II,Malicious Mischief,28010,229
Initial,"Arson, Inhabited Dwelling",Arson,II,Arson,26036,226
Coplogic Supplement,"Access Card, incl. Credit, Phone, ATM, Fraudulent Use of",Fraud,IS,Fraud,09320,224
Initial,"Assault, Att. Homicide, W/ Gun",Aggravated Assault,II,Assault,04021,223
Vehicle Initial,"License Plate, Lost",Other Offenses,VI,Other Offenses,71010,221
Initial,"License Plate, Found",Other Offenses,II,Other Offenses,71011,219
Initial,"Suspicious Occurrence, possible Shots Fired",Suspicious Occ,II,Suspicious Occ,64072,219
Initial,"License Plate or Tab, Theft of",Larceny Theft - Other,II,Larceny Theft,06246,212
Initial Supplement,"Firearm, Discharging Within City Limits",Weapons Offense,IS,Weapons Offense,12027,212
Initial,"Checks, Money Orders, Completed, Fraudulent Possession",Fraud,II,Fraud,09040,210
Initial,Counterfeit Money or Coins,Forgery And Counterfeiting,II,Forgery And Counterfeiting,10149,210
Initial Supplement,"Theft, From Building, $200-$950",Larceny Theft - From Building,IS,Larceny Theft,06303,210
Coplogic Supplement,"Theft, From Locked Vehicle, Att.",Larceny - From Vehicle,IS,Larceny Theft,06240,208
Initial,Evading a Police Vehicle or Bicycle,Other,II,Other Miscellaneous,27177,208
Initial Supplement,"Cocaine, Base/rock, Possession For Sale",Drug Violation,IS,Drug Offense,16623,208
Initial Supplement,"Vehicle, Impounded",Vehicle Impounded,IS,Vehicle Impounded,07053,207
Initial Supplement,"Warrant Arrest, Enroute To Adult Authority",Warrant,IS,Warrant,62060,206
Initial,"Assault, Aggravated, On Police Off., W/ Other Weapon",Aggravated Assault,II,Assault,04073,206
Initial Supplement,"Driving, License Suspended or Revoked",Other,IS,Other Miscellaneous,65016,204
Initial,Driving While Under The Influence Of Drugs,Liquor Law Violation,II,Other Miscellaneous,65060,203
Initial,Bomb Threat or False Report of Bomb,Other,II,Other Miscellaneous,26105,202
Initial Supplement,Courtesy Report,Courtesy Report,IS,Courtesy Report,68030,201
Initial Supplement,Shooting into Inhabited Dwelling or Occupied Vehicle,Aggravated Assault,IS,Assault,04081,200
Initial,Case Closure,Case Closure,II,Case Closure,75030,198
Vehicle Initial,"Vehicle, Recovered, Truck",Recovered Vehicle,VI,Recovered Vehicle,07045,198
Initial,"Alcohol, Consuming In Public View",Other,II,Other Offenses,30155,196
Initial,"Vehicle, Recovered, Stolen outside SF",Motor Vehicle Theft,II,Motor Vehicle Theft,07055,195
Initial Supplement,"Vehicle, Recovered, Stolen outside SF",Motor Vehicle Theft,IS,Motor Vehicle Theft,07055,194
Initial Supplement,"Robbery, Street or Public Place, W/ Gun",Robbery - Street,IS,Robbery,03011,190
Initial,"Theft, From Building, Att.",Larceny Theft - From Building,II,Larceny Theft,06300,189
Initial Supplement,Driving While Under The Influence Of Drugs,Liquor Law Violation,IS,Other Miscellaneous,65060,189
Initial Supplement,"Driving While Under The Influence Of Alcohol, w/Injury",Liquor Law Violation,IS,Other Miscellaneous,65056,187
Initial,"Access Card, Possession of Lost or Stolen, with Intent to Use, Transfer, or Sell",Fraud,II,Fraud,09310,183
Vehicle Initial,Carjacking with a Gun,Robbery - Carjacking,VI,Robbery,03081,182
Initial,"Theft, False Pretenses, Misd.",Fraud,II,Fraud,10120,181
Initial Supplement,"Assault, Aggravated, W/ Gun",Aggravated Assault,IS,Assault,04092,181
Initial,"Computer System, Accessing, Copying, or Damaging",Fraud,II,Fraud,09264,177
Initial,False Imprisonment,Kidnapping,II,Other Miscellaneous,26142,177
Initial Supplement,"Parole Violation, Adult",Other,IS,Other Miscellaneous,26150,175
Initial,State Code Misdemeanor (general),Other,II,Other Miscellaneous,27300,172
Initial,"Traffic Collision, Hit & Run, Injury",Traffic Collision - Hit & Run,II,Traffic Collision,68069,172
Initial Supplement,"Theft, False Pretenses, Felony",Fraud,IS,Fraud,10125,170
Initial,"Robbery, Att., W/ Knife",Robbery - Other,II,Robbery,03472,169
Initial,"Extortion, Attempted",Extortion-Blackmail,II,Other Miscellaneous,26040,168
Initial Supplement,Arson,Arson,IS,Arson,26030,167
Initial,"Burglary, Flat, Forcible Entry",Burglary - Residential,II,Burglary,05021,166
Initial Supplement,"Theft, From Unlocked Vehicle, >$950",Larceny - From Vehicle,IS,Larceny Theft,06224,166
Initial Supplement,"Theft, Shoplifting, $50-$200",Larceny Theft - Shoplifting,IS,Larceny Theft,06362,164
Initial,"Assault, Att. Homicide, W/ Knife",Aggravated Assault,II,Assault,04022,162
Initial,"Malicious Mischief, Breaking Windows With BB Gun",Vandalism,II,Malicious Mischief,28110,161
Initial Supplement,"Opiates, Possession For Sale",Drug Violation,IS,Drug Offense,16220,161
Initial,"Driving, Speeding",Other,II,Other Miscellaneous,65030,160
Initial Supplement,"Vehicle, Recovered, Truck",Recovered Vehicle,IS,Recovered Vehicle,07045,160
Initial Supplement,False Imprisonment,Simple Assault,IS,Assault,04170,160
Initial,False Report of Emergency,Other,II,Other Miscellaneous,27068,159
Vehicle Initial,"Vehicle, Stolen, Mobile Home or House Trailer",Motor Vehicle Theft,VI,Motor Vehicle Theft,07024,159
Initial,"Fire Alarm, False",Other,II,Malicious Mischief,28080,157
Initial,Theft of Animals (general),Larceny Theft - Other,II,Larceny Theft,06400,157
Initial,"Vehicle, Stolen, Other Vehicle",Motor Vehicle Theft,II,Motor Vehicle Theft,07026,157
Initial,"Public Health Order Violation, Notification",,II,,27400,156
Initial,"Robbery, Att., W/ Other Weapon",Robbery - Other,II,Robbery,03473,156
Initial,"Sex Offender Failure to Register, Annual Violation",,II,,14021,154
Initial,"Air Gun, Possession",Other,II,Other Offenses,30140,153
Initial,Property for Identification,Non-Criminal,II,Non-Criminal,73000,153
Initial,"Injuring Phone, Cable TV, or Other Line",Other,II,Other Miscellaneous,26120,151
Vehicle Supplement,"Vehicle, Stolen, Motorcycle",Motor Vehicle Theft,VS,Motor Vehicle Theft,07023,150
Initial Supplement,Carjacking with a Gun,Robbery - Carjacking,IS,Robbery,03081,148
Initial,"Dissuading Witness, Victim",Other,II,Other Miscellaneous,26063,148
Initial,"Obstructions On Streets, Sidewalks",Other,II,Other Offenses,30080,148
Initial Supplement,"Death Report, Cause Unknown",Other,IS,Other,61030,148
Initial,"Assault, Aggravated, On Police Officer, W/ Force",Aggravated Assault,II,Assault,04074,147
Initial Supplement,"Heroin, Possession For Sale",Drug Violation,IS,Drug Offense,16110,147
Coplogic Initial,"Theft, Lost Property, Petty",Larceny Theft - Other,II,Larceny Theft,27090,147
Initial,Violation of Emergency Protective Order,Other,II,Offences Against The Family And Children,15160,146
Initial,"Burglary Tools, Possession Of w/prior",Other,II,Other Miscellaneous,27131,145
Initial,"Heroin, Sales",Drug Violation,II,Drug Offense,16120,144
Initial,Cryptocurrency Related Crime (secondary code only),,II,,15410,144
Initial,"Robbery, Chain Store, W/ Knife",Robbery - Commercial,II,Robbery,03042,144
Initial Supplement,"Checks or Legal Instruments, Uttering Forged",Forgery And Counterfeiting,IS,Forgery And Counterfeiting,09016,142
Initial,"Firearm, Discharging at Occupied Bldg, Vehicle, or Aircraft",Aggravated Assault,II,Assault,04082,141
Initial,Park Code Violation (general),Other,II,Other Offenses,30210,141
Initial,"Theft, Grand, of Firearm",Larceny Theft - Other,II,Larceny Theft,06386,141
Initial Supplement,"Theft, Bicycle, >$950",Larceny Theft - Bicycle,IS,Larceny Theft,06314,140
Initial,"Disturbing The Peace, Swearing",Disorderly Conduct,II,Disorderly Conduct,19028,140
Initial,"Theft, Petty, with Prior Conviction",Larceny Theft - Other,II,Larceny Theft,06365,139
Initial,"Burglary, Safe,  Store",Burglary - Commercial,II,Burglary,05251,139
Initial,"Weapon, Tear Gas, Possession by Prohibited Persons",Weapons Offense,II,Weapons Carrying Etc,12130,138
Initial Supplement,"Vehicle, Recovered, Motorcycle",Recovered Vehicle,IS,Recovered Vehicle,07043,137
Initial,Parole Search,Other,II,Warrant,62070,136
Initial Supplement,"Theft, From Locked Vehicle, $50-$200",Larceny - From Vehicle,IS,Larceny Theft,06242,136
Initial,"Arson, Commercial Building",Arson,II,Arson,26032,135
Initial,"Embezzlement, Grand Theft",Embezzlement,II,Embezzlement,10015,134
Initial,Carjacking with a Gun,Robbery - Carjacking,II,Robbery,03081,131
Initial Supplement,"Warrant Arrest, Enroute To US Marshall",Warrant,IS,Warrant,62010,130
Initial,Carjacking with Bodily Force,Robbery - Carjacking,II,Robbery,03084,130
Initial,Embezzlement (general),Embezzlement,II,Embezzlement,10090,128
Initial Supplement,"Weapon, Carrying Concealed",Weapons Offense,IS,Weapons Offense,12015,128
Initial,"Theft, From Unlocked Vehicle, Att.",Larceny - From Vehicle,II,Larceny Theft,06220,128
Vehicle Initial,Carjacking with Bodily Force,Robbery - Carjacking,VI,Robbery,03084,127
Initial Supplement,"Assault, Att. Homicide, W/ Knife",Aggravated Assault,IS,Assault,04022,125
Initial,"Weapon, Carrying Concealed with Felony or Narcotics Conviction",Weapons Offense,II,Weapons Offense,12010,125
Initial Supplement,"Theft, From Building, $50-$200",Larceny Theft - From Building,IS,Larceny Theft,06302,123
Initial,"Disturbing The Peace, Commotion",Disorderly Conduct,II,Disorderly Conduct,19020,123
Initial Supplement,"Theft, Other Property, $200-$950",Larceny Theft - Other,IS,Larceny Theft,06373,122
Initial,Suspicious Package,Suspicious Package,II,Suspicious,12008,122
Vehicle Supplement,"Vehicle, Stolen, Truck",Motor Vehicle Theft,VS,Motor Vehicle Theft,07025,121
Initial,"School Property, Disturbance on",Disorderly Conduct,II,Disorderly Conduct,19081,120
Initial,Impersonating A Police Officer,Other,II,Other Miscellaneous,27070,120
Initial,"Vehicle, Throwing Substance At",Other,II,Other Miscellaneous,65070,118
Initial Supplement,Carjacking with Bodily Force,Robbery - Carjacking,IS,Robbery,03084,118
Initial,"Theft of Other Property, Att.",Larceny Theft - Other,II,Larceny Theft,06370,117
Initial,"Robbery, Residence, W/ Gun",Robbery - Commercial,II,Robbery,03051,116
Initial,"Robbery, Att., Street or Public Place, W/ Gun",Robbery - Street,II,Robbery,03411,116
Initial Supplement,"Dog, Bite or Attack",Other,IS,Non-Criminal,64010,115
Initial Supplement,"Ammunition, Poss. By Prohibited Person",Weapons Offense,IS,Weapons Carrying Etc,12173,115
Initial,"Theft, Vehicle Strip, $50-$200",Larceny - Auto Parts,II,Larceny Theft,06232,112
Initial Supplement,"Controlled Substance, Possession For Sale",Drug Violation,IS,Drug Offense,16662,112
Initial,"Identification Card or Drivers License, Falsify or Display",Forgery And Counterfeiting,II,Forgery And Counterfeiting,09120,112
Initial Supplement,Hate Crime (secondary only),Other,IS,Offences Against The Family And Children,15300,111
Initial Supplement,Counterfeit Money or Coins,Forgery And Counterfeiting,IS,Forgery And Counterfeiting,10149,111
Initial Supplement,"Firearm, Discharging in Grossly Negligent Manner",Aggravated Assault,IS,Assault,04083,111
Vehicle Supplement,"Vehicle, Recovered, Mobile Home or House Trailer",Recovered Vehicle,VS,Recovered Vehicle,07044,110
Initial,"Resisting Peace Officer, causing Their Serious Injury or Death",Intimidation,II,Other Miscellaneous,27172,110
Initial,"Theft, Bicycle, $50-$200",Larceny Theft - Bicycle,II,Larceny Theft,06312,110
Initial,"Fire, Unlawfully Causing",Arson,II,Arson,26039,109
Initial,"Robbery, Comml. Establ., W/ Gun",Robbery - Commercial,II,Robbery,03021,109
Initial Supplement,"Forgery, Checks, Felony",Forgery And Counterfeiting,IS,Forgery And Counterfeiting,09015,108
Initial,Damage To Mail Box,Vandalism,II,Malicious Mischief,28030,108
Initial Supplement,"Assault, Aggravated, On Police Off., W/ Other Weapon",Aggravated Assault,IS,Assault,04073,107
Initial Supplement,"Phone Calls, Harassing",Other,IS,Malicious Mischief,28135,107
Initial,"Weapon, Assault, Possession, Manufacture, or Sale",Weapons Offense,II,Weapons Carrying Etc,12171,107
Initial,"Burglary, Warehouse, Unlawful Entry",Burglary - Commercial,II,Burglary,05063,107
Initial Supplement,"Battery, Of A Police Officer",Simple Assault,IS,Assault,04154,106
Initial,Vandalism or Graffiti on or within 100 ft of Highway,Vandalism,II,Malicious Mischief,28164,105
Initial,"Arson, Attempted",Arson,II,Arson,26029,104
Initial Supplement,"Theft, From Locked Vehicle, <$50",Larceny - From Vehicle,IS,Larceny Theft,06241,104
Initial Supplement,"Theft, From Building, <$50",Larceny Theft - From Building,IS,Larceny Theft,06301,104
Vehicle Supplement,Carjacking with a Gun,Robbery - Carjacking,VS,Robbery,03081,103
Initial,"Burglary, Warehouse, Att. Forcible Entry",Burglary - Commercial,II,Burglary,05062,103
Initial Supplement,"Theft, Other Property, $50-$200",Larceny Theft - Other,IS,Larceny Theft,06372,103
Initial,"Driving While Under The Influence Of Alcohol, w/Injury",Liquor Law Violation,II,Other Miscellaneous,65056,103
Vehicle Initial,"Vehicle, Rental, Failure to Return",Embezzlement,VI,Embezzlement,07056,102
Vehicle Initial,"Vehicle, Recovered, Motorcycle",Recovered Vehicle,VI,Recovered Vehicle,07043,102
Initial,"Theft, Trick & Device, Misd.",Fraud,II,Fraud,10110,102
Initial,"Firearm, Carrying Loaded with Intent to Commit Felony",Weapons Offense,II,Weapons Carrying Etc,12166,101
Vehicle Supplement,"Stolen Property, Possession with Knowledge, Receiving",Stolen Property,VS,Stolen Property,11012,101
Initial Supplement,Suspicious Act Towards Female,Suspicious Occ,IS,Suspicious Occ,64060,99
Initial Supplement,"Vehicle, Stolen, Truck",Motor Vehicle Theft,IS,Motor Vehicle Theft,07025,99
Initial,"Flammable or Explosive Device, Possession",Other,II,Other Miscellaneous,26028,99
Initial,"Firearm, Discharging At An Inhabited Dwelling",Aggravated Assault,II,Assault,12026,98
Initial,Human Trafficking (A)-Commercial Sex Acts,"Human Trafficking, Commercial Sex Acts",II,"Human Trafficking (A), Commercial Sex Acts",13045,98
Initial Supplement,Probation Search,Other,IS,Warrant,62071,97
Initial,"Checks, Making or Uttering with Insufficient Funds",Fraud,II,Fraud,09030,97
Initial Supplement,"License Plate, Stolen",Theft From Vehicle,IS,Larceny Theft,71013,96
Initial Supplement,Gang Related (secondary only),Other,IS,Disorderly Conduct,19400,95
Initial,"Counterfeit Coins Or Notes, Possessing or Receiving",Forgery And Counterfeiting,II,Forgery And Counterfeiting,09215,94
Initial,"Burglary, Apt Under Constr., Forcible Entry",Burglary - Residential,II,Burglary,05111,94
Initial Supplement,"Theft, From Person, $200-$950 (other than Pickpocket)",Larceny Theft - Other,IS,Larceny Theft,06153,94
Initial Supplement,Violation of Stay Away Order,Other,IS,Offences Against The Family And Children,15162,94
Initial Supplement,"Manslaughter, Vehicular",Manslaughter,IS,Homicide,01160,93
Initial Supplement,"Robbery, W/ Other Weapon",Robbery - Other,IS,Robbery,03073,93
Initial Supplement,"Vehicle, Stolen, Motorcycle",Motor Vehicle Theft,IS,Motor Vehicle Theft,07023,92
Initial Supplement,"Robbery, Att., W/ Force",Robbery - Other,IS,Robbery,03474,91
Initial Supplement,"Robbery, Chain Store, W/ Force",Robbery - Commercial,IS,Robbery,03044,90
Initial,"Burglary, Apt Under Constr., Unlawful Entry",Burglary - Residential,II,Burglary,05113,90
Initial Supplement,"Theft, Vehicle Strip, >$950",Larceny - Auto Parts,IS,Larceny Theft,06234,89
Initial Supplement,"Firearm, Discharging at Occupied Bldg, Vehicle, or Aircraft",Aggravated Assault,IS,Assault,04082,89
Initial Supplement,Threat or Force to Resist Executive Officer,Intimidation,IS,Other Miscellaneous,27171,88
Initial,"Robbery, Residence, W/ Force",Robbery - Commercial,II,Robbery,03054,88
Initial Supplement,"Robbery, W/ Knife",Robbery - Other,IS,Robbery,03072,88
Initial Supplement,"Vehicle, Tampering",Vandalism,IS,Vandalism,07100,87
Initial,Suicide By Strangulation/Hanging,Suicide,II,Suicide,60190,87
Initial,"Robbery, Att., Chain Store, W/ Force",Robbery - Commercial,II,Robbery,03444,87
Initial,"Theft, Bicycle, Att.",Larceny Theft - Bicycle,II,Larceny Theft,06310,87
Initial Supplement,"Burglary, Residence, Att. Forcible Entry",Burglary - Residential,IS,Burglary,05042,86
Initial,"Robbery, Comml. Establ. W/ Weapon",Robbery - Commercial,II,Robbery,03023,86
Initial Supplement,"Firearm, Turned In by Public",Non-Criminal,IS,Non-Criminal,73010,86
Initial Supplement,Looting during State of Emergency,Larceny Theft - Other,IS,Larceny Theft,06383,85
Initial,"Suicide, Attempted",Suicide,II,Suicide,60010,85
Initial,"Robbery, Chain Store, W/ Gun",Robbery - Commercial,II,Robbery,03041,84
Initial Supplement,Property for Identification,Non-Criminal,IS,Non-Criminal,73000,83
Initial Supplement,"Driving, Reckless",Other,IS,Other Miscellaneous,65020,83
Initial,"Controlled Substance Violation, Loitering for",Drug Violation,II,Drug Offense,16645,83
Initial,"License Plate, Recovered",Other Offenses,II,Other Offenses,71012,83
Initial,"Sex Offender Failure to Register, Transient Violation",,II,,14022,82
Initial,Firearm with Altered Identification,Weapons Offense,II,Other Miscellaneous,27122,82
Initial,"False Claims, Presenting to Government",Fraud,II,Fraud,09173,82
Initial Supplement,"Theft, Shoplifting, <$50",Larceny Theft - Shoplifting,IS,Larceny Theft,06361,82
Initial,"Robbery, Comml. Establ. W/ A Knife",Robbery - Commercial,II,Robbery,03022,82
Initial Supplement,"License Plate, Recovered",Other Offenses,IS,Other Offenses,71012,81
Initial Supplement,"Battery, Sexual",Simple Assault,IS,Assault,04144,81
Initial Supplement,"Stay Away Order Violation, DVU related",Other,IS,Offences Against The Family And Children,15151,81
Initial Supplement,Fire Report,Fire Report,IS,Fire Report,68000,81
Initial,"Hallucinogenic,  Possession For Sale",Drug Violation,II,Drug Offense,16420,80
Initial Supplement,"Drugs, Under Influence  in a Public Place",Drug Violation,IS,Disorderly Conduct,19095,79
Initial,"Aided Case, Sick Person",Other,II,Non-Criminal,64030,79
Initial,Peddling Without A License,Other,II,Other Offenses,30130,77
Initial,"Weapon, Deadly, Carrying with Intent to Commit Assault",Weapons Offense,II,Weapons Carrying Etc,12167,77
Initial,Loitering Without Lawful Business With Owner or Occupant,Loitering,II,Other Miscellaneous,27198,77
Initial Supplement,"Theft, Other Property, <$50",Larceny Theft - Other,IS,Larceny Theft,06371,76
Initial Supplement,"Theft, From Unlocked Vehicle, $200-$950",Larceny - From Vehicle,IS,Larceny Theft,06223,76
Initial Supplement,False Personation and Cheat Crimes (general),Fraud,IS,Fraud,09026,76
Initial Supplement,"Access Card Information, Theft of",Fraud,IS,Fraud,09164,76
Initial,"Burglary, Flat, Att. Forcible Entry",Burglary - Residential,II,Burglary,05022,76
Initial Supplement,"Vehicle, Stolen, Other Vehicle",Motor Vehicle Theft,IS,Motor Vehicle Theft,07026,76
Initial,Federal Law Violation (general),Other,II,Other Offenses,31000,76
Initial Supplement,"Malicious Mischief, Graffiti, Real or Personal Property",Vandalism,IS,Malicious Mischief,28165,75
Initial Supplement,"Driving, Stunt Vehicle/Street Racing",,IS,,65021,74
Initial,"Burglary, Safe, Other",Burglary - Other,II,Burglary,05271,74
Initial,"Robbery, Att., Street or Public Place, W/ Other Weapon",Robbery - Street,II,Robbery,03413,73
Initial Supplement,"Firearm, Armed While Possessing Controlled Substance",Drug Violation,IS,Drug Violation,16780,73
Vehicle Initial,"Stolen Property, Possession with Knowledge, Receiving",Stolen Property,VI,Stolen Property,11012,73
Initial Supplement,Controlled Substance Offense,Drug Violation,IS,Drug Offense,16660,73
Initial Supplement,Stalking,Stalking,IS,Offences Against The Family And Children,15201,73
Initial,"Weapon, Deadly, Possession W/ Intent To Assault",Weapons Offense,II,Weapons Offense,12060,73
Initial Supplement,"Checks, Blank or Forged, Fraudulent Possession",Forgery And Counterfeiting,IS,Forgery And Counterfeiting,09150,72
Initial Supplement,"Burglary, Hot Prowl, Att. Forcible Entry",Burglary - Hot Prowl,IS,Burglary,05082,72
Initial,Defrauding Gas Station/Taxi Driver,Other,II,Other Offenses,30030,72
Initial Supplement,"Warrant Arrest, Enroute To Parole",Warrant,IS,Warrant,62030,72
Initial Supplement,"Identification To Peace Officer, False",Fraud,IS,Other Miscellaneous,27065,72
Initial,"Alcohol, License Required To Sell",Liquor Law Violation,II,Liquor Laws,17020,72
Initial Supplement,Arson of Vehicle,Arson,IS,Arson,26031,71
Initial,"Robbery,  ATM, Force.",Robbery - Other,II,Robbery,03094,71
Initial,"Embezzlement, Petty Theft By Employee",Embezzlement,II,Embezzlement,10040,71
Initial Supplement,"Theft, Lost Property, Petty",Larceny Theft - Other,IS,Larceny Theft,27090,71
Initial Supplement,"Robbery, Att., Street or Public Place, W/ Force",Robbery - Street,IS,Robbery,03414,70
Initial Supplement,"Checks, False, Making, Uttering or Possessing",Forgery And Counterfeiting,IS,Forgery And Counterfeiting,09020,70
Initial Supplement,Incident On School Grounds,Other,IS,Disorderly Conduct,19089,70
Initial,"Rape, Forcible, W/ Force",Rape,II,Rape,02004,69
Initial Supplement,"Burglary, Other Bldg., Att. Forcible Entry",Burglary - Other,IS,Burglary,05072,69
Initial Supplement,"Credit Application, Fraudulent",Fraud,IS,Fraud,09340,69
Initial,"Robbery, Att., Comm. Establ., W/ Force",Robbery - Commercial,II,Robbery,03424,69
Vehicle Initial,"Theft, Bicycle, >$950",Larceny Theft - Bicycle,VI,Larceny Theft,06314,68
Initial,"Public Transit, Acts Against",Other,II,Other Offenses,30180,68
Initial,Discharging Offensive or Injurious Substance in Public Area,Other Offenses,II,Other Offenses,68055,68
Initial,Post Release Community Supervision,Other,II,Warrant,62072,68
Initial,"License Plate, Stolen",Theft From Vehicle,II,Larceny Theft,71013,68
Initial Supplement,"Theft, Trick And Device, Felony",Fraud,IS,Fraud,10115,68
Initial,"Theft, From Person, Att. (other than Pickpocket)",Larceny Theft - Other,II,Larceny Theft,06150,68
Initial Supplement,"Robbery, Comml. Establ., W/ Force",Robbery - Commercial,IS,Robbery,03024,67
Initial,"Hallucinogenic, Sale",Drug Violation,II,Drug Offense,16430,67
Initial Supplement,"Robbery, Comml. Establ., W/ Gun",Robbery - Commercial,IS,Robbery,03021,67
Coplogic Initial,Forgery & Counterfeiting (general),Forgery And Counterfeiting,II,Forgery And Counterfeiting,09262,67
Coplogic Initial,"Theft, Shoplifting, >$950",Larceny Theft - Shoplifting,II,Larceny Theft,06364,66
Initial,"Assault, Att. Homicide, W/ Other Weapon",Aggravated Assault,II,Assault,04023,66
Initial,"Burglary, Residence Under Constr, Att. Forcible",Burglary - Residential,II,Burglary,05142,66
Initial Supplement,Forgery & Counterfeiting (general),Forgery And Counterfeiting,IS,Forgery And Counterfeiting,09262,65
Initial,"Burglary, Vehicle, Att. (Arrest made)",Theft From Vehicle,II,Larceny Theft,05015,65
Initial,"Switchblade Knife, Possession",Weapons Offense,II,Weapons Carrying Etc,12164,65
Initial,"Theft, Purse Snatch, $200-$950",Larceny Theft - Purse Snatch,II,Larceny Theft,06133,64
Initial,Theft of Utility Services,Larceny Theft - Other,II,Larceny Theft,06396,64
Initial,"Fireworks, Exploding",Other,II,Other Miscellaneous,27145,63
Initial Supplement,"Theft, Lost Property, Grand",Larceny Theft - Other,IS,Larceny Theft,26145,63
Initial Supplement,"Burglary, Store, Att. Forcible Entry",Burglary - Commercial,IS,Burglary,05052,63
Initial,"Robbery, Att., Street or Public Place, W/ Knife",Robbery - Street,II,Robbery,03412,62
Initial,Kidnapping during Robbery,Kidnapping,II,Other Miscellaneous,26148,62
Coplogic Initial,"Access Card or Signature, Forgery of",Forgery And Counterfeiting,II,Forgery And Counterfeiting,09110,62
Initial,Engaging In Lewd Act,Disorderly Conduct,II,Disorderly Conduct,13115,61
Initial Supplement,Municipal Code Violation (general),Other,IS,Other Offenses,30200,61
Initial,Soliciting or Engaging In Lewd Conduct,Prostitution,II,Prostitution,13111,61
Initial Supplement,"Burglary, Residence Under Constr, Forcible Entry",Burglary - Residential,IS,Burglary,05141,60
Initial Supplement,"Firearm, Discharging at Unoccupied Bldg, Vehicle or Aircraft",Aggravated Assault,IS,Assault,04084,60
Initial,"Methadone, Possession For Sale",Drug Violation,II,Drug Offense,16632,60
Initial Supplement,"Weapon, Prohibited, Possession, Sale, Mfg., Import",Weapons Offense,IS,Weapons Carrying Etc,12120,60
Initial,"Burglary, Hotel Room, Forcible Entry",Burglary - Residential,II,Burglary,05031,60
Initial,"Vehicle, Stolen, Motorcycle",Motor Vehicle Theft,II,Motor Vehicle Theft,07023,59
Vehicle Supplement,Carjacking with Bodily Force,Robbery - Carjacking,VS,Robbery,03084,59
Initial Supplement,Theft of Checks or Credit Cards,Larceny Theft - Other,IS,Larceny Theft,06125,58
Initial Supplement,"Theft, Petty, with Prior Conviction",Larceny Theft - Other,IS,Larceny Theft,06365,58
Initial,"Driving, Failure To Heed Red Light And Siren",Other,II,Other Miscellaneous,65040,58
Initial Supplement,"Robbery, Residence, W/ Gun",Robbery - Commercial,IS,Robbery,03051,58
Initial,"Checks, Theft/Non-sufficient Funds, Felony",Bad Checks,II,Fraud,09035,58
Initial Supplement,Kidnapping (Adult victim),Kidnapping,IS,Other Miscellaneous,26141,58
Initial Supplement,"Money, Property or Labor, Fraudulently Obtaining",Stolen Property,IS,Stolen Property,09031,57
Initial Supplement,"Malicious Mischief, Adult Suspect",Vandalism,IS,Malicious Mischief,28092,57
Initial,"Vehicle, Embezzled",Embezzlement,II,Embezzlement,07052,56
Initial Supplement,"Assault, Aggravated, On Police Officer, W/ Force",Aggravated Assault,IS,Assault,04074,56
Initial Supplement,"EPO or Restraining Order Violation, DVU related",Other,IS,Offences Against The Family And Children,15150,56
Coplogic Initial,"Burglary, Other Bldg., Unlawful Entry",Burglary - Other,II,Burglary,05073,56
Initial Supplement,"Alcohol, Under Influence Of In Public Place",Drunkenness,IS,Disorderly Conduct,19090,56
Vehicle Initial,"Vehicle, Recovered, Other Vehicle",Recovered Vehicle,VI,Recovered Vehicle,07046,55
Initial,Threatening School or Public Employee,Intimidation,II,Other Miscellaneous,26210,55
Initial,"Theft, Bicycle, <$50, no serial number",Larceny Theft - Bicycle,II,Larceny Theft,06316,54
Initial Supplement,"Cocaine, Base/rock, Sale",Drug Violation,IS,Drug Offense,16625,54
Initial,"Assault, Mayhem, W/ Force",Aggravated Assault,II,Assault,04064,54
Initial,"Access Card or Signature, Forgery of",Forgery And Counterfeiting,II,Forgery And Counterfeiting,09110,53
Initial Supplement,"Arson, Inhabited Dwelling",Arson,IS,Arson,26036,53
Initial Supplement,"Theft, Grand, of Firearm",Larceny Theft - Other,IS,Larceny Theft,06386,53
Initial,"Firearm, Negligent Discharge",Aggravated Assault,II,Assault,04080,53
Initial,"Phone Calls, Obscene",Sex Offense,II,Sex Offense,14043,53
Initial Supplement,"Robbery, Att., W/ Gun",Robbery - Other,IS,Robbery,03471,53
Initial Supplement,"Theft, From Locked Vehicle, Att.",Larceny - From Vehicle,IS,Larceny Theft,06240,53
Initial Supplement,"Vehicle, Seizure Order Service",,IS,,07060,53
Initial,"Vehicle, Recovered, Motorcycle",Recovered Vehicle,II,Recovered Vehicle,07043,52
Initial,"Methamphetamine, Transportation",Drug Violation,II,Drug Offense,16656,52
Initial,Graffiti on Government Vehicles or Public Transportation,Vandalism,II,Malicious Mischief,28169,52
Initial Supplement,"Malicious Mischief, Tire Slashing",Vandalism,IS,Malicious Mischief,28161,52
Initial,"Dog, Stray or Vicious",Other,II,Non-Criminal,64012,52
Initial Supplement,Marijuana Offense,Drug Violation,IS,Drug Offense,16010,51
Initial,"Civil Sidewalks, Violation",Other,II,Civil Sidewalks,64000,51
Initial,"Weapon, Possess or Bring Other on School Grounds",Weapons Offense,II,Weapons Carrying Etc,12163,51
Initial,"Explosive Device, Located",Weapons Offense,II,Weapons Offense,12006,51
Initial,"Public Nuisance, Maintaining After Notification",Disorderly Conduct,II,Other Miscellaneous,27110,51
Initial Supplement,"Burglary, Warehouse, Forcible Entry",Burglary - Commercial,IS,Burglary,05061,50
Initial Supplement,"Assault, Att. Homicide, W/ Other Weapon",Aggravated Assault,IS,Assault,04023,50
Initial Supplement,State Code Felony (general),Other,IS,Other Miscellaneous,26200,50
Initial,"Theft, Vehicle Strip, <$50",Larceny - Auto Parts,II,Larceny Theft,06231,50
Initial Supplement,"Embezzlement, Grand Theft By Employee",Embezzlement,IS,Embezzlement,10045,49
Initial Supplement,"Marijuana, Possession For Sale",Drug Violation,IS,Drug Offense,16030,49
Initial,"Civil Sidewalks, Booking",Other,II,Civil Sidewalks,64003,48
Initial Supplement,Lodging Without Permission,Loitering,IS,Other Miscellaneous,27199,48
Initial Supplement,"Cocaine, Base/rock Offense",Drug Violation,IS,Drug Offense,16621,48
Initial Supplement,"Vehicle, Stolen, Attempted",Motor Vehicle Theft (Attempted),IS,Motor Vehicle Theft,07051,48
Initial Supplement,"Vehicle, Recovered, Other Vehicle",Recovered Vehicle,IS,Recovered Vehicle,07046,48
Initial,"Fireworks, Possession of any within SF,  incl. ""Safe & Sane""""""",Other,II,Other Miscellaneous,27140,48
Initial,"Cellular or Cordless Phone Communications, Intercepting",Fraud,II,Fraud,09269,48
Initial,"Access Card Counterfeiting Machinery, Possession of",Fraud,II,Fraud,09330,47
Vehicle Supplement,"Vehicle, Seizure Order Service",,VS,,07060,47
Initial,"Burglary, Flat Under Constr., Forcible Entry",Burglary - Residential,II,Burglary,05121,46
Vehicle Initial,"Burglary, Other Bldg., Unlawful Entry",Burglary - Other,VI,Burglary,05073,46
Coplogic Initial,"Access Card Information, Theft of",Fraud,II,Fraud,09164,46
Initial,"Vehicle, Recovered, Truck",Recovered Vehicle,II,Recovered Vehicle,07045,46
Initial Supplement,"Burglary, Apartment House, Att. Forcible Entry",Burglary - Residential,IS,Burglary,05012,46
Initial,"Phone Calls, Harassing, to 911",Other,II,Malicious Mischief,28136,46
Initial,"Privacy, Invasion of  (general)",Fraud,II,Fraud,09267,45
Initial Supplement,"Burglary, Non-residential, Att. Forcible",Burglary - Other,IS,Burglary,05152,45
Initial Supplement,Cocaine Offense,Drug Violation,IS,Drug Offense,16620,45
Initial,"Public Health Order Violation, After Notification",,II,,27401,45
Initial,"Theft, Purse Snatch, >$950",Larceny Theft - Purse Snatch,II,Larceny Theft,06134,45
Initial,"Theft, Trick And Device, Att.",Fraud,II,Fraud,10117,45
Initial Supplement,Suspicious Vehicle,Suspicious Occ,IS,Suspicious Occ,64065,45
Initial Supplement,"Assault, W/ Caustic Chemical to Injure or Disfigure",Aggravated Assault,IS,Assault,04033,45
Initial Supplement,"Theft, Bicycle, $200-$950",Larceny Theft - Bicycle,IS,Larceny Theft,06313,44
Initial Supplement,"Robbery, Chain Store, W/ Other Weapon",Robbery - Commercial,IS,Robbery,03043,44
Initial,"Robbery,  ATM, Force, Att.",Robbery - Other,II,Robbery,03494,44
Initial,False Report of Felony or Misdemeanor,Other,II,Other Miscellaneous,27060,44
Initial,"Burglary, Flat Under Constr., Unlawful Entry",Burglary - Residential,II,Burglary,05123,44
Initial,SFMTA Muni Transit Operator-Bus/LRV,,II,,74020,44
Initial,"Malicious Mischief, Building Under Constr.",Vandalism,II,Malicious Mischief,28120,44
Vehicle Initial,"Burglary, Apartment House, Unlawful Entry",Burglary - Residential,VI,Burglary,05013,43
Initial Supplement,"Cocaine, Possession For Sale",Drug Violation,IS,Drug Offense,16622,43
Initial Supplement,Embezzlement from Dependent or Elder Adult by Caretaker,Larceny Theft - Other,IS,Larceny Theft,06381,43
Initial Supplement,"Theft, From Person, $50-$200 (other than Pickpocket)",Larceny Theft - Other,IS,Larceny Theft,06152,43
Initial,"Fire Protection Equipment, Tampering with",Vandalism,II,Malicious Mischief,28020,43
Initial,"Theft, Drunk Roll, >$950",Larceny Theft - Other,II,Larceny Theft,06124,43
Vehicle Initial,"Vehicle, Misplaced",Vehicle Misplaced,VI,Vehicle Misplaced,07054,43
Initial,Suicide By Firearms,Suicide,II,Suicide,60150,43
Initial Supplement,Theft of Animals (general),Larceny Theft - Other,IS,Larceny Theft,06400,42
Initial Supplement,"Flammable or Explosive Device, Possession",Other,IS,Other Miscellaneous,26028,42
Initial Supplement,"Theft, Pickpocket, >$950",Larceny Theft - Pickpocket,IS,Larceny Theft,06114,42
Initial Supplement,"Checks, Money Orders, Completed, Fraudulent Possession",Fraud,IS,Fraud,09040,42
Initial,Sodomy (Adult Victim),Rape,II,Rape,14072,42
Initial,"Theft of Telecommunication Services, incl. Clone Phone",Larceny Theft - Other,II,Larceny Theft,06398,42
Initial Supplement,"Theft, Pickpocket, $200-$950",Larceny Theft - Pickpocket,IS,Larceny Theft,06113,42
Initial Supplement,"Homicide, W/ Gun",Homicide,IS,Homicide,01001,41
Initial Supplement,"Robbery, Att., Street or Public Place, W/ Gun",Robbery - Street,IS,Robbery,03411,41
Initial,"Suicide By Laceration/Stabbing, Att.",Suicide,II,Suicide,60080,41
Initial,"Suicide By Ingestion, Att.",Suicide,II,Suicide,60060,41
Initial,"Marijuana, Sales",Drug Violation,II,Drug Offense,16040,41
Initial,Suicide By Jumping,Suicide,II,Suicide,60170,41
Initial,Loitering and Peeking into Inhabited Structure,Other Offenses,II,Other Offenses,64040,40
Initial Supplement,"Firearm, Carrying Loaded with Intent to Commit Felony",Weapons Offense,IS,Weapons Carrying Etc,12166,40
Initial Supplement,"Weapon, Assault, Possession, Manufacture, or Sale",Weapons Offense,IS,Weapons Carrying Etc,12171,39
Initial Supplement,False Imprisonment,Kidnapping,IS,Other Miscellaneous,26142,39
Initial Supplement,"Theft, From Unlocked Vehicle, $50-$200",Larceny - From Vehicle,IS,Larceny Theft,06222,39
Initial,"Vehicle, Stolen, Truck",Motor Vehicle Theft,II,Motor Vehicle Theft,07025,39
Initial,"Arson, Portable Toilet",Arson,II,Arson,26037,38
Initial,"Stolen Access Card, Possession",Stolen Property,II,Stolen Property,11013,38
Initial Supplement,Embezzlement (general),Embezzlement,IS,Embezzlement,10090,38
Initial,"Machine Gun or Sawed-off Shotgun, Possession",Weapons Offense,II,Weapons Carrying Etc,12110,38
Initial Supplement,"Phone Calls, Threatening or Annoying",Disorderly Conduct,IS,Disorderly Conduct,19050,38
Initial Supplement,"Driving While Under The Influence Of Drugs, w/Injury",Liquor Law Violation,IS,Other Miscellaneous,65057,38
Initial,"Rape, Assault To, W/ Force",Rape - Attempted,II,Rape,02104,38
Initial Supplement,"Vehicle Registration, False Evidence of",Forgery And Counterfeiting,IS,Forgery And Counterfeiting,07200,38
Initial,Unlawful Assembly,Loitering,II,Disorderly Conduct,19100,38
Initial Supplement,Evading a Police Vehicle or Bicycle,Other,IS,Other Miscellaneous,27177,37
Initial,Firearm Possession in School Zone,Weapons Offense,II,Disorderly Conduct,19083,37
Initial Supplement,"Robbery, Residence, W/ Force",Robbery - Commercial,IS,Robbery,03054,37
Initial Supplement,"Resisting Peace Officer, causing Their Serious Injury or Death",Intimidation,IS,Other Miscellaneous,27172,37
Initial,"Oral Copulation, Unlawful (Adult Victim)",Rape,II,Rape,14052,37
Initial,"Marijuana, Transporting",Drug Violation,II,Drug Offense,16060,37
Vehicle Initial,Investigative Detention,Other,VI,Other Miscellaneous,64085,37
Initial,Gun Violence Restraining Order,,II,,15164,37
Initial,"Trash, Placing On The Street",Other,II,Other Offenses,30150,36
Initial Supplement,"Assault, Non-Aggravated",Simple Assault,IS,Assault,04104,36
Initial Supplement,Opiates Offense,Drug Violation,IS,Drug Offense,16210,36
Initial Supplement,Heroin Offense,Drug Violation,IS,Drug Offense,16100,36
Initial Supplement,"Aided Case, Injured or Sick Person",Other,IS,Non-Criminal,64015,35
Initial Supplement,"Sex Offender, Failure To Register for Sexual Assault of Adult",Sex Offense,IS,Sex Offense,14020,35
Initial Supplement,Sex Offender Petition to Terminate Registration,,IS,,14023,35
Initial,Liquor Law Violation (general),Liquor Law Violation,II,Liquor Laws,17030,35
Initial Supplement,ATM-related Crime (secondary code only),Other,IS,Offences Against The Family And Children,15400,35
Initial,"Auto, Grand Theft of",Motor Vehicle Theft,II,Motor Vehicle Theft?,07027,34
Initial Supplement,"Robbery, Street or Public Place, W/ Other Weapon",Robbery - Street,IS,Robbery,03013,34
Initial,"Robbery, Residence, W/ Other Weapon",Robbery - Commercial,II,Robbery,03053,34
Initial Supplement,"Firearm, Discharging At An Inhabited Dwelling",Aggravated Assault,IS,Assault,12026,34
Initial Supplement,"Robbery, Street or Public Place, W/ Knife",Robbery - Street,IS,Robbery,03012,34
Vehicle Supplement,"Warrant Arrest, Enroute To Outside Jurisdiction",Warrant,VS,Warrant,62050,34
Vehicle Supplement,"Burglary, Hot Prowl, Unlawful Entry",Burglary - Hot Prowl,VS,Burglary,05083,34
Initial,Maintaining A Public Nuisance,Disorderly Conduct,II,Other Miscellaneous,27100,34
Initial,"Arson, Vacant Building",Arson,II,Arson,26035,33
Initial Supplement,"Animal, Cruelty to",Other,IS,Malicious Mischief,28010,33
Initial Supplement,"Access Card, Possession of Lost or Stolen, with Intent to Use, Transfer, or Sell",Fraud,IS,Fraud,09310,33
Initial,"Stolen Electronics, Possession",Stolen Property,II,Stolen Property,11016,33
Initial,"Vehicle, Open Container Of Alcohol In",Liquor Law Violation,II,Other Miscellaneous,65055,33
Initial,Gambling,Gambling,II,Gambling,66010,32
Initial,Suicide,Suicide,II,Suicide,60110,32
Initial Supplement,"Theft, From Unlocked Vehicle, <$50",Larceny - From Vehicle,IS,Larceny Theft,06221,32
Initial Supplement,"Burglary, Other Bldg. Under Constr., Forcible Entry",Burglary - Other,IS,Burglary,05171,32
Initial Supplement,Indecent Exposure (Adult victim),Sex Offense,IS,Sex Offense,14040,32
Initial,"Audiovisual (Video or Sound) Recordings, Unauthorized",Fraud,II,Fraud,09271,32
Initial Supplement,"License Plate, Found",Other Offenses,IS,Other Offenses,71011,32
Initial Supplement,Extortion or Blackmail,Extortion-Blackmail,IS,Other Miscellaneous,26100,32
Initial,"Robbery, Bank, W/ Other Weapon",Robbery - Commercial,II,Robbery,03063,32
Initial,"Firearm, Possession of While Wearing Mask",Weapons Offense,II,Weapons Carrying Etc,12169,32
Initial,"Theft, Bicycle, <$50, serial number known",Larceny Theft - Bicycle,II,Larceny Theft,06315,31
Initial Supplement,"Burglary, Residence Under Constr, Unlawful Entry",Burglary - Residential,IS,Burglary,05143,31
Initial,"Kidnapping, Attempted (Adult victim)",Kidnapping,II,Other Miscellaneous,26143,31
Initial Supplement,"Methamphetamine, Sale",Drug Violation,IS,Drug Offense,16654,31
Vehicle Supplement,Probation Violation,Other,VS,Other Miscellaneous,26170,31
Initial,"Robbery, Bank, W/ Force",Robbery - Commercial,II,Robbery,03064,31
Initial Supplement,"Auto, Grand Theft of",Motor Vehicle Theft,IS,Motor Vehicle Theft?,07027,31
Initial,"Driving While Under The Influence Of Drugs, w/Injury",Liquor Law Violation,II,Other Miscellaneous,65057,31
Vehicle Initial,"Warrant Arrest, Enroute To Outside Jurisdiction",Warrant,VI,Warrant,62050,31
Vehicle Initial,"Burglary, Residence, Unlawful Entry",Burglary - Residential,VI,Burglary,05043,31
Initial Supplement,"Burglary, Flat, Unlawful Entry",Burglary - Residential,IS,Burglary,05023,31
Initial,Other Offenses Against Public Justice,Other,II,Other Miscellaneous,27066,30
Initial,Hallucinogenics Offense,Drug Violation,II,Drug Offense,16410,30
Initial Supplement,Theft of Computers or Cell Phones,Larceny Theft - Other,IS,Larceny Theft,06126,30
Initial,"Stolen Checks, Possession",Stolen Property,II,Stolen Property,11017,30
Initial Supplement,Gun Violence Restraining Order,,IS,,15164,30
Initial Supplement,"Dissuading Witness, Victim",Other,IS,Other Miscellaneous,26063,29
Vehicle Supplement,Investigative Detention,Other,VS,Other Miscellaneous,64085,29
Initial Supplement,"Malicious Mischief, Street Cars/Buses",Vandalism,IS,Malicious Mischief,28140,29
Vehicle Supplement,"Narcotics Paraphernalia, Possession of",Drug Violation,VS,Drug Offense,16710,29
Initial Supplement,Disturbing The Peace,Disorderly Conduct,IS,Disorderly Conduct,19022,29
Vehicle Initial,"Vehicle, Seizure Order Service",,VI,,07060,29
Initial,"Cocaine, Sale",Drug Violation,II,Drug Offense,16624,29
Initial,Sex Offender Petition to Terminate Registration,,II,,14023,29
Initial,Carjacking with a Dangerous Weapon,Robbery - Carjacking,II,Robbery,03083,28
Coplogic Initial,"Theft, Bicycle, $50-$200",Larceny Theft - Bicycle,II,Larceny Theft,06312,28
Initial Supplement,"Arson, Commercial Building",Arson,IS,Arson,26032,28
Initial,"Probation Violation, DVU related",Other,II,Offences Against The Family And Children,15152,28
Initial Supplement,"Theft, From Person, <$50 (other than Pickpocket)",Larceny Theft - Other,IS,Larceny Theft,06151,28
Initial,Littering or Dumping that Creates Traffic Hazard,Other,II,Other Miscellaneous,27040,28
Initial Supplement,Carjacking with a Dangerous Weapon,Robbery - Carjacking,IS,Robbery,03083,27
Initial Supplement,Unusual Occurrence,Suspicious Occ,IS,Other Miscellaneous,64090,27
Initial Supplement,"Embezzlement, Grand Theft",Embezzlement,IS,Embezzlement,10015,27
Initial Supplement,Violation of Emergency Protective Order,Other,IS,Offences Against The Family And Children,15160,27
Initial,"School Campus, Remaining Without Consent",Loitering,II,Disorderly Conduct,19072,27
Initial Supplement,"Warrant Arrest, Enroute To Dept. Of Corrections",Warrant,IS,Warrant,62020,27
Initial Supplement,"Weapon, Carrying Concealed with Felony or Narcotics Conviction",Weapons Offense,IS,Weapons Offense,12010,27
Vehicle Supplement,"Burglary, Apartment House, Unlawful Entry",Burglary - Residential,VS,Burglary,05013,27
Initial,"Food Stamps, Misuse of",Fraud,II,Fraud,09034,27
Initial Supplement,"Robbery, Chain Store, W/ Gun",Robbery - Commercial,IS,Robbery,03041,27
Initial,"Embezzlement, Petty Theft",Embezzlement,II,Embezzlement,10010,26
Initial,"Marijuana, Cultivating/Planting",Drug Violation,II,Drug Offense,16020,26
Initial,"Theft, Purse Snatch, $50-$200",Larceny Theft - Purse Snatch,II,Larceny Theft,06132,26
Vehicle Initial,Found  Property,Non-Criminal,VI,Non-Criminal,72000,26
Vehicle Supplement,"Burglary Tools, Possession Of",Other,VS,Other Miscellaneous,27130,26
Initial Supplement,"Computer System, Accessing, Copying, or Damaging",Fraud,IS,Fraud,09264,26
Initial Supplement,"Marijuana, Cultivating/Planting",Drug Violation,IS,Drug Offense,16020,26
Initial,Fire Code Violation (general),Other,II,Other Offenses,30170,26
Initial,"Cocaine, Transportation",Drug Violation,II,Drug Offense,16626,26
Initial,"Driving, Reckless, with Injury",Other,II,Other Miscellaneous,65014,26
Initial,"Theft, Drunk Roll, $200-$950",Larceny Theft - Other,II,Larceny Theft,06123,26
Initial Supplement,"Burglary, Safe,  Store",Burglary - Commercial,IS,Burglary,05251,26
Initial Supplement,"Identification Card or Drivers License, Falsify or Display",Forgery And Counterfeiting,IS,Forgery And Counterfeiting,09120,25
Initial Supplement,Loitering Where Narcotics are Sold/Used,Drug Violation,IS,Drug Offense,16704,25
Initial Supplement,"Theft, Shoplifting, Att.",Larceny Theft - Shoplifting,IS,Larceny Theft,06360,25
Initial,"Destructive Device, Exploding",Weapons Offense,II,Weapons Offense,12025,25
Initial Supplement,"Robbery, Bank, W/ Force",Robbery - Commercial,IS,Robbery,03064,25
Vehicle Initial,Courtesy Report,Courtesy Report,VI,Courtesy Report,68030,25
Vehicle Initial,"Narcotics Paraphernalia, Possession of",Drug Violation,VI,Drug Offense,16710,25
Initial,Obscene Matter (general),Sex Offense,II,Sex Offense,14060,25
Initial,"Controlled Substance, Transportation",Drug Violation,II,Drug Offense,16666,25
Initial Supplement,Parole Search,Other,IS,Warrant,62070,25
Initial Supplement,"Burglary, Flat, Forcible Entry",Burglary - Residential,IS,Burglary,05021,25
Initial Supplement,Human Trafficking (A)-Commercial Sex Acts,"Human Trafficking, Commercial Sex Acts",IS,"Human Trafficking (A), Commercial Sex Acts",13045,25
Initial,Carjacking with a Knife,Robbery - Carjacking,II,Robbery,03082,24
Initial,"Evading a Police Officer, Injury or Death",Other,II,Other Miscellaneous,27176,24
Initial Supplement,"Controlled Substance, Sale",Drug Violation,IS,Drug Offense,16664,24
Vehicle Supplement,"Warrant Arrest, Local SF Warrant",Other,VS,Warrant,63010,24
Initial Supplement,"Burglary, Other Bldg. Under Constr., Unlawful Entry",Burglary - Other,IS,Burglary,05173,24
Initial,"Electrical  or Gas Lines, Interfering with",Vandalism,II,Malicious Mischief,28102,24
Initial,Pandering,Prostitution,II,Prostitution,13020,24
Initial,"Malicious Mischief, Annoying/Fictitious Phone Calls",Vandalism,II,Malicious Mischief,28130,24
Initial,"Weapon, Concealed, Loitering While Carrying",Weapons Offense,II,Weapons Offence,12050,24
Initial,"Assault, Att. Homicide, W/ Force",Aggravated Assault,II,Assault,04024,24
Initial Supplement,Theft from Merchant or Library,Larceny Theft - Other,IS,Larceny Theft,06394,24
Initial Supplement,"Assault, Non-Aggravated, Att.",Simple Assault,IS,Assault,04114,24
Initial Supplement,Suspicious Person,Suspicious Occ,IS,Suspicious Occ,64080,24
Initial,"Stolen Cellular Phone, non-cloned, Possession",Stolen Property,II,Stolen Property,11014,23
Initial,"Permit Violation, Police (general)",Other,II,Other Offenses,30000,23
Initial,"Robbery, Service Station, W/ Force",Robbery - Commercial,II,Robbery,03034,23
Initial Supplement,"Theft, Pickpocket, $50-$200",Larceny Theft - Pickpocket,IS,Larceny Theft,06112,23
Vehicle Supplement,"Burglary, Residence, Unlawful Entry",Burglary - Residential,VS,Burglary,05043,23
Initial,"Opiates, Transportation",Drug Violation,II,Drug Offense,16240,23
Initial,"VIN, Alter Or Remove",Forgery And Counterfeiting,II,Forgery And Counterfeiting,07201,23
Initial Supplement,"Warrant Arrest, Enroute To Probation",Warrant,IS,Warrant,62040,23
Initial,"Sexual Assault, Administering Drug to Commit",Simple Assault,II,Assault,04146,23
Vehicle Supplement,"Vehicle, Embezzled",Embezzlement,VS,Embezzlement,07052,23
Vehicle Initial,Carjacking with a Dangerous Weapon,Robbery - Carjacking,VI,Robbery,03083,23
Initial,"Homicide, W/ Gun",Homicide,II,Homicide,01001,23
Initial Supplement,"Hallucinogenic,  Possession For Sale",Drug Violation,IS,Drug Offense,16420,23
Vehicle Initial,Domestic Violence (secondary only),Other,VI,Offences Against The Family And Children,15200,22
Initial,"Dog, Barking",Other,II,Non-Criminal,64011,22
Initial Supplement,"Vehicle, Embezzled",Embezzlement,IS,Embezzlement,07052,22
Vehicle Initial,"Driving, No License Issued",Other,VI,Other Miscellaneous,65015,22
Initial,"Robbery,  ATM, Gun",Robbery - Other,II,Robbery,03091,22
Initial Supplement,"Counterfeit Coins Or Notes, Possessing or Receiving",Forgery And Counterfeiting,IS,Forgery And Counterfeiting,09215,22
Initial,Dissuading/Threatening Of A Witness,Intimidation,II,Other Miscellaneous,26135,22
Initial,Lodging in Park,Loitering,II,Disorderly Conduct,19062,22
Initial Supplement,"Sex Offender Failure to Register, Annual Violation",,IS,,14021,22
Initial Supplement,"Phone Calls, Threatening",Intimidation,IS,Disorderly Conduct,19055,22
Initial,Vandalism with Noxious Chemical,Vandalism,II,Malicious Mischief,28167,22
Initial,"Burglary, Safe,  Residence",Burglary - Residential,II,Burglary,05241,22
Initial,"Robbery, Att., Bank, W/ Force",Robbery - Commercial,II,Robbery,03464,22
Initial Supplement,"Robbery, Att., W/ Knife",Robbery - Other,IS,Robbery,03472,22
Initial,"School, Public, Trespass",Trespass,II,Disorderly Conduct,19082,22
Initial Supplement,"Burglary Tools, Possession Of w/prior",Other,IS,Other Miscellaneous,27131,22
Initial,"Robbery,  ATM, Knife",Robbery - Other,II,Robbery,03092,22
Initial Supplement,"Opiates, Sale",Drug Violation,IS,Drug Offense,16230,21
Initial,Obstructing Public Thoroughfare  (or 647(c) PC),Loitering,II,Disorderly Conduct,19060,21
Initial Supplement,"Evading a Police Officer, Injury or Death",Other,IS,Other Miscellaneous,27176,21
Initial Supplement,"Public Nuisance, Committing",Disorderly Conduct,IS,Disorderly Conduct,19010,21
Initial,"Penetration, Forced, with Object",Rape,II,Rape,02020,21
Initial Supplement,"Robbery, Att., Chain Store, W/ Force",Robbery - Commercial,IS,Robbery,03444,21
Vehicle Initial,"Malicious Mischief, Vandalism to Vehicle",Vandalism,VI,Malicious Mischief,28160,21
Vehicle Initial,"Auto, Grand Theft of",Motor Vehicle Theft,VI,Motor Vehicle Theft?,07027,21
Initial,"School or Playground, Loitering About",Loitering,II,Disorderly Conduct,19077,21
Initial,"Assault, Mayhem, W/ Other Weapon",Aggravated Assault,II,Assault,04063,21
Vehicle Supplement,Methamphetamine Offense,Drug Violation,VS,Drug Offense,16650,21
Coplogic Initial,"Computer System, Accessing, Copying, or Damaging",Fraud,II,Fraud,09264,21
Vehicle Supplement,"Vehicle, Impounded",Vehicle Impounded,VS,Vehicle Impounded,07053,21
Initial,"Suicide By Strangulation/Hanging, Att.",Suicide,II,Suicide,60090,21
Initial,"Robbery, Att., Chain Store, W/ Other Weapon",Robbery - Commercial,II,Robbery,03443,21
Initial,"Alcohol, Unlawful Transportation Of",Liquor Law Violation,II,Liquor Laws,17130,21
Initial,"Robbery, Service Station, W/ Gun",Robbery - Commercial,II,Robbery,03031,21
Initial,"Throwing Object at Common Carrier, Passenger or Freight",Other Offenses,II,Other Offenses,68053,21
Initial Supplement,Municipal Police Code Violation (general),Other,IS,Other Offenses,30190,21
Vehicle Initial,Carjacking with a Knife,Robbery - Carjacking,VI,Robbery,03082,21
Initial,Pimping,"Human Trafficking, Commercial Sex Acts",II,"Human Trafficking, Commercial Sex Acts",13030,21
Vehicle Supplement,"Burglary, Residence, Forcible Entry",Burglary - Residential,VS,Burglary,05041,21
Vehicle Supplement,"Driving, No License Issued",Other,VS,Other Miscellaneous,65015,20
Initial Supplement,Cryptocurrency Related Crime (secondary code only),,IS,,15410,20
Vehicle Initial,"Vehicle, Stolen, Bus",Motor Vehicle Theft,VI,Motor Vehicle Theft,07022,20
Initial Supplement,"Robbery, Chain Store, W/ Knife",Robbery - Commercial,IS,Robbery,03042,20
Initial Supplement,False Report of Felony or Misdemeanor,Other,IS,Other Miscellaneous,27060,20
Vehicle Supplement,"Burglary, Other Bldg., Unlawful Entry",Burglary - Other,VS,Burglary,05073,20
Initial,"Driving, Reckless, Motorcycle Takeover (Dirt Bike, ATV, OHV)",,II,,65022,20
Initial Supplement,"Robbery, Att., Comm. Establ., W/ Force",Robbery - Commercial,IS,Robbery,03424,20
Initial,"Robbery, Att., Bank, W/ Other Weapon",Robbery - Commercial,II,Robbery,03463,20
Vehicle Supplement,"License Plate or Tab, Theft of",Larceny Theft - Other,VS,Larceny Theft,06246,20
Initial,"Weapon, Deadly, Exhibiting to Resist Arrest",Other,II,Other Miscellaneous,27173,20
Initial,"Caustic Chemical, Possession",Weapons Offense,II,Weapons Offense,12055,20
Initial Supplement,"Weapon, Tear Gas, Possession by Prohibited Persons",Weapons Offense,IS,Weapons Carrying Etc,12130,20
Vehicle Supplement,"Burglary, Other Bldg., Forcible Entry",Burglary - Other,VS,Burglary,05071,20
Vehicle Initial,"Burglary, Hot Prowl, Unlawful Entry",Burglary - Hot Prowl,VI,Burglary,05083,20
Initial Supplement,"Explosive Device, Located",Weapons Offense,IS,Weapons Offense,12006,20
Initial,"Robbery, Att., Comm. Establ. With Other Weapon",Robbery - Commercial,II,Robbery,03423,20
Vehicle Supplement,"Vehicle, Recovered, Bus",Recovered Vehicle,VS,Recovered Vehicle,07042,20
Initial,"Animal, without Proper Care or Attention",Other,II,Malicious Mischief,28181,20
Initial Supplement,Homicide,Homicide,IS,Homicide,01000,19
Initial Supplement,"Burglary, Hotel Room, Unlawful Entry",Burglary - Residential,IS,Burglary,05033,19
Initial Supplement,"Robbery, Att., Bank, W/ Force",Robbery - Commercial,IS,Robbery,03464,19
Initial Supplement,"Suspicious Occurrence, possible Shots Fired",Suspicious Occ,IS,Suspicious Occ,64072,19
Initial Supplement,"Destructive Device, Exploding",Weapons Offense,IS,Weapons Offense,12025,19
Initial Supplement,Located Property,Non-Criminal,IS,Non-Criminal,73001,19
Initial Supplement,"License Plate or Tab, Theft of",Larceny Theft - Other,IS,Larceny Theft,06246,19
Initial,Business Inspection- 2805 CVC,,II,,68022,19
Initial,"Burglary, Other Bldg. Under Constr., Att. Forcible",Burglary - Other,II,Burglary,05172,19
Initial Supplement,"Theft, Vehicle Strip, $200-$950",Larceny - Auto Parts,IS,Larceny Theft,06233,18
Initial,"Identification, Government, Possess, Make or Sell False",Fraud,II,Fraud,09166,18
Initial,Methadone Offense,Drug Violation,II,Drug Offense,16630,18
Initial,"Gambling Devices, Possession",Gambling,II,Gambling,66030,18
Initial,Phone Calls in Violation of DVU Court Order,Other,II,Offences Against The Family And Children,15153,18
Initial Supplement,"Robbery,  ATM, Gun",Robbery - Other,IS,Robbery,03091,18
Initial,"Rape, Att., W/ Force",Rape - Attempted,II,Rape,02204,18
Vehicle Initial,"Theft, From Locked Vehicle, >$950",Larceny - From Vehicle,VI,Larceny Theft,06244,18
Vehicle Supplement,"Theft, Other Property, >$950",Larceny Theft - Other,VS,Larceny Theft,06374,18
Initial,"Burglary, Hotel Under Constr., Unlawful Entry",Burglary - Residential,II,Burglary,05133,18
Vehicle Initial,"Warrant Arrest, Local SF Warrant",Other,VI,Warrant,63010,18
Initial,"Robbery, Bank, W/ Gun",Robbery - Commercial,II,Robbery,03061,18
Initial Supplement,Park Code Violation (general),Other,IS,Other Offenses,30210,18
Vehicle Supplement,"Theft, From Locked Vehicle, >$950",Larceny - From Vehicle,VS,Larceny Theft,06244,18
Initial Supplement,Kidnapping during Robbery,Kidnapping,IS,Other Miscellaneous,26148,18
Vehicle Initial,Traffic Violation Arrest,Traffic Violation Arrest,VI,Traffic Violation Arrest,65010,17
Initial,Public Transit Crimes - Infractions,Other,II,Other Miscellaneous,27031,17
Vehicle Initial,"Embezzlement, Grand Theft",Embezzlement,VI,Embezzlement,10015,17
Initial,"Firearm, Tampering With Marks",Weapons Offense,II,Weapons Carrying Etc,12140,17
Vehicle Initial,Methamphetamine Offense,Drug Violation,VI,Drug Offense,16650,17
Initial Supplement,"Robbery, Bank, W/ Other Weapon",Robbery - Commercial,IS,Robbery,03063,17
Vehicle Initial,"Burglary Tools, Possession Of",Other,VI,Other Miscellaneous,27130,17
Initial Supplement,State Code Misdemeanor (general),Other,IS,Other Miscellaneous,27300,17
Initial,"Assault, Mayhem, W/ Knife",Aggravated Assault,II,Assault,04062,17
Vehicle Supplement,Evading a Police Officer Recklessly,Other,VS,Other Miscellaneous,27175,17
Initial,"House of Prostitution, Keeping or Residing in",Prostitution,II,Prostitution,13010,17
Vehicle Initial,Evading a Police Officer Recklessly,Other,VI,Other Miscellaneous,27175,17
Initial,"Death, Accidental",Other,II,Other,61010,17
Initial Supplement,"Robbery, Comml. Establ. W/ Weapon",Robbery - Commercial,IS,Robbery,03023,17
Initial Supplement,"Disturbing The Peace, Fighting",Disorderly Conduct,IS,Disorderly Conduct,19024,17
Initial,"Robbery,  ATM, Other Weapon",Robbery - Other,II,Robbery,03093,17
Initial,Located Property,Non-Criminal,II,Non-Criminal,73001,17
Initial Supplement,Carjacking with a Knife,Robbery - Carjacking,IS,Robbery,03082,16
Initial,"Permit Violation, Entertainment",Other,II,Other Offenses,30007,16
Initial,"Robbery, Residence, W/ Knife",Robbery - Commercial,II,Robbery,03052,16
Initial Supplement,"Stolen Access Card, Possession",Stolen Property,IS,Stolen Property,11013,16
Initial Supplement,"Alcohol, Consuming In Public View",Other,IS,Other Offenses,30155,16
Initial,Falsifying Judicial & Public Records & Documents,Forgery And Counterfeiting,II,Forgery And Counterfeiting,09175,16
Initial,Maintain Premise Where Narcotics Are Sold/used,Drug Violation,II,Drug Offense,16705,16
Vehicle Supplement,"Burglary, Hot Prowl, Forcible Entry",Burglary - Hot Prowl,VS,Burglary,05081,16
Initial,"Weapon, Possessing in Public Building or Open Meeting",Weapons Offense,II,Weapons Carrying Etc,12161,16
Initial Supplement,Firearm with Altered Identification,Weapons Offense,IS,Other Miscellaneous,27122,16
Coplogic Supplement,"Theft, Bicycle, >$950",Larceny Theft - Bicycle,IS,Larceny Theft,06314,16
Initial Supplement,Bomb Threat or False Report of Bomb,Other,IS,Other Miscellaneous,26105,16
Initial Supplement,"Assault, Att. Homicide, W/ Force",Aggravated Assault,IS,Assault,04024,16
Initial,"Vehicle, Recovered, Other Vehicle",Recovered Vehicle,II,Recovered Vehicle,07046,16
Vehicle Supplement,Found  Property,Non-Criminal,VS,Non-Criminal,72000,16
Initial,"Robbery, Att., Chain Store, W/ Knife",Robbery - Commercial,II,Robbery,03442,16
Vehicle Initial,"Theft, From Building, >$950",Larceny Theft - From Building,VI,Larceny Theft,06304,16
Initial,"Vehicle, Seizure Order Service",,II,,07060,16
Vehicle Supplement,"Auto, Grand Theft of",Motor Vehicle Theft,VS,Motor Vehicle Theft?,07027,16
Initial,Amphetamines Offense,Drug Violation,II,Drug Offense,16640,16
Initial Supplement,"Robbery, Att., W/ Other Weapon",Robbery - Other,IS,Robbery,03473,16
Initial Supplement,"Driving, Reckless, with Injury",Other,IS,Other Miscellaneous,65014,15
Initial,"Fireworks, Throw at Person or Discharge in Crowd",Other,II,Other Miscellaneous,27185,15
Vehicle Initial,Probation Violation,Other,VI,Other Miscellaneous,26170,15
Initial,"Shooting, Accidental",Non-Criminal,II,Non-Criminal,51030,15
Initial Supplement,"Arson, Attempted",Arson,IS,Arson,26029,15
Initial,"Loitering, Obstructing",Loitering,II,Disorderly Conduct,19075,15
Initial,"Indecent Exposure, W/ Prior Conviction",Sex Offense,II,Sex Offense,14045,15
Initial,"Stolen Computer, Possession",Stolen Property,II,Stolen Property,11015,15
Initial,"Prescription, Forge Or Alter (11368 H&S)",Drug Violation,II,Drug Offense,16720,15
Initial,"Assault, Aggravated, W/ Semi Auto",Aggravated Assault,II,Assault,04091,15
Initial,Assault on School Employee,Intimidation,II,Disorderly Conduct,19080,15
Vehicle Supplement,"Resisting, Delaying, or Obstructing  Peace Officer Duties",Other,VS,Other Miscellaneous,27170,15
Vehicle Initial,"Theft, From Locked Vehicle, $200-$950",Larceny - From Vehicle,VI,Larceny Theft,06243,15
Initial,"Robbery, Att., Comm. Establ., W/ Gun",Robbery - Commercial,II,Robbery,03421,15
Vehicle Initial,"Theft, Other Property, >$950",Larceny Theft - Other,VI,Larceny Theft,06374,15
Initial,"Counterfeit/Forgery, Poss Drivers Lic Or Id Card",Forgery And Counterfeiting,II,Forgery And Counterfeiting,09125,14
Initial,"Burglary, Apt Under Constr., Att. Forcible",Burglary - Residential,II,Burglary,05112,14
Initial Supplement,"Defrauding Providers of Food, Fuel, Services, or Accommodations",Fraud,IS,Other Miscellaneous,27010,14
Initial Supplement,"Robbery, Att., Comm. Establ., W/ Gun",Robbery - Commercial,IS,Robbery,03421,14
Initial,Opium Offense,Drug Violation,II,Drug Offense,16610,14
Initial Supplement,"Burglary, Safe, Other",Burglary - Other,IS,Burglary,05271,14
Initial Supplement,Theft of Utility Services,Larceny Theft - Other,IS,Larceny Theft,06396,14
Initial,"Rail Transit, Entering, Remaining, or Hindering Operation of",Other,II,Other Miscellaneous,27030,14
Vehicle Initial,"Driving, License Suspended or Revoked",Other,VI,Other Miscellaneous,65016,14
Initial Supplement,"Methadone, Possession For Sale",Drug Violation,IS,Drug Offense,16632,14
Initial Supplement,Aided Case -Property for Destruction,Non-Criminal,IS,Non-Criminal,51041,14
Initial,"Assault, Att. Mayhem, W/ Knife",Aggravated Assault,II,Assault,04052,14
Initial,"Vehicle, Disabled Placard Violation",Other,II,Other Miscellaneous,07206,13
Initial Supplement,"Driving, Speeding",Other,IS,Other Miscellaneous,65030,13
Initial Supplement,"Robbery, Att., Street or Public Place, W/ Knife",Robbery - Street,IS,Robbery,03412,13
Initial Supplement,"Aided case, Naloxone Deployment",Non-Criminal,IS,Non-Criminal,51050,13
Initial,Solicits Lewd Act,Prostitution,II,Prostitution,13110,13
Initial,"Embezzlement, Grand Theft By Brokers/Agents",Embezzlement,II,Embezzlement,10025,13
Initial Supplement,"Robbery,  ATM, Force, Att.",Robbery - Other,IS,Robbery,03494,13
Initial,"Theft, Coin Operated Machine, >$950",Larceny Theft - Other,II,Larceny Theft,06344,13
Initial,"Assault, Att. Mayhem, W/ Other Weapon",Aggravated Assault,II,Assault,04053,13
Initial,Unemployment Insurance Act Violation,Other,II,Other Miscellaneous,27220,13
Initial Supplement,"Assault, Mayhem, W/ Force",Aggravated Assault,IS,Assault,04064,13
Initial,Auto Impounded,,II,,64100,13
Initial,"Suicide By Jumping, Att.",Suicide,II,Suicide,60070,13
Initial Supplement,"Controlled Substance Violation, Loitering for",Drug Violation,IS,Drug Offense,16645,13
Initial,"Counterfeiting, Coins Or Notes",Forgery And Counterfeiting,II,Forgery And Counterfeiting,09210,13
Initial Supplement,Federal Law Violation (general),Other,IS,Other Offenses,31000,13
Initial,"Demonstration, Video Evidence, Misc Investigation",Other,II,Miscellaneous Investigation,68021,13
Initial,"Theft, Motorcycle Strip, $200-$950",Larceny - Auto Parts,II,Larceny Theft,06213,13
Initial Supplement,Vandalism or Graffiti on or within 100 ft of Highway,Vandalism,IS,Malicious Mischief,28164,13
Vehicle Supplement,"Burglary, Apartment House, Forcible Entry",Burglary - Residential,VS,Burglary,05011,13
Initial Supplement,"Robbery, Att., Bank, W/ Other Weapon",Robbery - Commercial,IS,Robbery,03463,13
Initial,"Opium, Possession For Sale",Drug Violation,II,Drug Offense,16612,13
Initial,Real Estate Fraud,Fraud,II,Fraud,09060,13
Initial,"Delivered Mail, Damage or Destruction of",Vandalism,II,Malicious Mischief,28050,13
Initial,"Sex Offender, Misc. Investigation",,II,,14024,13
Vehicle Supplement,"Driving, License Suspended or Revoked",Other,VS,Other Miscellaneous,65016,13
Initial,Throwing Injurious Substance on Highway,Other Offenses,II,Other Offenses,68057,13
Initial,"Manslaughter, Vehicular",Manslaughter,II,Homicide,01160,13
Vehicle Initial,"Burglary, Hot Prowl, Forcible Entry",Burglary - Hot Prowl,VI,Burglary,05081,12
Initial Supplement,"Robbery, Bank, W/ Gun",Robbery - Commercial,IS,Robbery,03061,12
Initial Supplement,"Assault, Mayhem, W/ Other Weapon",Aggravated Assault,IS,Assault,04063,12
Initial,Suicide By Asphyxiation,Suicide,II,Suicide,60120,12
Initial,"Telephone or Telegraph Message, Sending False",Fraud,II,Fraud,09163,12
Initial,"Firefighter, Interfering with",Other,II,Other Miscellaneous,27082,12
Initial Supplement,Suspicious Package,Suspicious Package,IS,Suspicious,12008,12
Initial Supplement,"Firearm, Negligent Discharge",Aggravated Assault,IS,Assault,04080,12
Initial Supplement,"Marijuana, Transporting",Drug Violation,IS,Drug Offense,16060,12
Initial Supplement,"Extortion, Attempted",Extortion-Blackmail,IS,Other Miscellaneous,26040,12
Initial,"Destructive Device, Possession",Weapons Offense,II,Weapons Offense,12065,12
Initial Supplement,"Assault, Mayhem, W/ Knife",Aggravated Assault,IS,Assault,04062,12
Vehicle Initial,"Burglary, Residence, Forcible Entry",Burglary - Residential,VI,Burglary,05041,12
Initial Supplement,Real Estate Fraud,Fraud,IS,Fraud,09060,12
Initial,"Dog or Cat, Abandonment of",Other,II,Non-Criminal,64017,12
Vehicle Supplement,"Vehicle Registration, False Evidence of",Forgery And Counterfeiting,VS,Forgery And Counterfeiting,07200,12
Initial,Service of Documents Related to a Civil Drug Abatement and/or Public Nuisance Action,,II,,75011,12
Initial,Sales of Cocaine Base/Schoolyard Trafficking Act Violation,Drug Violation,II,Drug Offense,16629,12
Initial,"Robbery,  ATM, Knife, Att.",Robbery - Other,II,Robbery,03492,12
Initial,Soliciting to Visit House Of Prostitution,Prostitution,II,Prostitution,13070,12
Vehicle Supplement,"Theft, Bicycle, >$950",Larceny Theft - Bicycle,VS,Larceny Theft,06314,12
Initial Supplement,"Injuring Phone, Cable TV, or Other Line",Other,IS,Other Miscellaneous,26120,12
Initial,"Vehicle, Rental, Failure to Return",Embezzlement,II,Embezzlement,07056,12
Initial Supplement,"Fireworks, Possession of any within SF,  incl. ""Safe & Sane""""""",Other,IS,Other Miscellaneous,27140,12
Initial Supplement,"Theft, Vehicle Strip, Attempted",Larceny - Auto Parts,IS,Larceny Theft,06230,12
Initial,"Robbery, Att., Residence, W/ Gun",Robbery - Residential,II,Robbery,03451,12
Initial Supplement,"Burglary, Vehicle, Att. (Arrest made)",Theft From Vehicle,IS,Larceny Theft,05015,12
Initial,"Amphetamine, Possession For Sale",Drug Violation,II,Drug Offense,16642,12
Initial Supplement,"Assault, Aggravated, W/ Semi Auto",Aggravated Assault,IS,Assault,04091,12
Initial Supplement,"Fire Alarm, False",Other,IS,Malicious Mischief,28080,12
Initial,"Theft, Coin Operated Machine, $200-$950",Larceny Theft - Other,II,Larceny Theft,06343,11
Initial Supplement,"Vandalism or Graffiti Tools, Possession",Vandalism,IS,Malicious Mischief,28166,11
Vehicle Initial,"Vehicle, Tampering",Vandalism,VI,Vandalism,07100,11
Initial,"Robbery, Att., Chain Store, W/ Gun",Robbery - Commercial,II,Robbery,03441,11
Initial,"Theft, Drunk Roll, $50-$200",Larceny Theft - Other,II,Larceny Theft,06122,11
Initial Supplement,"Driving, Failure To Heed Red Light And Siren",Other,IS,Other Miscellaneous,65040,11
Initial Supplement,"Homicide, W/ Sharp Object",Homicide,IS,Homicide,01002,11
Initial,"Weapon, Assault, Registration or Transfer Violation",Weapons Offense,II,Weapons Carrying Etc,12172,11
Vehicle Initial,"Resisting, Delaying, or Obstructing  Peace Officer Duties",Other,VI,Other Miscellaneous,27170,11
Initial Supplement,"Civil Sidewalks, Warning",Other,IS,Civil Sidewalks,64001,11
Initial,Defrauding Of Vehicle Repairman,Fraud,II,Other Miscellaneous,27020,11
Initial,"Theft, Purse Snatch, <$50",Larceny Theft - Purse Snatch,II,Larceny Theft,06131,11
Initial Supplement,"Fireworks, Exploding",Other,IS,Other Miscellaneous,27145,11
Initial,"Assault, Aggravated, On Police Officer, W/ Knife",Aggravated Assault,II,Assault,04072,11
Initial,"Burglary, Hotel Under Constr., Forcible Entry",Burglary - Residential,II,Burglary,05131,11
Initial Supplement,"Access Card or Signature, Forgery of",Forgery And Counterfeiting,IS,Forgery And Counterfeiting,09110,11
Vehicle Initial,Arson of Vehicle,Arson,VI,Arson,26031,11
Vehicle Supplement,"Burglary, Non-residential, Forcible Entry",Burglary - Other,VS,Burglary,05151,11
Initial,"Firearm Transfer, Violation",Weapons Offense,II,Weapons Offense,12040,11
Initial Supplement,"Burglary, Warehouse, Unlawful Entry",Burglary - Commercial,IS,Burglary,05063,11
Initial,Suicide By Laceration/Stabbing,Suicide,II,Suicide,60180,11
Initial Supplement,False Report of Emergency,Other,IS,Other Miscellaneous,27068,11
Initial Supplement,Solicits For Act Of Prostitution,Prostitution,IS,Prostitution,13060,11
Initial Supplement,"Access Card Counterfeiting Machinery, Possession of",Fraud,IS,Fraud,09330,11
Initial Supplement,"Checks, Making or Uttering with Insufficient Funds",Fraud,IS,Fraud,09030,11
Initial Supplement,"Weapon, Deadly, Carrying with Intent to Commit Assault",Weapons Offense,IS,Weapons Carrying Etc,12167,11
Vehicle Initial,"Burglary, Non-residential, Unlawful Entry",Burglary - Other,VI,Burglary,05153,11
Initial,Kidnapping during Carjacking,Kidnapping,II,Other Miscellaneous,26149,11
Initial,"School, Disrupt Activities",Disorderly Conduct,II,Disorderly Conduct,19015,10
Vehicle Initial,"Access Card, incl. Credit, Phone, ATM, Fraudulent Use of",Fraud,VI,Fraud,09320,10
Vehicle Initial,"Burglary, Other Bldg., Forcible Entry",Burglary - Other,VI,Burglary,05071,10
Initial,Theft of Written Instrument,Larceny Theft - Other,II,Larceny Theft,06395,10
Initial,"Embezzlement, Grand Theft Leased Property",Embezzlement,II,Embezzlement,10065,10
Coplogic Supplement,Forgery & Counterfeiting (general),Forgery And Counterfeiting,IS,Forgery And Counterfeiting,09262,10
Initial Supplement,Accessory or Aid Or Harbor Felon,Other,IS,Other Miscellaneous,26020,10
Initial Supplement,"Death Report, Natural Causes",Other,IS,Other,61040,10
Initial Supplement,"Assault, Aggravated, On Police Officer, W/ Knife",Aggravated Assault,IS,Assault,04072,10
Initial,Homicide,Homicide,II,Homicide,01000,10
Initial,"Theft, Coin Operated Machine, $50-$200",Larceny Theft - Other,II,Larceny Theft,06342,10
Initial Supplement,"Heroin, Sales",Drug Violation,IS,Drug Offense,16120,10
Initial,"Theft, Coin Operated Machine, <$50",Larceny Theft - Other,II,Larceny Theft,06341,10
Initial,"Interfering, W/ Police Officer",Other,II,Other Miscellaneous,27080,10
Initial Supplement,"Vehicle, Recovered, Mobile Home or House Trailer",Recovered Vehicle,IS,Recovered Vehicle,07044,10
Vehicle Supplement,Carjacking with a Knife,Robbery - Carjacking,VS,Robbery,03082,10
Initial,"Weapon, Taking or Attempting to Take from Peace Officer",Other,II,Other Miscellaneous,26213,10
Vehicle Initial,"Vehicle, Stolen, Attempted",Motor Vehicle Theft (Attempted),VI,Motor Vehicle Theft,07051,10
Vehicle Initial,"Theft, From Unlocked Vehicle, >$950",Larceny - From Vehicle,VI,Larceny Theft,06224,10
Initial Supplement,"Rape, Assault To, W/ Force",Rape - Attempted,IS,Rape,02104,10
Initial Supplement,"False Claims, Presenting to Government",Fraud,IS,Fraud,09173,10
Initial,"Heroin, Transportation",Drug Violation,II,Drug Offense,16130,10
Initial,"Permit Violation, Sidewalk Sales",Other,II,Other Offenses,30006,10
Initial,"Aerosol Container; Sale, Purchase or Possession of",Vandalism,II,Malicious Mischief,28168,9
Initial Supplement,"Burglary, Apt Under Constr., Forcible Entry",Burglary - Residential,IS,Burglary,05111,9
Initial Supplement,Firearm Possession in School Zone,Weapons Offense,IS,Disorderly Conduct,19083,9
Initial Supplement,"Death, Accidental",Other,IS,Other,61010,9
Initial,"Theft, Motorcycle Strip, >$950",Larceny - Auto Parts,II,Larceny Theft,06214,9
Initial Supplement,"Robbery, Att., Chain Store, W/ Gun",Robbery - Commercial,IS,Robbery,03441,9
Vehicle Initial,"Vehicle, Recovered, Mobile Home or House Trailer",Recovered Vehicle,VI,Recovered Vehicle,07044,9
Initial,"Letters, Opening Sealed",Other,II,Malicious Mischief,28170,9
Initial Supplement,Loitering for Purpose of Prostitution,Prostitution,IS,Prostitution,13075,9
Initial Supplement,"Theft, Pickpocket, <$50",Larceny Theft - Pickpocket,IS,Larceny Theft,06111,9
Initial Supplement,"Theft, False Pretenses, Misd.",Fraud,IS,Fraud,10120,9
Initial,Accessory or Aid Or Harbor Felon,Other,II,Other Miscellaneous,26020,9
Initial,"Robbery, Att., Bank, W/ Gun",Robbery - Commercial,II,Robbery,03461,9
Initial,"Civil Rights, incl. Injury, Threat, or Damage (Hate Crimes)",Intimidation,II,Disorderly Conduct,19053,9
Coplogic Supplement,"Access Card or Signature, Forgery of",Forgery And Counterfeiting,IS,Forgery And Counterfeiting,09110,9
Vehicle Supplement,"Burglary, Non-residential, Unlawful Entry",Burglary - Other,VS,Burglary,05153,9
Initial Supplement,"Destructive Device, Possession",Weapons Offense,IS,Weapons Offense,12065,9
Vehicle Initial,Conspiracy,Other,VI,Other Miscellaneous,26080,9
Initial,"Bathroom Hole, Looking through",Sex Offense,II,Sex Offense,14042,9
Initial Supplement,"Phone Calls, Harassing, to 911",Other,IS,Malicious Mischief,28136,9
Coplogic Supplement,"Theft, Bicycle, $200-$950",Larceny Theft - Bicycle,IS,Larceny Theft,06313,9
Initial Supplement,"Sex Offender, Misc. Investigation",,IS,,14024,9
Initial Supplement,"Kidnapping, Attempted (Adult victim)",Kidnapping,IS,Other Miscellaneous,26143,9
Initial Supplement,"Methamphetamine, Transportation",Drug Violation,IS,Drug Offense,16656,9
Vehicle Supplement,Carjacking with a Dangerous Weapon,Robbery - Carjacking,VS,Robbery,03083,9
Initial Supplement,"Assault, Aggravated, On Police Officer, W/ Gun",Aggravated Assault,IS,Assault,04093,9
Initial,"Burglary, Hotel Room, Att. Forcible Entry",Burglary - Residential,II,Burglary,05032,9
Initial,"Theft, Short Change",Fraud,II,Fraud,10140,9
Initial Supplement,"Fire, Unlawfully Causing",Arson,IS,Arson,26039,9
Vehicle Initial,"Traffic Collision, Hit & Run, Property Damage",Traffic Collision - Hit & Run,VI,Traffic Collision,68060,9
Initial Supplement,"Machine Gun or Sawed-off Shotgun, Possession",Weapons Offense,IS,Weapons Carrying Etc,12110,9
Vehicle Initial,"Theft, Boat",,VI,,06377,9
Initial Supplement,Impersonating A Police Officer,Other,IS,Other Miscellaneous,27070,9
Vehicle Initial,"Robbery, W/ Gun",Robbery - Other,VI,Robbery,03071,9
Initial,Disturbing Religious Meetings,Disorderly Conduct,II,Disorderly Conduct,19025,9
Initial,"Financial Statements, False",Fraud,II,Fraud,09167,8
Initial Supplement,"Air Gun, Possession",Other,IS,Other Offenses,30140,8
Initial Supplement,"Robbery, Service Station, W/ Gun",Robbery - Commercial,IS,Robbery,03031,8
Initial,Loitering Around Public Toilet For Lewd Act,Disorderly Conduct,II,Disorderly Conduct,13120,8
Initial Supplement,Riot,Disorderly Conduct,IS,Disorderly Conduct,19031,8
Vehicle Supplement,"Theft, From Building, >$950",Larceny Theft - From Building,VS,Larceny Theft,06304,8
Vehicle Supplement,"License Plate, Lost",Other Offenses,VS,Other Offenses,71010,8
Initial Supplement,Threatening School or Public Employee,Intimidation,IS,Other Miscellaneous,26210,8
Vehicle Initial,"Embezzlement, Grand Theft Leased Property",Embezzlement,VI,Embezzlement,10065,8
Initial,"Drug Lab Apparatus, Possession",Drug Violation,II,Drug Offense,16712,8
Initial Supplement,"Burglary, Safe,  Residence",Burglary - Residential,IS,Burglary,05241,8
Initial Supplement,Suicide By Firearms,Suicide,IS,Suicide,60150,8
Initial,Assault to Commit Mayhem or Specific Sex Offenses,Aggravated Assault,II,Assault,04145,8
Initial Supplement,"Stolen Electronics, Possession",Stolen Property,IS,Stolen Property,11016,8
Initial,"Robbery,  ATM, Gun, Att.",Robbery - Other,II,Robbery,03491,8
Initial,Opium Derivative Offense,Drug Violation,II,Drug Offense,16310,8
Initial Supplement,Unlawful Assembly,Loitering,IS,Disorderly Conduct,19100,8
Initial,"Robbery, Att., Residence, W/ Force",Robbery - Residential,II,Robbery,03454,8
Initial,Falsification of Medical Records,Fraud,II,Fraud,09162,8
Initial,"Theft, Pickpocket, Attempted",Larceny Theft - Pickpocket,II,Larceny Theft,06110,8
Initial,"Robbery, Att., Comm. Establ. W/ Knife",Robbery - Commercial,II,Robbery,03422,8
Initial Supplement,Pandering,Prostitution,IS,Prostitution,13020,8
Initial Supplement,"Privacy, Invasion of  (general)",Fraud,IS,Fraud,09267,8
Initial Supplement,"Theft, From Building, Att.",Larceny Theft - From Building,IS,Larceny Theft,06300,8
Initial Supplement,Falsifying Judicial & Public Records & Documents,Forgery And Counterfeiting,IS,Forgery And Counterfeiting,09175,8
Initial Supplement,Dissuading/Threatening Of A Witness,Intimidation,IS,Other Miscellaneous,26135,8
Initial,Impersonating Public Utility Member,Other,II,Other Miscellaneous,27072,8
Initial,SFMTA Parking and Control Officer,,II,,74024,8
Initial Supplement,"Checks, Theft/Non-sufficient Funds, Felony",Bad Checks,IS,Fraud,09035,8
Initial Supplement,"Theft, Bicycle, Att.",Larceny Theft - Bicycle,IS,Larceny Theft,06310,8
Vehicle Initial,"Burglary, Apartment House, Forcible Entry",Burglary - Residential,VI,Burglary,05011,7
Initial,"Soliciting, Aggressive",Other,II,Other Offenses,30191,7
Initial Supplement,"Civil Sidewalks, Violation",Other,IS,Civil Sidewalks,64000,7
Initial Supplement,"Burglary, Flat, Att. Forcible Entry",Burglary - Residential,IS,Burglary,05022,7
Vehicle Supplement,"Traffic Collision, Hit & Run, Property Damage",Traffic Collision - Hit & Run,VS,Traffic Collision,68060,7
Initial Supplement,"Hallucinogenic, Sale",Drug Violation,IS,Drug Offense,16430,7
Initial,"Legal Instruments, Uttering False Checks, etc. (misd.)",Other,II,Other Miscellaneous,09010,7
Initial Supplement,"Sex Offender Failure to Register, Transient Violation",,IS,,14022,7
Initial Supplement,Assault to Commit Mayhem or Specific Sex Offenses,Aggravated Assault,IS,Assault,04145,7
Initial,"Theft, Purse Snatch, Att.",Larceny Theft - Purse Snatch,II,Larceny Theft,06130,7
Initial,"Marijuana, Furnishing",Drug Violation,II,Drug Offense,16050,7
Initial Supplement,"Firearm, Tampering With Marks",Weapons Offense,IS,Weapons Carrying Etc,12140,7
Vehicle Initial,"Theft, Bicycle, $200-$950",Larceny Theft - Bicycle,VI,Larceny Theft,06313,7
Initial,"Theft, Short Change, >$950",Larceny Theft - Other,II,Larceny Theft,10145,7
Initial Supplement,"VIN, Alter Or Remove",Forgery And Counterfeiting,IS,Forgery And Counterfeiting,07201,7
Initial Supplement,"Burglary, Flat Under Constr., Unlawful Entry",Burglary - Residential,IS,Burglary,05123,7
Initial Supplement,"Driving, Reckless, Motorcycle Takeover (Dirt Bike, ATV, OHV)",,IS,,65022,7
Initial Supplement,"Gambling Devices, Possession",Gambling,IS,Gambling,66030,7
Initial,Loitering near ATM,Loitering,II,Offences Against The Family And Children,15401,7
Initial Supplement,"Robbery, Comml. Establ. W/ A Knife",Robbery - Commercial,IS,Robbery,03022,7
Initial Supplement,"Stolen Checks, Possession",Stolen Property,IS,Stolen Property,11017,7
Initial Supplement,"Caustic Chemical, Possession",Weapons Offense,IS,Weapons Offense,12055,7
Initial,"Parking Meters, Damage to",Vandalism,II,Malicious Mischief,28040,7
Initial,Refusing To Disperse Upon Lawful Command,Loitering,II,Disorderly Conduct,19070,7
Initial,"Fire Bomb, Possession or Use",Weapons Offense,II,Weapons Carrying Etc,12070,7
Initial Supplement,"Obstructions On Streets, Sidewalks",Other,IS,Other Offenses,30080,7
Vehicle Initial,"Theft, Bicycle, <$50, serial number known",Larceny Theft - Bicycle,VI,Larceny Theft,06315,7
Initial,Trespassing On Railroad Trains,Trespass,II,Other Miscellaneous,27200,7
Initial Supplement,"Civil Sidewalks, Booking",Other,IS,Civil Sidewalks,64003,7
Initial,"Theft, Animal, Att.",,II,,06378,7
Initial,Military Ordinance,,II,,12075,7
Initial Supplement,Hallucinogenics Offense,Drug Violation,IS,Drug Offense,16410,7
Initial,Crimes Against Revenue & Property of State,Fraud,II,Fraud,09161,7
Initial Supplement,"Burglary, Flat Under Constr., Forcible Entry",Burglary - Residential,IS,Burglary,05121,7
Initial Supplement,"Controlled Substance, Transportation",Drug Violation,IS,Drug Offense,16666,7
Initial Supplement,"Stolen Cellular Phone, non-cloned, Possession",Stolen Property,IS,Stolen Property,11014,7
Initial Supplement,"Malicious Mischief, Breaking Windows With BB Gun",Vandalism,IS,Malicious Mischief,28110,7
Initial Supplement,"Disturbing The Peace, Swearing",Disorderly Conduct,IS,Disorderly Conduct,19028,7
Initial Supplement,"Theft, Purse Snatch, >$950",Larceny Theft - Purse Snatch,IS,Larceny Theft,06134,7
Initial Supplement,"Opiates, Transportation",Drug Violation,IS,Drug Offense,16240,6
Vehicle Initial,Found Person,Missing Person,VI,Missing Person,75000,6
Vehicle Initial,"Vehicle Registration, False Evidence of",Forgery And Counterfeiting,VI,Forgery And Counterfeiting,07200,6
Coplogic Supplement,"Theft, Lost Property, Petty",Larceny Theft - Other,IS,Larceny Theft,27090,6
Initial,Accidental Lacerations,Non-Criminal,II,Non-Criminal,51020,6
Vehicle Supplement,"Vehicle, Rental, Failure to Return",Embezzlement,VS,Embezzlement,07056,6
Initial,"Driving, Drag Racing",Arrest,II,Other Miscellaneous,65013,6
Initial,Terrorizing by Arson or Explosive Device,Intimidation,II,Offences Against The Family And Children,15303,6
Initial Supplement,"Robbery, Att., Street or Public Place, W/ Other Weapon",Robbery - Street,IS,Robbery,03413,6
Initial Supplement,"Burglary, Residence Under Constr, Att. Forcible",Burglary - Residential,IS,Burglary,05142,6
Initial Supplement,Methadone Offense,Drug Violation,IS,Drug Offense,16630,6
Initial,Riot,Disorderly Conduct,II,Disorderly Conduct,19031,6
Initial Supplement,VIN Switch,Other,IS,Other Miscellaneous,07203,6
Vehicle Initial,"Theft, From Locked Vehicle, <$50",Larceny - From Vehicle,VI,Larceny Theft,06241,6
Initial Supplement,Auto Impounded,,IS,,64100,6
Initial Supplement,"Robbery, Att., Chain Store, W/ Knife",Robbery - Commercial,IS,Robbery,03442,6
Initial,"Theft, By Prostitute, $200-$400",Larceny Theft - Other,II,Larceny Theft,06143,6
Initial Supplement,"Embezzlement, Petty Theft By Employee",Embezzlement,IS,Embezzlement,10040,6
Initial Supplement,"Robbery, Att., Residence, W/ Force",Robbery - Residential,IS,Robbery,03454,6
Coplogic Initial,"Theft, Shoplifting, $50-$200",Larceny Theft - Shoplifting,II,Larceny Theft,06362,6
Initial Supplement,"Public Health Order Violation, After Notification",,IS,,27401,6
Initial Supplement,"Arson, Vacant Building",Arson,IS,Arson,26035,6
Initial Supplement,"Stolen Computer, Possession",Stolen Property,IS,Stolen Property,11015,6
Initial Supplement,"Public Transit, Acts Against",Other,IS,Other Offenses,30180,6
Vehicle Supplement,"Malicious Mischief, Vandalism to Vehicle",Vandalism,VS,Malicious Mischief,28160,6
Initial,"Theft, Grand, by Fiduciary, >$950 in 12 months",Larceny Theft - Other,II,Larceny Theft,06391,6
Initial Supplement,"Robbery, Att., Bank, W/ Gun",Robbery - Commercial,IS,Robbery,03461,6
Initial,"Assault, Att. Mayhem, W/ Force",Aggravated Assault,II,Assault,04054,6
Initial,"Firearm Silencer, Possession",Weapons Offense,II,Weapons Carrying Etc,12090,6
Initial,"Robbery, Service Station W/ Other Weapon",Robbery - Commercial,II,Robbery,03033,6
Vehicle Initial,Embezzlement (general),Embezzlement,VI,Embezzlement,10090,6
Vehicle Initial,"Malicious Mischief, Vandalism to Property",Vandalism,VI,Malicious Mischief,28150,6
Initial,"Hazardous Materials, Dumping in Unauthorized Location",Non-Criminal,II,Non-Criminal,72023,6
Initial Supplement,"Robbery,  ATM, Force.",Robbery - Other,IS,Robbery,03094,6
Initial,"Police Broadcast, Interception to Commit Crime",Other,II,Other Miscellaneous,27174,6
Initial,Perjury,Other,II,Other Miscellaneous,26160,6
Initial Supplement,"Robbery, Residence, W/ Other Weapon",Robbery - Commercial,IS,Robbery,03053,6
Initial Supplement,"Vehicle, Open Container Of Alcohol In",Liquor Law Violation,IS,Other Miscellaneous,65055,6
Initial,Trespassing or Loitering Near Posted Industrial Property,Trespass,II,Other Miscellaneous,27197,6
Initial Supplement,Kidnapping during Carjacking,Kidnapping,IS,Other Miscellaneous,26149,6
Vehicle Initial,"Burglary, Non-residential, Forcible Entry",Burglary - Other,VI,Burglary,05151,6
Vehicle Supplement,"Identification To Peace Officer, False",Fraud,VS,Other Miscellaneous,27065,6
Initial,"Rape, Spousal",Rape,II,Rape,02005,6
Initial,Labor Code Violation,Other,II,Other Miscellaneous,27210,6
Vehicle Initial,"Fraudulent Game or Trick, Obtaining Money or Property",Fraud,VI,Fraud,09024,6
Initial,"Robbery, Bank, W/ Knife",Robbery - Commercial,II,Robbery,03062,6
Initial Supplement,"House of Prostitution, Keeping or Residing in",Prostitution,IS,Prostitution,13010,6
Initial,"Eavesdropping Devices, Sale or Use",Fraud,II,Fraud,09270,6
Initial Supplement,"Firearm, Possession of While Wearing Mask",Weapons Offense,IS,Weapons Carrying Etc,12169,6
Initial Supplement,"Shooting, Accidental",Non-Criminal,IS,Non-Criminal,51030,6
Initial,Obscene Movies or Acts,Other,II,Other Offenses,30070,5
Initial Supplement,"Identification, Government, Possess, Make or Sell False",Fraud,IS,Fraud,09166,5
Initial,Megan's Law Notification,Other,II,Offences Against The Family And Children,15097,5
Initial Supplement,"Rape, Forcible, W/ Force",Rape,IS,Rape,02004,5
Vehicle Initial,"Theft, Vehicle Strip, >$950",Larceny - Auto Parts,VI,Larceny Theft,06234,5
Initial Supplement,Graffiti on Government Vehicles or Public Transportation,Vandalism,IS,Malicious Mischief,28169,5
Coplogic Initial,"Money, Property or Labor, Fraudulently Obtaining",Stolen Property,II,Stolen Property,09031,5
Initial Supplement,"Burglary, Warehouse, Att. Forcible Entry",Burglary - Commercial,IS,Burglary,05062,5
Initial Supplement,"Public Health Order Violation, Notification",,IS,,27400,5
Vehicle Initial,"Theft, From Building, <$50",Larceny Theft - From Building,VI,Larceny Theft,06301,5
Initial Supplement,"Burglary, Apt Under Constr., Unlawful Entry",Burglary - Residential,IS,Burglary,05113,5
Initial,"Theft, Coin Operated Machine, Att.",Larceny Theft - Other,II,Larceny Theft,06340,5
Vehicle Initial,"Vehicle, Impounded",Vehicle Impounded,VI,Vehicle Impounded,07053,5
Vehicle Supplement,Conspiracy,Other,VS,Other Miscellaneous,26080,5
Initial Supplement,"Burglary, Other Bldg. Under Constr., Att. Forcible",Burglary - Other,IS,Burglary,05172,5
Initial Supplement,"Robbery,  ATM, Other Weapon",Robbery - Other,IS,Robbery,03093,5
Coplogic Supplement,"Access Card Information, Theft of",Fraud,IS,Fraud,09164,5
Initial Supplement,"Burglary, Hotel Room, Forcible Entry",Burglary - Residential,IS,Burglary,05031,5
Vehicle Initial,Battery,Simple Assault,VI,Assault,04134,5
Initial Supplement,"Robbery, Service Station, W/ Force",Robbery - Commercial,IS,Robbery,03034,5
Initial,"Sexual Contact with Patient, former Patient",Sex Offense,II,Sex Offense,14031,5
Initial,"Burglary, Warehouse Under Constr, Unlawful Entry",Burglary - Commercial,II,Burglary,05163,5
Initial,Kidnapping for Ransom or Extortion,Kidnapping,II,Other Miscellaneous,26140,5
Initial,"Conceal Crime or Withhold Evidence, Accepting Payment to",Bribery,II,Other Miscellaneous,26061,5
Initial,VIN Switch,Other,II,Other Miscellaneous,07203,5
Initial,"Firearms, Seizing at Scene of DVU",Other,II,Offences Against The Family And Children,15154,5
Initial Supplement,Other Offenses Against Public Justice,Other,IS,Other Miscellaneous,27066,5
Initial,"Taxi Fare, Overcharging",Other,II,Other Offenses,30120,5
Vehicle Initial,Trespassing,Trespass,VI,Other Miscellaneous,27195,5
Initial,"Procurement, Pimping, & Pandering",,II,,13072,5
Initial Supplement,"Weapon, Deadly, Exhibiting to Resist Arrest",Other,IS,Other Miscellaneous,27173,5
Coplogic Initial,"Theft, From Locked Vehicle, Att.",Larceny - From Vehicle,II,Larceny Theft,06240,5
Initial Supplement,Discharging Offensive or Injurious Substance in Public Area,Other Offenses,IS,Other Offenses,68055,5
Initial,"Endless Chain Schemes, Ponzi Schemes",Fraud,II,Fraud,09023,5
Initial Supplement,"Weapon, Deadly, Possession W/ Intent To Assault",Weapons Offense,IS,Weapons Offense,12060,5
Vehicle Supplement,"Burglary, Store, Forcible Entry",Burglary - Commercial,VS,Burglary,05051,5
Vehicle Supplement,"Vehicle, Stolen, Mobile Home or House Trailer",Motor Vehicle Theft,VS,Motor Vehicle Theft,07024,5
Initial Supplement,"Vehicle, Rental, Failure to Return",Embezzlement,IS,Embezzlement,07056,5
Initial,"Assault, Aggravated, On Police Officer, W/ Gun",Aggravated Assault,II,Assault,04093,5
Initial Supplement,"Cellular or Cordless Phone Communications, Intercepting",Fraud,IS,Fraud,09269,5
Vehicle Initial,Lost Property,Lost Property,VI,Lost Property,71000,5
Initial Supplement,"Robbery, Residence, W/ Knife",Robbery - Commercial,IS,Robbery,03052,5
Initial,Harbor & Navigations Code Violation (general),Other,II,Other Miscellaneous,65080,5
Initial Supplement,Liquor Law Violation (general),Liquor Law Violation,IS,Liquor Laws,17030,5
Vehicle Supplement,"Burglary Tools, Possession Of w/prior",Other,VS,Other Miscellaneous,27131,5
Initial Supplement,"Robbery, Bank, W/ Knife",Robbery - Commercial,IS,Robbery,03062,5
Initial Supplement,Damage To Mail Box,Vandalism,IS,Malicious Mischief,28030,5
Initial,"Opium Derivative, Possession For Sale",Drug Violation,II,Drug Offense,16320,4
Vehicle Supplement,Arson of Vehicle,Arson,VS,Arson,26031,4
Initial,"Burglary, Safe,  Hotel",Burglary - Residential,II,Burglary,05231,4
Initial Supplement,"Marijuana, Sales",Drug Violation,IS,Drug Offense,16040,4
Initial Supplement,"Amphetamine, Possession For Sale",Drug Violation,IS,Drug Offense,16642,4
Vehicle Initial,"Identification To Peace Officer, False",Fraud,VI,Other Miscellaneous,27065,4
Initial Supplement,"Dog, Stray or Vicious",Other,IS,Non-Criminal,64012,4
Initial Supplement,"School Property, Disturbance on",Disorderly Conduct,IS,Disorderly Conduct,19081,4
Initial,Trespass within 30 days of Credible Threat,Disorderly Conduct,II,Disorderly Conduct,19058,4
Initial,Lotteries (general),Gambling,II,Gambling,66050,4
Vehicle Initial,"Robbery, W/ Force",Robbery - Other,VI,Robbery,03074,4
Initial,"Cloned Cellular Phone, Use",,II,,06399,4
Initial Supplement,Defrauding Gas Station/Taxi Driver,Other,IS,Other Offenses,30030,4
Vehicle Initial,"Theft, From Unlocked Vehicle, $200-$950",Larceny - From Vehicle,VI,Larceny Theft,06223,4
Initial,"Wiretaps, Unauthorized",Fraud,II,Fraud,09268,4
Vehicle Supplement,"Vehicle, Tampering",Vandalism,VS,Vandalism,07100,4
Initial Supplement,"Theft, Trick & Device, Misd.",Fraud,IS,Fraud,10110,4
Initial Supplement,"Theft, Bicycle, <$50, serial number known",Larceny Theft - Bicycle,IS,Larceny Theft,06315,4
Vehicle Supplement,"Traffic Collision, Hit & Run, Injury",Traffic Collision - Hit & Run,VS,Traffic Collision,68069,4
Initial,"Suicide By Asphyxiation, Att.",Suicide,II,Suicide,60020,4
Initial Supplement,"Embezzlement, Grand Theft By Brokers/Agents",Embezzlement,IS,Embezzlement,10025,4
Vehicle Initial,"Theft, Other Property, $50-$200",Larceny Theft - Other,VI,Larceny Theft,06372,4
Vehicle Supplement,"Theft, Vehicle Strip, >$950",Larceny - Auto Parts,VS,Larceny Theft,06234,4
Initial Supplement,"Death, Non-manslaughter Vehicle Accident",Other,IS,Other,61020,4
Initial Supplement,"Theft, Purse Snatch, $200-$950",Larceny Theft - Purse Snatch,IS,Larceny Theft,06133,4
Initial,"Theft, Motorcycle Strip, $50-$200",Larceny - Auto Parts,II,Larceny Theft,06212,4
Initial Supplement,"Alcohol, License Required To Sell",Liquor Law Violation,IS,Liquor Laws,17020,4
Initial Supplement,Suicide By Jumping,Suicide,IS,Suicide,60170,4
Initial,"Embezzlement, Petty Theft, Leased Property",Embezzlement,II,Embezzlement,10060,4
Initial,"Theft, Drunk Roll, Att.",Larceny Theft - Other,II,Larceny Theft,06120,4
Initial,"Assault, Mayhem, W/ Gun",Aggravated Assault,II,Assault,04061,4
Initial,"Robbery,  ATM, Other Weapon, Att.",Robbery - Other,II,Robbery,03493,4
Initial,Suicide By Ingestion,Suicide,II,Suicide,60160,4
Initial Supplement,Loitering Without Lawful Business With Owner or Occupant,Loitering,IS,Other Miscellaneous,27198,4
Initial Supplement,"Burglary, Hotel Under Constr., Forcible Entry",Burglary - Residential,IS,Burglary,05131,4
Initial,"License Plate, Lost",Other Offenses,II,Other Offenses,71010,4
Initial,"Access Card Information, Publication of",Fraud,II,Fraud,09165,4
Initial,Evading Payment of Railroad Fare,Larceny Theft - Other,II,Other Miscellaneous,27201,4
Vehicle Supplement,Embezzlement (general),Embezzlement,VS,Embezzlement,10090,4
Initial Supplement,"Fireworks, Throw at Person or Discharge in Crowd",Other,IS,Other Miscellaneous,27185,4
Vehicle Initial,"Theft, From Unlocked Vehicle, <$50",Larceny - From Vehicle,VI,Larceny Theft,06221,4
Initial,"Suicide By Firearms, Att.",Suicide,II,Suicide,60050,4
Vehicle Supplement,"Weapon, Carrying Concealed",Weapons Offense,VS,Weapons Offense,12015,4
Initial,"Burglary, Warehouse Under Constr, Forcible Entry",Burglary - Commercial,II,Burglary,05161,4
Initial,"Robbery, Att., Service Station, W/ Gun",Robbery - Commercial,II,Robbery,03431,4
Initial Supplement,Peddling Without A License,Other,IS,Other Offenses,30130,4
Vehicle Initial,False Personation,Fraud,VI,Fraud,09027,4
Initial,"Drug Offender, Presence  near School Grounds",Other,II,Disorderly Conduct,19086,4
Vehicle Supplement,Traffic Violation Arrest,Traffic Violation Arrest,VS,Traffic Violation Arrest,65010,4
Vehicle Initial,"Theft, From Building, $200-$950",Larceny Theft - From Building,VI,Larceny Theft,06303,4
Initial,"Burglary, Flat Under Constr., Att. Forcible",Burglary - Residential,II,Burglary,05122,4
Vehicle Initial,"Assault, Aggravated, W/ Other Weapon",Aggravated Assault,VI,Assault,04013,4
Initial Supplement,"Theft, Bicycle, $50-$200",Larceny Theft - Bicycle,IS,Larceny Theft,06312,4
Initial Supplement,"Assault, Att. Mayhem, W/ Other Weapon",Aggravated Assault,IS,Assault,04053,4
Initial Supplement,"Homicide, W/ Other Weapon",Homicide,IS,Homicide,01003,4
Vehicle Initial,False Personation to Receive Money or Property,Fraud,VI,Fraud,09029,4
Initial,"Narcotics Addict, Failure To Register",Drug Violation,II,Drug Offense,16750,4
Initial,"Embezzlement, Grand Theft Private Property",Embezzlement,II,Embezzlement,10075,4
Initial Supplement,"Theft of Telecommunication Services, incl. Clone Phone",Larceny Theft - Other,IS,Larceny Theft,06398,4
Initial Supplement,"Theft, From Person, Att. (other than Pickpocket)",Larceny Theft - Other,IS,Larceny Theft,06150,4
Vehicle Supplement,"Weapon, Prohibited, Possession, Sale, Mfg., Import",Weapons Offense,VS,Weapons Carrying Etc,12120,4
Initial,"Theft, Drunk Roll, <$50",Larceny Theft - Other,II,Larceny Theft,06121,4
Initial,SFMTA Employee-Non Operator/Station Agent-Other Employee,,II,,74022,4
Initial Supplement,"Audiovisual (Video or Sound) Recordings, Unauthorized",Fraud,IS,Fraud,09271,4
Initial Supplement,"Burglary, Warehouse Under Constr, Forcible Entry",Burglary - Commercial,IS,Burglary,05161,4
Initial Supplement,Perjury,Other,IS,Other Miscellaneous,26160,4
Initial Supplement,"Robbery, Att., Service Station, W/ Gun",Robbery - Commercial,IS,Robbery,03431,4
Initial Supplement,Unemployment Insurance Act Violation,Other,IS,Other Miscellaneous,27220,4
Initial Supplement,"Weapon, Concealed, Loitering While Carrying",Weapons Offense,IS,Weapons Offence,12050,4
Initial Supplement,"Oral Copulation, Unlawful (Adult Victim)",Rape,IS,Rape,14052,4
Initial Supplement,"Assault, Att. Mayhem, W/ Force",Aggravated Assault,IS,Assault,04054,3
Vehicle Initial,"Theft, Boat",Larceny Theft - Other,VI,Larceny Theft,06375,3
Vehicle Supplement,Opiates Offense,Drug Violation,VS,Drug Offense,16210,3
Initial Supplement,Engaging In Lewd Act,Disorderly Conduct,IS,Disorderly Conduct,13115,3
Initial,"Prisoner, Rescuing From Lawful Custody",Other,II,Other Miscellaneous,26175,3
Vehicle Supplement,"Access Card, incl. Credit, Phone, ATM, Fraudulent Use of",Fraud,VS,Fraud,09320,3
Vehicle Initial,"Theft, From Person, >$950 (other than Pickpocket)",Larceny Theft - Other,VI,Larceny Theft,06154,3
Initial Supplement,"Fire Protection Equipment, Tampering with",Vandalism,IS,Malicious Mischief,28020,3
Vehicle Initial,Kidnapping during Carjacking,Kidnapping,VI,Other Miscellaneous,26149,3
Initial Supplement,"Arson, Portable Toilet",Arson,IS,Arson,26037,3
Initial,School Student or Employee Entering  Campus after Suspension or Dismissal,Loitering,II,Disorderly Conduct,19088,3
Coplogic Supplement,"Theft, Shoplifting, $200-$950",Larceny Theft - Shoplifting,IS,Larceny Theft,06363,3
Vehicle Initial,"Assault, Aggravated, W/ Force",Aggravated Assault,VI,Assault,04014,3
Initial Supplement,Suicide By Laceration/Stabbing,Suicide,IS,Suicide,60180,3
Initial,"Hazardous Materials,  Dump any Substance into Water",Non-Criminal,II,Non-Criminal,71019,3
Initial Supplement,"Switchblade Knife, Possession",Weapons Offense,IS,Weapons Carrying Etc,12164,3
Vehicle Supplement,Arson,Arson,VS,Arson,26030,3
Initial,"Theft, Phone Booth, $50-$200",,II,,06352,3
Initial,"Aerosol Paint & Marker Pens, Display & Storage",Other,II,Other Offenses,30192,3
Initial Supplement,"Aerosol Paint & Marker Pens, Display & Storage",Other,IS,Other Offenses,30192,3
Initial Supplement,"School, Public, Trespass",Trespass,IS,Disorderly Conduct,19082,3
Initial Supplement,"Vehicle, Misplaced",Vehicle Misplaced,IS,Vehicle Misplaced,07054,3
Initial Supplement,"Civil Sidewalks, Citation",Other,IS,Civil Sidewalks,64002,3
Vehicle Initial,"Ammunition, Poss. By Prohibited Person",Weapons Offense,VI,Weapons Carrying Etc,12173,3
Initial,"Assault, Commission of While Armed",,II,,12020,3
Initial,"Cable TV Connection or Decoding Device, Unauthorized",Fraud,II,Fraud,09265,3
Initial Supplement,"Financial Statements, False",Fraud,IS,Fraud,09167,3
Initial Supplement,"Robbery, Att., Comm. Establ. W/ Knife",Robbery - Commercial,IS,Robbery,03422,3
Initial Supplement,"Manslaughter, Accidental, W/ Other Weapon",Manslaughter,IS,Homicide,01133,3
Initial Supplement,"Opium Derivative, Possession For Sale",Drug Violation,IS,Drug Offense,16320,3
Initial,"Explosives, Illegal Transportation",Weapons Offense,II,Weapons Carrying Etc,12150,3
Initial Supplement,"Suicide By Jumping, Att.",Suicide,IS,Suicide,60070,3
Initial Supplement,"Robbery, Att., Comm. Establ. With Other Weapon",Robbery - Commercial,IS,Robbery,03423,3
Initial Supplement,"Assault, Att. Homicide, Explosives",Aggravated Assault,IS,Assault,04026,3
Initial Supplement,"Vehicle, Throwing Substance At",Other,IS,Other Miscellaneous,65070,3
Vehicle Initial,"Theft, Other Property, $200-$950",Larceny Theft - Other,VI,Larceny Theft,06373,3
Initial Supplement,"Robbery,  ATM, Knife",Robbery - Other,IS,Robbery,03092,3
Vehicle Supplement,"Warrant Arrest, Enroute To Dept. Of Corrections",Warrant,VS,Warrant,62020,3
Initial,Lynching by Riot,Disorderly Conduct,II,Disorderly Conduct,19032,3
Initial Supplement,"Theft, Short Change, >$950",Larceny Theft - Other,IS,Larceny Theft,10145,3
Initial Supplement,"Burglary, Hotel Under Constr., Unlawful Entry",Burglary - Residential,IS,Burglary,05133,3
Initial,"Rape, Assault To, W/ Other Weapon",Rape - Attempted,II,Rape,02103,3
Initial Supplement,"Theft, Coin Operated Machine, $200-$950",Larceny Theft - Other,IS,Larceny Theft,06343,3
Initial,"Vehicle, Misplaced",Vehicle Misplaced,II,Vehicle Misplaced,07054,3
Initial Supplement,"Conceal Crime or Withhold Evidence, Accepting Payment to",Bribery,IS,Other Miscellaneous,26061,3
Initial,"Forgery, Government Or Corporate Seals",Forgery And Counterfeiting,II,Forgery And Counterfeiting,09140,3
Initial,Impersonating Fire Department Member,Other,II,Other Miscellaneous,27071,3
Initial Supplement,"Homicide, W/ Force",Homicide,IS,Homicide,01004,3
Initial,Wearing Mask or Disguise for Unlawful Purpose,Other,II,Other Miscellaneous,09021,3
Vehicle Supplement,"Theft, From Locked Vehicle, $200-$950",Larceny - From Vehicle,VS,Larceny Theft,06243,3
Initial,Escapes,Other,II,Other Miscellaneous,26177,3
Vehicle Initial,"Assault, Aggravated, W/ Gun",Aggravated Assault,VI,Assault,04011,3
Vehicle Supplement,Aided Case,Non-Criminal,VS,Non-Criminal,51040,3
Initial Supplement,"Abortion, Unlawful",Other,IS,Other Miscellaneous,26010,3
Initial,"Homicide, W/ Other Weapon",Homicide,II,Homicide,01003,3
Vehicle Initial,Aided Case,Non-Criminal,VI,Non-Criminal,51040,3
Initial,"Gambling Paraphernalia, Possession",Gambling,II,Gambling,66040,3
Initial Supplement,"Robbery, Att., Chain Store, W/ Other Weapon",Robbery - Commercial,IS,Robbery,03443,3
Initial Supplement,Military Ordinance,,IS,,12075,3
Vehicle Initial,"Weapon, Prohibited, Possession, Sale, Mfg., Import",Weapons Offense,VI,Weapons Carrying Etc,12120,3
Vehicle Initial,"Robbery, Street or Public Place, W/ Gun",Robbery - Street,VI,Robbery,03011,3
Vehicle Initial,"Burglary, Flat, Unlawful Entry",Burglary - Residential,VI,Burglary,05023,3
Initial Supplement,"Penetration, Forced, with Object",Rape,IS,Rape,02020,3
Initial Supplement,Obstructing Public Thoroughfare  (or 647(c) PC),Loitering,IS,Disorderly Conduct,19060,3
Vehicle Initial,"Robbery, Street or Public Place, W/ Force",Robbery - Street,VI,Robbery,03014,3
Initial Supplement,"Burglary, Hotel Room, Att. Forcible Entry",Burglary - Residential,IS,Burglary,05032,3
Initial,Assault During Labor Dispute,Simple Assault,II,Assault,04124,3
Initial Supplement,"Destructive Device, Possession of Materials",Weapons Offense,IS,Weapons Offense,12024,3
Initial Supplement,"Wiretaps, Unauthorized",Fraud,IS,Fraud,09268,3
Initial Supplement,"Disturbing The Peace, Commotion",Disorderly Conduct,IS,Disorderly Conduct,19020,3
Vehicle Supplement,"Robbery, Comml. Establ., W/ Gun",Robbery - Commercial,VS,Robbery,03021,3
Initial,Human Trafficking (B)-Involuntary Servitude (not sex-related),"Human Trafficking, Involuntary Servitude",II,"Human Trafficking (B), Involuntary Servitude",13080,3
Initial Supplement,Sales of Cocaine Base/Schoolyard Trafficking Act Violation,Drug Violation,IS,Drug Offense,16629,3
Initial,"Hypodermic Needle or Syringe, Possession",Drug Violation,II,Drug Offense,16711,3
Vehicle Initial,"Theft, Grand, of Firearm",Larceny Theft - Other,VI,Larceny Theft,06386,3
Initial Supplement,"Civil Rights, incl. Injury, Threat, or Damage (Hate Crimes)",Intimidation,IS,Disorderly Conduct,19053,3
Initial Supplement,Pimping,"Human Trafficking, Commercial Sex Acts",IS,"Human Trafficking, Commercial Sex Acts",13030,3
Initial,"Vehicle Alarm Code Grabbing Device, Possess or Use",Other,II,Other Miscellaneous,07205,3
Initial,"Destructive Device, Possession of Materials",Weapons Offense,II,Weapons Offense,12024,3
Initial,"Homicide, W/ Sharp Object",Homicide,II,Homicide,01002,3
Vehicle Supplement,"Driving, Reckless",Other,VS,Other Miscellaneous,65020,3
Initial,Push-cart Peddler Permit Violation,Other,II,Other Offenses,30009,3
Initial,"Burglary, Safe, Apartment",Burglary - Residential,II,Burglary,05211,3
Initial Supplement,Maintain Premise Where Narcotics Are Sold/used,Drug Violation,IS,Drug Offense,16705,3
Initial,"Arson, Police Vehicle",Arson,II,Arson,26034,3
Initial,"Robbery, Att., Residence, W/ Other Weapon",Robbery - Residential,II,Robbery,03453,3
Initial,Soliciting Commission Of A Crime,Other,II,Other Miscellaneous,26180,3
Initial Supplement,Vandalism with Noxious Chemical,Vandalism,IS,Malicious Mischief,28167,3
Initial Supplement,Post Release Community Supervision,Other,IS,Warrant,62072,3
Initial Supplement,"Theft, From Unlocked Vehicle, Att.",Larceny - From Vehicle,IS,Larceny Theft,06220,3
Initial,"Burglary, Safe,  Warehouse",Burglary - Commercial,II,Burglary,05261,3
Vehicle Initial,"Theft, From Building, $50-$200",Larceny Theft - From Building,VI,Larceny Theft,06302,3
Vehicle Initial,Kidnapping (Adult victim),Kidnapping,VI,Other Miscellaneous,26141,3
Initial Supplement,"Eavesdropping Devices, Sale or Use",Fraud,IS,Fraud,09270,3
Coplogic Initial,"Phone Calls, Threatening or Annoying",Disorderly Conduct,II,Disorderly Conduct,19050,3
Initial,"Alcoholic Beverage, Procuring Sale of",Liquor Law Violation,II,Liquor Laws,17071,2
Initial,Retaking Goods from Peace Officer,Other,II,Other Miscellaneous,26178,2
Initial Supplement,"Counterfeit/Forgery, Poss Drivers Lic Or Id Card",Forgery And Counterfeiting,IS,Forgery And Counterfeiting,09125,2
Initial,"Obstructing Health Facility, Place of Worship, or School",Loitering,II,Disorderly Conduct,19076,2
Initial Supplement,Loitering and Peeking into Inhabited Structure,Other Offenses,IS,Other Offenses,64040,2
Initial,"School Grounds, Entry by Sex Offender",Other,II,Disorderly Conduct,19084,2
Initial,"Barbiturates, Possession",Drug Violation,II,Drug Offense,16510,2
Initial,"Hallucinogenic, Transportation",Drug Violation,II,Drug Offense,16440,2
Vehicle Supplement,"Theft, Boat",Larceny Theft - Other,VS,Larceny Theft,06375,2
Initial Supplement,"Rail Transit, Entering, Remaining, or Hindering Operation of",Other,IS,Other Miscellaneous,27030,2
Initial,Safekeeping Property (Pierce's Pledge),,II,,73002,2
Initial Supplement,"Robbery, Att., Residence, W/ Gun",Robbery - Residential,IS,Robbery,03451,2
Initial,"Bribery or Gratuity,  Public Employees",Bribery,II,Other Miscellaneous,26050,2
Initial Supplement,Suicide,Suicide,IS,Suicide,60110,2
Vehicle Supplement,"Theft, From Locked Vehicle, <$50",Larceny - From Vehicle,VS,Larceny Theft,06241,2
Vehicle Initial,"Cocaine, Base/rock, Possession For Sale",Drug Violation,VI,Drug Offense,16623,2
Vehicle Initial,Fraudulent Use Of Automated Teller Card,Fraud,VI,Fraud,09250,2
Initial Supplement,"Embezzlement, Grand Theft Leased Property",Embezzlement,IS,Embezzlement,10065,2
Initial,"Weapon, Deadly, Possession of to Violate 136.1 PC",Weapons Offense,II,Weapons Carrying Etc,12160,2
Initial,Terrorizing by Interfering with Religious Worship,Intimidation,II,Offences Against The Family And Children,15302,2
Initial Supplement,"Homicide, Excusable, W/ Sharp Object",Homicide - Excusable,IS,Homicide,01062,2
Vehicle Supplement,"Warrant Arrest, Enroute To Parole",Warrant,VS,Warrant,62030,2
Vehicle Supplement,Property for Identification,Non-Criminal,VS,Non-Criminal,73000,2
Initial Supplement,"Robbery, Service Station W/ Other Weapon",Robbery - Commercial,IS,Robbery,03033,2
Initial Supplement,Suicide By Strangulation/Hanging,Suicide,IS,Suicide,60190,2
Initial,"Alcohol, Furnish or Sell to Intox. Person",Liquor Law Violation,II,Liquor Laws,17110,2
Initial,Escape From Hospital With Force,Other,II,Other Miscellaneous,26095,2
Vehicle Supplement,"Malicious Mischief, Vandalism to Property",Vandalism,VS,Malicious Mischief,28150,2
Initial Supplement,"Robbery, Att., Residence, W/ Knife",Robbery - Residential,IS,Robbery,03452,2
Vehicle Supplement,"Burglary, Warehouse, Unlawful Entry",Burglary - Commercial,VS,Burglary,05063,2
Initial Supplement,"Chop Shop, Own or Operate",Other,IS,Other Miscellaneous,07204,2
Initial Supplement,"Theft, Drunk Roll, >$950",Larceny Theft - Other,IS,Larceny Theft,06124,2
Initial Supplement,Maintaining A Public Nuisance,Disorderly Conduct,IS,Other Miscellaneous,27100,2
Vehicle Initial,"Assault, Aggravated, W/ Knife",Aggravated Assault,VI,Assault,04012,2
Initial,"Theft, By Prostitute, <$50",Larceny Theft - Other,II,Larceny Theft,06141,2
Vehicle Supplement,"Weapon, Tear Gas, Possession by Prohibited Persons",Weapons Offense,VS,Weapons Carrying Etc,12130,2
Initial Supplement,Soliciting to Visit House Of Prostitution,Prostitution,IS,Prostitution,13070,2
Initial,"Vehicle, Stolen, Mobile Home or House Trailer",Motor Vehicle Theft,II,Motor Vehicle Theft,07024,2
Initial,Assault or Attempted Murder Upon Gov't Officers,Aggravated Assault,II,Assault,04076,2
Vehicle Supplement,"Robbery, W/ Gun",Robbery - Other,VS,Robbery,03071,2
Initial,"Controlled Substance, Presence Where Used",Drug Violation,II,Drug Offense,16700,2
Vehicle Initial,VIN Switch,Other,VI,Other Miscellaneous,07203,2
Vehicle Initial,"Burglary, Residence Under Constr, Forcible Entry",Burglary - Residential,VI,Burglary,05141,2
Initial,"Records or Returns, False Entries",Forgery And Counterfeiting,II,Forgery And Counterfeiting,09130,2
Initial Supplement,"License Plate, Lost",Other Offenses,IS,Other Offenses,71010,2
Vehicle Supplement,"Theft, Other Property, <$50",Larceny Theft - Other,VS,Larceny Theft,06371,2
Initial Supplement,"Animal, without Proper Care or Attention",Other,IS,Malicious Mischief,28181,2
Initial,Escape or Assisting Escape,Other,II,Other Miscellaneous,26176,2
Initial,"Theft, Boat",,II,,06377,2
Initial,"Armor Penetrating Ammunition, Possession",Weapons Offense,II,Weapons Carrying Etc,12165,2
Vehicle Initial,"Theft, Vehicle Strip, $200-$950",Larceny - Auto Parts,VI,Larceny Theft,06233,2
Vehicle Initial,"Burglary, Store, Forcible Entry",Burglary - Commercial,VI,Burglary,05051,2
Initial Supplement,"Cocaine, Sale",Drug Violation,IS,Drug Offense,16624,2
Vehicle Initial,"Methamphetamine, Possession For Sale",Drug Violation,VI,Drug Offense,16652,2
Initial,Bribery Of Witnesses,Bribery,II,Other Miscellaneous,26062,2
Vehicle Supplement,"Access Card Counterfeiting Machinery, Possession of",Fraud,VS,Fraud,09330,2
Initial,"Riot, Inciting To",Disorderly Conduct,II,Disorderly Conduct,19030,2
Vehicle Initial,"Robbery, W/ Other Weapon",Robbery - Other,VI,Robbery,03073,2
Vehicle Initial,"Theft, From Person, $200-$950 (other than Pickpocket)",Larceny Theft - Other,VI,Larceny Theft,06153,2
Initial,Terrorizing by Marking Private Property,Intimidation,II,Offences Against The Family And Children,15301,2
Vehicle Supplement,"Theft, Other Property, $200-$950",Larceny Theft - Other,VS,Larceny Theft,06373,2
Initial,"Animal, Poisoning of",Other,II,Malicious Mischief,28180,2
Initial,"Theft, Phone Booth, $200-$950",,II,,06353,2
Initial Supplement,"Firearm Transfer, Violation",Weapons Offense,IS,Weapons Offense,12040,2
Vehicle Supplement,"Theft, False Pretenses, Felony",Fraud,VS,Fraud,10125,2
Initial,Violation of Civil Gang Injunction,Other,II,Offences Against The Family And Children,15163,2
Initial,"Embezzlement, Grand Theft By Collector",Embezzlement,II,Embezzlement,10035,2
Initial Supplement,Disturbing Religious Meetings,Disorderly Conduct,IS,Disorderly Conduct,19025,2
Initial,"Contraband, Taking Into A Reformatory",Other,II,Other Miscellaneous,26190,2
Vehicle Supplement,Found Person,Missing Person,VS,Missing Person,75000,2
Initial Supplement,"Assault, Aggravated, W/ Machine Gun",Aggravated Assault,IS,Assault,04090,2
Vehicle Initial,Property for Identification,Non-Criminal,VI,Non-Criminal,73000,2
Initial Supplement,"Assault, Att. Mayhem, W/ Knife",Aggravated Assault,IS,Assault,04052,2
Vehicle Supplement,"Embezzlement, Grand Theft",Embezzlement,VS,Embezzlement,10015,2
Initial Supplement,"Robbery,  ATM, Knife, Att.",Robbery - Other,IS,Robbery,03492,2
Initial Supplement,Lodging in Park,Loitering,IS,Disorderly Conduct,19062,2
Vehicle Initial,Forgery & Counterfeiting (general),Forgery And Counterfeiting,VI,Forgery And Counterfeiting,09262,2
Vehicle Initial,"Theft, Motorcycle Strip, >$950",Larceny - Auto Parts,VI,Larceny Theft,06214,2
Initial,"Burglary, Warehouse Under Constr, Att. Forcible",Burglary - Commercial,II,Burglary,05162,2
Initial Supplement,Escapes,Other,IS,Other Miscellaneous,26177,2
Initial,"Disaster Area, Entering or Remaining in",Other,II,Other Miscellaneous,27196,2
Vehicle Initial,"Warrant Arrest, Enroute To Parole",Warrant,VI,Warrant,62030,2
Vehicle Initial,"Cocaine, Possession For Sale",Drug Violation,VI,Drug Offense,16622,2
Initial,"Indecent Exposure, Prostitution Related",Prostitution,II,Sex Offense,14041,2
Initial Supplement,Obscene Matter (general),Sex Offense,IS,Sex Offense,14060,2
Vehicle Initial,"Theft, From Locked Vehicle, $50-$200",Larceny - From Vehicle,VI,Larceny Theft,06242,2
Initial Supplement,"Rape, Att., W/ Force",Rape - Attempted,IS,Rape,02204,2
Initial,Money Laundering,Fraud,II,Fraud,09022,2
Vehicle Supplement,"Theft, Bicycle, <$50, serial number known",Larceny Theft - Bicycle,VS,Larceny Theft,06315,2
Vehicle Supplement,"Firearm, Loaded, in Vehicle, Possession or Use",Weapons Offense,VS,Weapons Carrying Etc,12168,2
Initial Supplement,Gun Violence Restraining Order Violation,,IS,,15165,2
Initial Supplement,"Vehicle, Stolen, Mobile Home or House Trailer",Motor Vehicle Theft,IS,Motor Vehicle Theft,07024,2
Initial,"Chop Shop, Own or Operate",Other,II,Other Miscellaneous,07204,2
Vehicle Supplement,Traffic Collision,Traffic Collision,VS,Traffic Collision,68050,2
Initial,"Disturbance of Non-religious, Non-political Assembly",Disorderly Conduct,II,Disorderly Conduct,19026,2
Initial Supplement,"Theft, Grand, by Fiduciary, >$950 in 12 months",Larceny Theft - Other,IS,Larceny Theft,06391,2
Vehicle Initial,"Burglary, Residence Under Constr, Unlawful Entry",Burglary - Residential,VI,Burglary,05143,2
Initial,"Robbery, Att., Service Station, W/ Knife",Robbery - Commercial,II,Robbery,03432,2
Initial Supplement,"Theft, Motorcycle Strip, $200-$950",Larceny - Auto Parts,IS,Larceny Theft,06213,2
Vehicle Initial,"Burglary, Other Bldg. Under Constr., Forcible Entry",Burglary - Other,VI,Burglary,05171,2
Initial,"Jail Property, Destroying (SFPD only)",Vandalism,II,Malicious Mischief,28060,2
Vehicle Initial,"Theft, Shoplifting, >$950",Larceny Theft - Shoplifting,VI,Larceny Theft,06364,2
Vehicle Supplement,"Burglary, Apt Under Constr., Forcible Entry",Burglary - Residential,VS,Burglary,05111,2
Initial Supplement,"Malicious Mischief, Annoying/Fictitious Phone Calls",Vandalism,IS,Malicious Mischief,28130,2
Initial Supplement,"Weapon, Assault, Registration or Transfer Violation",Weapons Offense,IS,Weapons Carrying Etc,12172,2
Initial,"Theft, By Prostitute, $50-$200",Larceny Theft - Other,II,Larceny Theft,06142,2
Initial Supplement,"Hallucinogenic, Transportation",Drug Violation,IS,Drug Offense,16440,2
Vehicle Supplement,Evading a Police Vehicle or Bicycle,Other,VS,Other Miscellaneous,27177,2
Initial Supplement,"Access Card Information, Publication of",Fraud,IS,Fraud,09165,2
Initial,"Lasers, Discharging or Lights at Aircraft",Aggravated Assault,II,Assault,04085,2
Initial,"Balloons, Electrically Conductive",Vandalism,II,Malicious Mischief,28103,2
Initial,"Embezzlement, Petty Theft Private Property",Embezzlement,II,Embezzlement,10070,2
Initial,"Dead Body, Removing Items from",Larceny Theft - Other,II,Larceny Theft,06157,2
Initial,"Rape, Assault To, W/ Sharp Object",Rape - Attempted,II,Rape,02102,2
Initial,Money Offense Related to Narcotics Trafficking,Drug Violation,II,Drug Offense,16760,2
Initial Supplement,"Robbery, Att., Bank, W/ Knife",Robbery - Commercial,IS,Robbery,03462,2
Initial,"Embezzlement, Petty Theft By Brokers/Agents",Embezzlement,II,Embezzlement,10020,2
Vehicle Initial,"Battery, former Spouse or Dating Relationship",Simple Assault,VI,Assault,04138,2
Vehicle Initial,False Imprisonment,Simple Assault,VI,Assault,04170,2
Vehicle Supplement,Restraining Order Notification/Service of Restraining Order,Other,VS,Offences Against The Family And Children,15155,2
Initial Supplement,"Embezzlement, Petty Theft",Embezzlement,IS,Embezzlement,10010,2
Coplogic Initial,Trespassing,Trespass,II,Other Miscellaneous,27195,2
Initial Supplement,"School Campus, Remaining Without Consent",Loitering,IS,Disorderly Conduct,19072,2
Initial Supplement,"Alcohol, Unlawful Transportation Of",Liquor Law Violation,IS,Liquor Laws,17130,2
Initial,"Vehicle, Recovered, Mobile Home or House Trailer",Recovered Vehicle,II,Recovered Vehicle,07044,2
Initial Supplement,Arson with Great Bodily Injury,Arson,IS,Arson,26038,2
Initial Supplement,"Heroin, Transportation",Drug Violation,IS,Drug Offense,16130,2
Initial Supplement,"Prescription, Forge Or Alter (11368 H&S)",Drug Violation,IS,Drug Offense,16720,2
Initial,"Telephone or Telegraph Messages, Altering",Fraud,II,Fraud,09266,2
Initial Supplement,Gambling,Gambling,IS,Gambling,66010,2
Initial Supplement,"Bathroom Hole, Looking through",Sex Offense,IS,Sex Offense,14042,2
Initial Supplement,"Public Nuisance, Maintaining After Notification",Disorderly Conduct,IS,Other Miscellaneous,27110,2
Vehicle Initial,"Driving, Reckless",Other,VI,Other Miscellaneous,65020,2
Initial Supplement,"Narcotics Addict, Failure To Register",Drug Violation,IS,Drug Offense,16750,2
Initial,"Robbery, Att., Bank, W/ Knife",Robbery - Commercial,II,Robbery,03462,2
Initial,"Theft, Phone Booth, >$950",,II,,06354,2
Initial Supplement,"Arson, Police Vehicle",Arson,IS,Arson,26034,2
Initial,"Sex Offender, Suspicious Occurrence",,II,,14025,2
Initial Supplement,"Phone Calls, Obscene",Sex Offense,IS,Sex Offense,14043,2
Vehicle Supplement,False Report of Felony or Misdemeanor,Other,VS,Other Miscellaneous,27060,2
Vehicle Initial,Opiates Offense,Drug Violation,VI,Drug Offense,16210,2
Initial,Barbiturates Offense,Drug Violation,II,Drug Offense,16550,2
Initial Supplement,"Telephone or Telegraph Messages, Altering",Fraud,IS,Fraud,09266,2
Vehicle Initial,Suspicious Occurrence,Suspicious Occ,VI,Suspicious Occ,64070,2
Initial,Massage Establishment Permit Violation,Other,II,Other Offenses,30011,2
Vehicle Supplement,Fire Report,Fire Report,VS,Fire Report,68000,2
Vehicle Initial,"Firearm, Loaded, in Vehicle, Possession or Use",Weapons Offense,VI,Weapons Carrying Etc,12168,2
Initial Supplement,"Riot, Inciting To",Disorderly Conduct,IS,Disorderly Conduct,19030,2
Initial Supplement,"Vehicle Alarm Code Grabbing Device, Possess or Use",Other,IS,Other Miscellaneous,07205,2
Initial Supplement,"Food Stamps, Misuse of",Fraud,IS,Fraud,09034,2
Vehicle Supplement,Fraudulent Use Of Automated Teller Card,Fraud,VS,Fraud,09250,2
Vehicle Initial,Auto Impounded,,VI,,64100,2
Initial Supplement,"Theft, Bicycle, <$50, no serial number",Larceny Theft - Bicycle,IS,Larceny Theft,06316,1
Initial,"Rape, Forcible, W/ Gun",Rape,II,Rape,02001,1
Initial Supplement,"Theft, Motorcycle Strip, Att.",Larceny - Auto Parts,IS,Larceny Theft,06210,1
Vehicle Initial,"Driving, Stunt Vehicle/Street Racing",,VI,,65021,1
Initial,"Rape, Att., W/ Sharp Object",Rape - Attempted,II,Rape,02202,1
Initial Supplement,"Permit Violation, Sidewalk Sales",Other,IS,Other Offenses,30006,1
Vehicle Supplement,"Battery, Of A Police Officer",Simple Assault,VS,Assault,04154,1
Vehicle Supplement,Post Release Community Supervision,Other,VS,Warrant,62072,1
Initial,Merchandise Title Document Fraud,Fraud,II,Fraud,09172,1
Vehicle Initial,"Robbery, Vehicle for Hire, Att., W/ Gun",Robbery - Commercial,VI,Robbery,03481,1
Initial Supplement,"Suicide By Strangulation/Hanging, Att.",Suicide,IS,Suicide,60090,1
Initial Supplement,"Endless Chain Schemes, Ponzi Schemes",Fraud,IS,Fraud,09023,1
Vehicle Supplement,"Warrant Arrest, Enroute To US Marshall",Warrant,VS,Warrant,62010,1
Vehicle Initial,"Robbery, Street or Public Place, W/ Other Weapon",Robbery - Street,VI,Robbery,03013,1
Initial Supplement,"Highway, Breaking Down or Removing Barrier, Sign, or Light",Other Offenses,IS,Other Offenses,68058,1
Vehicle Initial,"Assault, W/ Caustic Chemical to Injure or Disfigure",Aggravated Assault,VI,Assault,04033,1
Initial,Gaming & Horse Racing (general),Traffic Collision - Hit & Run,II,Traffic Collision,66060,1
Initial,Pyrotechnic Explosive Device - Barrel Bomb,,II,,12073,1
Vehicle Initial,"Theft, Trick And Device, Felony",Fraud,VI,Fraud,10115,1
Vehicle Supplement,"Theft, From Locked Vehicle, $50-$200",Larceny - From Vehicle,VS,Larceny Theft,06242,1
Initial,"Amphetamine, Sale",Drug Violation,II,Drug Offense,16644,1
Vehicle Supplement,"Robbery, W/ Force",Robbery - Other,VS,Robbery,03074,1
Vehicle Initial,"Burglary, Warehouse, Unlawful Entry",Burglary - Commercial,VI,Burglary,05063,1
Initial Supplement,Threat to State Official or Judge,Intimidation,IS,Other Miscellaneous,26211,1
Initial Supplement,Phone Calls in Violation of DVU Court Order,Other,IS,Offences Against The Family And Children,15153,1
Vehicle Supplement,"Assault, Aggravated, On Police Off., W/ Other Weapon",Aggravated Assault,VS,Assault,04073,1
Initial,"Alcohol, Sale Of After Hours",Liquor Law Violation,II,Liquor Laws,17070,1
Vehicle Supplement,"Theft, Lost Property, Grand",Larceny Theft - Other,VS,Larceny Theft,26145,1
Initial,False Report of Police Misconduct,Other,II,Other Miscellaneous,27067,1
Initial,Obscene Or Lewd Plays/Performances,Disorderly Conduct,II,Disorderly Conduct,19040,1
Vehicle Initial,"Theft, Lost Property, Petty",Larceny Theft - Other,VI,Larceny Theft,27090,1
Vehicle Supplement,"Burglary, Warehouse, Forcible Entry",Burglary - Commercial,VS,Burglary,05061,1
Initial Supplement,"Sexual Assault, Administering Drug to Commit",Simple Assault,IS,Assault,04146,1
Initial Supplement,"Rape, Forcible, W/ Other Weapon",Rape,IS,Rape,02003,1
Initial Supplement,"Embezzlement, Grand Theft By Property Carrier",Embezzlement,IS,Embezzlement,10055,1
Initial Supplement,Incest,Sex Offense,IS,Sex Offense,14030,1
Vehicle Supplement,"Theft, From Unlocked Vehicle, >$950",Larceny - From Vehicle,VS,Larceny Theft,06224,1
Vehicle Initial,"Robbery, Residence, W/ Force",Robbery - Commercial,VI,Robbery,03054,1
Vehicle Initial,Search Warrant Service,Non-Criminal,VI,Non-Criminal,75025,1
Initial Supplement,"Robbery, Service Station, W/ Knife",Robbery - Commercial,IS,Robbery,03032,1
Initial Supplement,Soliciting or Engaging In Lewd Conduct,Prostitution,IS,Prostitution,13111,1
Vehicle Initial,Post Release Community Supervision,Other,VI,Warrant,62072,1
Vehicle Supplement,Lost Property,Lost Property,VS,Lost Property,71000,1
Initial,"Embezzlement, Petty Theft By Property Carrier",Embezzlement,II,Embezzlement,10050,1
Initial Supplement,"Aided Case, Sick Person",Other,IS,Non-Criminal,64030,1
Initial Supplement,SFMTA Muni Transit Operator-Bus/LRV,,IS,,74020,1
Initial Supplement,"Marijuana, Furnishing",Drug Violation,IS,Drug Offense,16050,1
Initial,"Suicide By Fire, Att.",Suicide,II,Suicide,60040,1
Vehicle Initial,"Traffic Collision, Hit & Run, Injury",Traffic Collision - Hit & Run,VI,Traffic Collision,68069,1
Initial,"Rape, Assault To, W/ Gun",Rape - Attempted,II,Rape,02101,1
Vehicle Initial,"Marijuana, Possession For Sale",Drug Violation,VI,Drug Offense,16030,1
Vehicle Supplement,"Methamphetamine, Possession For Sale",Drug Violation,VS,Drug Offense,16652,1
Initial,"Hazardous Materials, Spill Load",Non-Criminal,II,Non-Criminal,71015,1
Initial,Gun Violence Restraining Order Violation,,II,,15165,1
Vehicle Initial,"Firearm, Possession of Loaded",Weapons Offense,VI,Weapons Carrying Etc,12100,1
Vehicle Supplement,"Controlled Substance, Possession For Sale",Drug Violation,VS,Drug Offense,16662,1
Vehicle Supplement,Marijuana Offense,Drug Violation,VS,Drug Offense,16010,1
Initial Supplement,"Burglary, Safe,  Warehouse",Burglary - Commercial,IS,Burglary,05261,1
Vehicle Supplement,"Assault, Aggravated, W/ Force",Aggravated Assault,VS,Assault,04014,1
Vehicle Supplement,"Robbery, W/ Other Weapon",Robbery - Other,VS,Robbery,03073,1
Initial Supplement,"Theft of Other Property, Att.",Larceny Theft - Other,IS,Larceny Theft,06370,1
Initial Supplement,"Opium, Possession For Sale",Drug Violation,IS,Drug Offense,16612,1
Initial Supplement,"Letters, Opening Sealed",Other,IS,Malicious Mischief,28170,1
Initial,"Methadone, Sale",Drug Violation,II,Drug Offense,16634,1
Vehicle Supplement,"Theft, Boat",,VS,,06377,1
Vehicle Initial,"Vehicle, Recovered, Bus",Recovered Vehicle,VI,Recovered Vehicle,07042,1
Initial Supplement,"Firearm Silencer, Possession",Weapons Offense,IS,Weapons Carrying Etc,12090,1
Initial Supplement,"Counterfeiting, Coins Or Notes",Forgery And Counterfeiting,IS,Forgery And Counterfeiting,09210,1
Initial Supplement,"Robbery, Vehicle for Hire, Att., W/ Force",Robbery - Commercial,IS,Robbery,03484,1
Initial Supplement,"Suicide, Attempted",Suicide,IS,Suicide,60010,1
Initial,"Robbery, Service Station, W/ Knife",Robbery - Commercial,II,Robbery,03032,1
Vehicle Supplement,"Burglary, Residence Under Constr, Unlawful Entry",Burglary - Residential,VS,Burglary,05143,1
Initial,Homicide By Sniping,Homicide,II,Homicide,01005,1
Vehicle Initial,Fire Report,Fire Report,VI,Fire Report,68000,1
Vehicle Initial,"Suspicious Occurrence, possible Shots Fired",Suspicious Occ,VI,Suspicious Occ,64072,1
Initial,"Dog, Fighting;  Owning, Fighting, or Attending Fight",Other,II,Non-Criminal,64018,1
Initial Supplement,"Theft, Phone Booth, $200-$950",,IS,,06353,1
Vehicle Initial,"Theft, From Person, $50-$200 (other than Pickpocket)",Larceny Theft - Other,VI,Larceny Theft,06152,1
Initial Supplement,Trespassing On Railroad Trains,Trespass,IS,Other Miscellaneous,27200,1
Vehicle Supplement,Terrorist Threats,Intimidation,VS,Disorderly Conduct,19057,1
Initial Supplement,"Permit Violation, Dance Hall",Other,IS,Other Offenses,30110,1
Initial Supplement,"Embezzlement, Grand Theft Private Property",Embezzlement,IS,Embezzlement,10075,1
Initial Supplement,"Trade Secrets, Theft or Unauthorized Copying",Larceny Theft - Other,IS,Larceny Theft,06397,1
Initial,"Homicide, Drive-by",Homicide,II,Homicide,01007,1
Coplogic Initial,"Theft, Shoplifting, <$50",Larceny Theft - Shoplifting,II,Larceny Theft,06361,1
Vehicle Initial,Restraining Order Notification/Service of Restraining Order,Other,VI,Offences Against The Family And Children,15155,1
Vehicle Supplement,Miscellaneous Investigation,Miscellaneous Investigation,VS,Miscellaneous Investigation,68020,1
Initial,Incest,Sex Offense,II,Sex Offense,14030,1
Vehicle Initial,"Firearm, Possession By Prohibited Person",Weapons Offense,VI,Weapons Carrying Etc,12080,1
Vehicle Initial,Violation of Restraining Order,Other,VI,Offences Against The Family And Children,15161,1
Coplogic Initial,"Traffic Collision, Hit & Run, Property Damage",Traffic Collision - Hit & Run,II,Traffic Collision,68060,1
Initial,Accidental Burns,Non-Criminal,II,Non-Criminal,51010,1
Vehicle Initial,Driving While Under The Influence Of Drugs,Liquor Law Violation,VI,Other Miscellaneous,65060,1
Vehicle Supplement,Violation of Restraining Order,Other,VS,Offences Against The Family And Children,15161,1
Initial,"Trade Secrets, Theft or Unauthorized Copying",Larceny Theft - Other,II,Larceny Theft,06397,1
Initial Supplement,"Weapon, Possess or Bring Other on School Grounds",Weapons Offense,IS,Weapons Carrying Etc,12163,1
Vehicle Initial,Liquor Law Violation (general),Liquor Law Violation,VI,Liquor Laws,17030,1
Vehicle Supplement,Suspicious Occurrence,Suspicious Occ,VS,Suspicious Occ,64070,1
Initial,"Rape, Att., W/ Gun",Rape - Attempted,II,Rape,02201,1
Vehicle Initial,"Counterfeit/Forgery, Poss Drivers Lic Or Id Card",Forgery And Counterfeiting,VI,Forgery And Counterfeiting,09125,1
Initial,"Amphetamine, Transportation",Drug Violation,II,Drug Offense,16646,1
Initial Supplement,"Interfering, W/ Police Officer",Other,IS,Other Miscellaneous,27080,1
Vehicle Supplement,"Theft, From Unlocked Vehicle, $200-$950",Larceny - From Vehicle,VS,Larceny Theft,06223,1
Initial Supplement,"Alcohol, Furnish or Sell to Intox. Person",Liquor Law Violation,IS,Liquor Laws,17110,1
Initial,"Robbery, Vehicle for Hire, Att., W/ Force",Robbery - Commercial,II,Robbery,03484,1
Vehicle Initial,"Robbery,  ATM, Gun",Robbery - Other,VI,Robbery,03091,1
Initial Supplement,"Prescription, Forge Or Alter (4390 B&P)",Drug Violation,IS,Drug Offense,16730,1
Initial,Sale or Manufacture of Deceptive ID,Fraud,II,Fraud,09263,1
Vehicle Initial,"Checks, Money Orders, Completed, Fraudulent Possession",Fraud,VI,Fraud,09040,1
Initial,"Burglary, Safe, Warehouse, with Explosives",Burglary - Commercial,II,Burglary,05361,1
Initial Supplement,"Theft, Purse Snatch, $50-$200",Larceny Theft - Purse Snatch,IS,Larceny Theft,06132,1
Initial,Suicide By Fire,Suicide,II,Suicide,60140,1
Vehicle Supplement,"Cocaine, Base/rock Offense",Drug Violation,VS,Drug Offense,16621,1
Vehicle Supplement,"Malicious Mischief, Graffiti, Real or Personal Property",Vandalism,VS,Malicious Mischief,28165,1
Initial Supplement,"Burglary, Safe, Other, with Explosives",Burglary - Other,IS,Burglary,05371,1
Initial Supplement,Accidental Lacerations,Non-Criminal,IS,Non-Criminal,51020,1
Vehicle Initial,"Sex Offender, Failure To Register for Sexual Assault of Adult",Sex Offense,VI,Sex Offense,14020,1
Initial,"Theft, Motorcycle Strip, <$50",Larceny - Auto Parts,II,Larceny Theft,06211,1
Vehicle Supplement,"Firearm, Possession By Prohibited Person",Weapons Offense,VS,Weapons Carrying Etc,12080,1
Vehicle Supplement,False Personation,Fraud,VS,Fraud,09027,1
Initial Supplement,"Permit Violation, Police (general)",Other,IS,Other Offenses,30000,1
Initial Supplement,"Rape, Att., W/ Gun",Rape - Attempted,IS,Rape,02201,1
Initial Supplement,"Explosives, Illegal Transportation",Weapons Offense,IS,Weapons Carrying Etc,12150,1
Initial,"Permit Violation, Advertising Distributors",Other,II,Other Offenses,30010,1
Initial Supplement,"Theft, Pickpocket, Attempted",Larceny Theft - Pickpocket,IS,Larceny Theft,06110,1
Initial Supplement,"Theft, Purse Snatch, Att.",Larceny Theft - Purse Snatch,IS,Larceny Theft,06130,1
Vehicle Supplement,"Cocaine, Base/rock, Possession For Sale",Drug Violation,VS,Drug Offense,16623,1
Initial Supplement,Terrorizing by Interfering with Religious Worship,Intimidation,IS,Offences Against The Family And Children,15302,1
Vehicle Initial,"Embezzlement, Grand Theft Private Property",Embezzlement,VI,Embezzlement,10075,1
Initial Supplement,"Malicious Mischief, Building Under Constr.",Vandalism,IS,Malicious Mischief,28120,1
Vehicle Initial,"Weapon, Carrying Concealed",Weapons Offense,VI,Weapons Offense,12015,1
Initial,"Lodging, Registering w/False Name",Other,II,Other Offenses,30206,1
Initial Supplement,Amphetamines Offense,Drug Violation,IS,Drug Offense,16640,1
Initial,"Assault, Att. Mayhem, W/ Gun",Aggravated Assault,II,Assault,04051,1
Vehicle Initial,"Access Card, Possession of Lost or Stolen, with Intent to Use, Transfer, or Sell",Fraud,VI,Fraud,09310,1
Vehicle Supplement,"Firearm, Carrying Loaded with Intent to Commit Felony",Weapons Offense,VS,Weapons Carrying Etc,12166,1
Initial Supplement,"Cable TV Connection or Decoding Device, Unauthorized",Fraud,IS,Fraud,09265,1
Initial,Escape of Prisoner From Hospital,Other,II,Other Miscellaneous,27050,1
Initial,"Sexual Assault, Involving Sex Offender",,II,,04148,1
Initial Supplement,"Theft, Motorcycle Strip, >$950",Larceny - Auto Parts,IS,Larceny Theft,06214,1
Initial,"Stolen Metals, Receiving",Stolen Property,II,Stolen Property,11011,1
Initial Supplement,"School or Playground, Loitering About",Loitering,IS,Disorderly Conduct,19077,1
Initial Supplement,Crimes Involving Receipts or Titles,,IS,,09171,1
Vehicle Supplement,"Theft, Vehicle Strip, $200-$950",Larceny - Auto Parts,VS,Larceny Theft,06233,1
Initial,"Robbery, Vehicle for Hire, Att., W/ Other Weapon",Robbery - Commercial,II,Robbery,03483,1
Initial,"Embezzlement, Grand Theft Public/Private Official",Embezzlement,II,Embezzlement,10085,1
Initial,"Citizenship Document, Using False",Fraud,II,Fraud,09176,1
Initial,Scalping Tickets,Other,II,Other Offenses,30131,1
Vehicle Initial,"Heroin, Possession For Sale",Drug Violation,VI,Drug Offense,16110,1
Vehicle Supplement,Forgery & Counterfeiting (general),Forgery And Counterfeiting,VS,Forgery And Counterfeiting,09262,1
Initial Supplement,"Probation Violation, DVU related",Other,IS,Offences Against The Family And Children,15152,1
Initial Supplement,"Forgery, Government Or Corporate Seals",Forgery And Counterfeiting,IS,Forgery And Counterfeiting,09140,1
Initial,Sale of Satellite Telephone Numbers,Other,II,Other Miscellaneous,27165,1
Initial,"Guide Dog, Interfering with",Other,II,Non-Criminal,64013,1
Initial,"Barbiturates, Transportation",Drug Violation,II,Drug Offense,16540,1
Vehicle Supplement,"Assault, Aggravated, W/ Gun",Aggravated Assault,VS,Assault,04092,1
Initial,"Death, Non-manslaughter Vehicle Accident",Other,II,Other,61020,1
Initial,"Rape, Forcible, W/ Sharp Object",Rape,II,Rape,02002,1
Vehicle Initial,"Theft, From Unlocked Vehicle, $50-$200",Larceny - From Vehicle,VI,Larceny Theft,06222,1
Initial Supplement,"Cocaine, Transportation",Drug Violation,IS,Drug Offense,16626,1
Initial Supplement,"Balloons, Electrically Conductive",Vandalism,IS,Malicious Mischief,28103,1
Initial Supplement,Suicide By Ingestion,Suicide,IS,Suicide,60160,1
Initial Supplement,Safekeeping Property (Pierce's Pledge),,IS,,73002,1
Vehicle Supplement,"Firearm, Possession of Loaded",Weapons Offense,VS,Weapons Carrying Etc,12100,1
Initial,Arson with Great Bodily Injury,Arson,II,Arson,26038,1
Initial Supplement,Escape of Prisoner From Hospital,Other,IS,Other Miscellaneous,27050,1
Initial Supplement,Violation of Civil Gang Injunction,Other,IS,Offences Against The Family And Children,15163,1
Vehicle Initial,"Assault, Aggravated, On Police Officer, W/ Force",Aggravated Assault,VI,Assault,04074,1
Vehicle Initial,False Imprisonment,Kidnapping,VI,Other Miscellaneous,26142,1
Vehicle Initial,"Burglary, Vehicle (Arrest made)",Theft From Vehicle,VI,Larceny Theft,05014,1
Vehicle Supplement,"Burglary, Flat, Forcible Entry",Burglary - Residential,VS,Burglary,05021,1
Initial,"Fighting Dog or Animal, Biting or Causing  Injury or Death",Other,II,Non-Criminal,64014,1
Vehicle Supplement,Embezzlement from Dependent or Elder Adult by Caretaker,Larceny Theft - Other,VS,Larceny Theft,06381,1
Vehicle Supplement,Suspicious Vehicle,Suspicious Occ,VS,Suspicious Occ,64065,1
Vehicle Initial,"Weapon, Carrying Concealed with Felony or Narcotics Conviction",Weapons Offense,VI,Weapons Offense,12010,1
Initial Supplement,"Driving, Drag Racing",Arrest,IS,Other Miscellaneous,65013,1
Initial Supplement,Money Laundering,Fraud,IS,Fraud,09022,1
Vehicle Initial,"Controlled Substance, Possession For Sale",Drug Violation,VI,Drug Offense,16662,1
Initial,"Assault, Aggravated, W/ Machine Gun",Aggravated Assault,II,Assault,04090,1
Initial,Hotel Violations,Other,II,Other Offenses,30205,1
Initial Supplement,Pyrotechnic Explosive Device - Barrel Bomb,,IS,,12073,1
Vehicle Supplement,"Fraudulent Game or Trick, Obtaining Money or Property",Fraud,VS,Fraud,09024,1
Initial,"Assault, By Police Officers",,II,,04164,1
Vehicle Supplement,Theft of Animals (general),Larceny Theft - Other,VS,Larceny Theft,06400,1
Initial Supplement,"Theft, Phone Booth, >$950",,IS,,06354,1
Initial,"Suicide By Drowning, Att.",Suicide,II,Suicide,60030,1
Vehicle Initial,"Identification Card or Drivers License, Falsify or Display",Forgery And Counterfeiting,VI,Forgery And Counterfeiting,09120,1
Initial Supplement,"Theft, Catalytic Converter",,IS,,06235,1
Initial Supplement,"Weapon, Possessing in Public Building or Open Meeting",Weapons Offense,IS,Weapons Carrying Etc,12161,1
Vehicle Initial,"Weapon, Tear Gas, Possession by Prohibited Persons",Weapons Offense,VI,Weapons Carrying Etc,12130,1
Vehicle Supplement,"Cocaine, Base/rock, Sale",Drug Violation,VS,Drug Offense,16625,1
Initial Supplement,"Bombing, Police Vehicle",,IS,,12004,1
Initial Supplement,"Homicide, Drive-by",Homicide,IS,Homicide,01007,1
Initial Supplement,Megan's Law Notification,Other,IS,Offences Against The Family And Children,15097,1
Initial Supplement,"Robbery, Att., Service Station W/ Other Weapon",Robbery - Commercial,IS,Robbery,03433,1
Initial Supplement,"Barbiturates, Possession",Drug Violation,IS,Drug Offense,16510,1
Vehicle Supplement,Violation of Stay Away Order,Other,VS,Offences Against The Family And Children,15162,1
Vehicle Initial,"Electrical  or Gas Lines, Interfering with",Vandalism,VI,Malicious Mischief,28102,1
Vehicle Initial,Methadone Offense,Drug Violation,VI,Drug Offense,16630,1
Initial Supplement,"Theft, Vehicle Strip, $50-$200",Larceny - Auto Parts,IS,Larceny Theft,06232,1
Vehicle Supplement,"Air Gun, Possession",Other,VS,Other Offenses,30140,1
Initial Supplement,"Burglary, Apt Under Constr., Att. Forcible",Burglary - Residential,IS,Burglary,05112,1
Initial Supplement,"Highway, Injuring",Other Offenses,IS,Other Offenses,68056,1
Initial Supplement,Trespass within 30 days of Credible Threat,Disorderly Conduct,IS,Disorderly Conduct,19058,1
Vehicle Initial,"Switchblade Knife, Possession",Weapons Offense,VI,Weapons Carrying Etc,12164,1
Initial Supplement,"Telephone or Telegraph Message, Sending False",Fraud,IS,Fraud,09163,1
Coplogic Supplement,"Computer System, Accessing, Copying, or Damaging",Fraud,IS,Fraud,09264,1
Initial Supplement,Littering or Dumping that Creates Traffic Hazard,Other,IS,Other Miscellaneous,27040,1
Initial Supplement,"Assault, Mayhem, W/ Gun",Aggravated Assault,IS,Assault,04061,1
Initial Supplement,"Theft, Drunk Roll, $200-$950",Larceny Theft - Other,IS,Larceny Theft,06123,1
Initial,"Theft, Grand, Agricultural",Larceny Theft - Other,II,Larceny Theft,06385,1
Vehicle Supplement,"Robbery, Street or Public Place, W/ Gun",Robbery - Street,VS,Robbery,03011,1
Initial Supplement,Wearing Mask or Disguise for Unlawful Purpose,Other,IS,Other Miscellaneous,09021,1
Initial,"Theft, Phone Booth, <$50",,II,,06351,1
Initial,"Parking Meter, Unlawful Operation or Use of Slugs",Fraud,II,Other Miscellaneous,27155,1
Vehicle Initial,Traffic Collision,Traffic Collision,VI,Traffic Collision,68050,1
Vehicle Initial,"Assault, Att. Homicide, W/ Gun",Aggravated Assault,VI,Assault,04021,1
Vehicle Supplement,Kidnapping during Carjacking,Kidnapping,VS,Other Miscellaneous,26149,1
Vehicle Initial,"Assault, Aggravated, W/ Gun",Aggravated Assault,VI,Assault,04092,1
Vehicle Initial,Terrorist Threats,Intimidation,VI,Disorderly Conduct,19057,1
Initial,Crimes Involving Receipts or Titles,,II,,09171,1
Initial Supplement,Escape or Assisting Escape,Other,IS,Other Miscellaneous,26176,1
Initial Supplement,"Electrical  or Gas Lines, Interfering with",Vandalism,IS,Malicious Mischief,28102,1
Vehicle Initial,Heroin Offense,Drug Violation,VI,Drug Offense,16100,1
Vehicle Initial,"Marijuana, Transporting",Drug Violation,VI,Drug Offense,16060,1
Initial Supplement,"Cloned Cellular Phone, Use",,IS,,06399,1
Vehicle Initial,"Theft, False Pretenses, Felony",Fraud,VI,Fraud,10125,1
Initial Supplement,"Barbiturates, Possession For Sale",Drug Violation,IS,Drug Offense,16520,1
Vehicle Supplement,"Parole Violation, Adult",Other,VS,Other Miscellaneous,26150,1
Initial Supplement,"Suicide By Asphyxiation, Att.",Suicide,IS,Suicide,60020,1
Initial,"Articles With ID Removed, Possession of",Simple Assault,II,Other Miscellaneous,27120,1
Initial,"Insured Property, Destruction to Defraud Insurer",Fraud,II,Fraud,09032,1
Initial Supplement,"Burglary, Warehouse Under Constr, Unlawful Entry",Burglary - Commercial,IS,Burglary,05163,1
Initial,"Theft, Motorcycle Strip, Att.",Larceny - Auto Parts,II,Larceny Theft,06210,1
Initial,"Vending or Slot Machine, Unauthorized Use or Using Slugs",Fraud,II,Other Miscellaneous,27150,1
Initial Supplement,"Firearms, Seizing at Scene of DVU",Other,IS,Offences Against The Family And Children,15154,1
Vehicle Initial,Parole Search,Other,VI,Warrant,62070,1
Vehicle Supplement,"Vehicle, Stolen, Bus",Motor Vehicle Theft,VS,Motor Vehicle Theft,07022,1
Initial Supplement,"Permit Violation, Entertainment",Other,IS,Other Offenses,30007,1
Initial Supplement,"Indecent Exposure, W/ Prior Conviction",Sex Offense,IS,Sex Offense,14045,1
Initial,Manufacture or Sale of Counterfeit Goods,Forgery And Counterfeiting,II,Forgery And Counterfeiting,09261,1
Initial,"Robbery, Att., Service Station W/ Other Weapon",Robbery - Commercial,II,Robbery,03433,1
Initial,"Homicide, W/ Force",Homicide,II,Homicide,01004,1
Vehicle Initial,"Robbery, W/ Knife",Robbery - Other,VI,Robbery,03072,1
Initial,"Embezzlement, Grand Theft By Property Carrier",Embezzlement,II,Embezzlement,10055,1
Initial Supplement,Defrauding Of Vehicle Repairman,Fraud,IS,Other Miscellaneous,27020,1
Initial Supplement,Suicide By Asphyxiation,Suicide,IS,Suicide,60120,1
Initial,"Loud Speakers, Unauthorized Use of",Other,II,Other Offenses,30160,1
Initial,"Assault, W/ Poison",Aggravated Assault,II,Assault,04043,1
Vehicle Supplement,"Burglary, Hot Prowl, Att. Forcible Entry",Burglary - Hot Prowl,VS,Burglary,05082,1
Vehicle Initial,"Warrant Arrest, Enroute To Adult Authority",Warrant,VI,Warrant,62060,1
Vehicle Supplement,"Vehicle, Stolen, Attempted",Motor Vehicle Theft (Attempted),VS,Motor Vehicle Theft,07051,1
Initial,"Bigamy, Incest, and the Crime Against Nature (general)",,II,,14071,1
Initial Supplement,"Advertisements, Affixing To Poles",Other,IS,Other Offenses,30020,1
Initial Supplement,"Theft, By Prostitute, <$50",Larceny Theft - Other,IS,Larceny Theft,06141,1
Vehicle Initial,Cocaine Offense,Drug Violation,VI,Drug Offense,16620,1
Vehicle Initial,"Warrant Arrest, Enroute To Dept. Of Corrections",Warrant,VI,Warrant,62020,1
Initial Supplement,"Robbery,  ATM, Other Weapon, Att.",Robbery - Other,IS,Robbery,03493,1
Initial Supplement,"Contraband, Taking Into A Reformatory",Other,IS,Other Miscellaneous,26190,1
Initial,"Assault, Att. Homicide, Explosives",Aggravated Assault,II,Assault,04026,1
Vehicle Initial,Arson,Arson,VI,Arson,26030,1
Vehicle Initial,Counterfeit Money or Coins,Forgery And Counterfeiting,VI,Forgery And Counterfeiting,10149,1
Vehicle Supplement,"Burglary, Other Bldg. Under Constr., Forcible Entry",Burglary - Other,VS,Burglary,05171,1
Initial Supplement,"Robbery, Att., Service Station W/ Force",Robbery - Commercial,IS,Robbery,03434,1
Initial Supplement,Massage Establishment Permit Violation,Other,IS,Other Offenses,30011,1
Initial Supplement,"Citizenship Document, Using False",Fraud,IS,Fraud,09176,1
Initial Supplement,"Theft, Trick And Device, Att.",Fraud,IS,Fraud,10117,1
Initial Supplement,Retaking Goods from Peace Officer,Other,IS,Other Miscellaneous,26178,1
Initial,Purchase Female For The Purpose Of Prostitution,"Human Trafficking, Commercial Sex Acts",II,"Human Trafficking, Commercial Sex Acts",13050,1
Vehicle Initial,"Vehicle Alarm Code Grabbing Device, Possess or Use",Other,VI,Other Miscellaneous,07205,1
Initial,Soliciting Customer to Purchase Alcoholic Beverage,Liquor Law Violation,II,Liquor Laws,17072,1
Initial Supplement,"Burglary, Safe,  Hotel",Burglary - Residential,IS,Burglary,05231,1
Vehicle Initial,"Resisting Peace Officer, causing Their Serious Injury or Death",Intimidation,VI,Other Miscellaneous,27172,1
Vehicle Supplement,"Theft, Motorcycle Strip, >$950",Larceny - Auto Parts,VS,Larceny Theft,06214,1
Vehicle Supplement,"Theft, From Unlocked Vehicle, $50-$200",Larceny - From Vehicle,VS,Larceny Theft,06222,1
Initial Supplement,"Drug Offender, Presence  near School Grounds",Other,IS,Disorderly Conduct,19086,1
Vehicle Initial,"Burglary, Warehouse, Forcible Entry",Burglary - Commercial,VI,Burglary,05061,1
Vehicle Supplement,State Code Felony (general),Other,VS,Other Miscellaneous,26200,1
Vehicle Initial,Miscellaneous Investigation,Miscellaneous Investigation,VI,Miscellaneous Investigation,68020,1
Initial Supplement,"Fire Bomb, Possession or Use",Weapons Offense,IS,Weapons Carrying Etc,12070,1
Vehicle Initial,"Burglary Tools, Possession Of w/prior",Other,VI,Other Miscellaneous,27131,1
Vehicle Supplement,Controlled Substance Offense,Drug Violation,VS,Drug Offense,16660,1
Initial Supplement,SFMTA Employee-Non Operator/Station Agent-Other Employee,,IS,,74022,1
Initial Supplement,Begging or Panhandling,Loitering,IS,Disorderly Conduct,19065,1
Initial,"Rape, Forcible, W/ Other Weapon",Rape,II,Rape,02003,1
Vehicle Initial,Theft of Animals (general),Larceny Theft - Other,VI,Larceny Theft,06400,1
Initial,"Prescription, Forge Or Alter (4390 B&P)",Drug Violation,II,Drug Offense,16730,1
Initial,"VIN, Possess to Defraud",Other,II,Other Miscellaneous,07202,1
