nibrs_code,offence_code,crimename1,crimename2,crimename3,row_count
,  ,,,,505251
23F,2305,Crime Against Property,Theft From Motor Vehicle,LARCENY - FROM AUTO,41158
23C,2303,Crime Against Property,Shoplifting,LARCENY - SHOPLIFTING,34805
90Z,9199,Crime Against Society,All Other Offenses,POLICE INFORMATION,32896
13B,1399,Crime Against Person,Simple Assault,ASSAULT - 2ND DEGREE,31602
," 0.0)""",,,,24220
23H,2399,Crime Against Property,All other Larceny,LARCENY (DESCRIBE OFFENSE),20597
290,2902,Crime Against Property,Destruction/Damage/Vandalism of Property,DAMAGE PROPERTY - PRIVATE,19728
90Z,9113,Crime Against Society,All Other Offenses,MENTAL ILLNESS - EMERGENCY PETITION,19595
90D,5404,Crime Against Society,Driving Under the Influence,DRIVING UNDER THE INFLUENCE LIQUOR,19329
90Z,9105,Crime Against Society,All Other Offenses,LOST PROPERTY,17794
240,2404,Crime Against Property,Motor Vehicle Theft,AUTO THEFT - VEHICLE THEFT,17140
23D,2308,Crime Against Property,Theft from Building,LARCENY - FROM BLDG,16939
35A,3562,Crime Against Society,Drug/Narcotic Violations,DRUGS - MARIJUANA - POSSESS,16917
23G,2304,Crime Against Property,Theft of Motor Vehicle Parts or Accessories,LARCENY - AUTO PARTS,14323
26F,2610,Crime Against Property,Identity Theft,IDENTITY THEFT,13483
90Z,9101,Crime Against Society,All Other Offenses,SUDDEN DEATH,9959
26B,2605,Crime Against Property,Credit Card/Automatic Teller Machine Fraud,FRAUD - ILLEGAL USE CREDIT CARDS,8240
90Z,9107,Crime Against Society,All Other Offenses,MISSING PERSON,7442
290,2999,Crime Against Property,Destruction/Damage/Vandalism of Property,DAMAGE PROPERTY (DESCRIBE OFFENSE),7388
90J,5707,Crime Against Society,Trespass of Real Property,TRESPASSING,6284
90C,5311,Crime Against Society,Disorderly Conduct,PUBLIC PEACE - DISORDERLY CONDUCT,6199
," -77.0519)""",,,,6189
90I,9021,Crime Against Not a Crime,Runaway,JUVENILE - RUNAWAY,6096
90G,4104,Crime Against Society,Liquor Law Violations,LIQUOR - POSSESS,5518
13B,1313,Crime Against Person,Simple Assault,ASSAULT - SIMPLE,5304
220,2202,Crime Against Property,Burglary/Breaking and Entering,BURGLARY - FORCED ENTRY-RESIDENTIAL,5218
26A,2601,Crime Against Property,False Pretenses/Swindle/Confidence Game,FRAUD - CONFIDENCE GAME,4835
," -77.2448)""",,,,4437
90Z,9108,Crime Against Society,All Other Offenses,RECOVERED PROPERTY - MONT CO.,4255
26A,2699,Crime Against Property,False Pretenses/Swindle/Confidence Game,FRAUD (DESCRIBE OFFENSE),3947
290,2901,Crime Against Property,Destruction/Damage/Vandalism of Property,DAMAGE PROPERTY - BUSINESS,3736
90Z,9106,Crime Against Society,All Other Offenses,MENTAL ILLNESS,3644
220,2203,Crime Against Property,Burglary/Breaking and Entering,BURGLARY - FORCED ENTRY-NONRESIDENTIAL,3594
220,2204,Crime Against Property,Burglary/Breaking and Entering,BURGLARY - NO FORCED ENTRY-RESIDENTIAL,3484
," -77.0266)""",,,,3383
90Z,9109,Crime Against Society,All Other Offenses,RECOVERED PROPERTY - OTHER,3317
," -77.1473)""",,,,3253
35B,3550,Crime Against Society,Drug Equipment Violations,DRUGS - NARCOTIC EQUIP - POSSESS,3241
35A,3532,Crime Against Society,Drug/Narcotic Violations,DRUGS - COCAINE - POSSESS,2785
250,2501,Crime Against Property,Counterfeiting/Forgery,FORGERY OF CHECKS,2670
," -77.2352)""",,,,2610
11A,1103,Crime Against Person,Forcible Rape,RAPE - STRONG-ARM,2550
90Z,9099,Crime Against Society,All Other Offenses,ALL OTHER OFFENSES,2527
," -77.0755)""",,,,2486
," -77.024)""",,,,2425
90Z,5016,Crime Against Society,All Other Offenses,OBSTRUCT GOVT - VIOLATION OF A COURT ORDER,2270
90Z,5309,Crime Against Society,All Other Offenses,PUBLIC PEACE - HARASSING COMMUNICATION,2247
13A,1305,Crime Against Person,Aggravated Assault,ASSAULT - AGGRAVATED - NON-FAMILY-OTHER WEAPON,1907
," -77.0281)""",,,,1897
," -77.148)""",,,,1890
520,5212,Crime Against Society,Weapon Law Violations,WEAPON - POSSESSION,1863
90G,4199,Crime Against Society,Liquor Law Violations,LIQUOR (DESCRIBE OFFENSE),1848
26C,2604,Crime Against Property,Impersonation,FRAUD - IMPERSONATION,1845
," -77.2039)""",,,,1757
," -76.9906)""",,,,1649
90Z,2411,Crime Against Society,All Other Offenses,UNAUTHORIZED USE OF VEHICLE (INCLUDES JOY RIDING),1621
," -76.9531)""",,,,1595
," -77.2617)""",,,,1575
," -77.2004)""",,,,1564
26A,2602,Crime Against Property,False Pretenses/Swindle/Confidence Game,FRAUD - SWINDLE,1556
," -77.052)""",,,,1548
," -77.0485)""",,,,1526
," -77.0309)""",,,,1520
," -77.0267)""",,,,1472
," -77.0268)""",,,,1466
," -77.2673)""",,,,1398
35A,3522,Crime Against Society,Drug/Narcotic Violations,DRUGS - OPIUM OR DERIVATIVE - POSSESS,1391
23H,2316,Crime Against Property,All other Larceny,LARCENY - POSTAL,1390
90Z,9201,Crime Against Society,All Other Offenses,OVERDOSE,1369
," -77.2033)""",,,,1368
," -77.2037)""",,,,1339
," -76.992)""",,,,1329
," -77.0244)""",,,,1329
13A,1315,Crime Against Person,Aggravated Assault,ASSAULT - AGGRAVATED - OTHER,1297
11D,1199,Crime Against Person,Forcible Fondling,SEX ASSAULT - FONDLING,1261
," -77.0508)""",,,,1245
," -77.05)""",,,,1238
90Z,4801,Crime Against Society,All Other Offenses,OBSTRUCT POLICE - RESISTING OFFICER,1229
520,5202,Crime Against Society,Weapon Law Violations,WEAPON - CONCEALED,1200
90Z,9042,Crime Against Society,All Other Offenses,SUICIDE - ATTEMPT,1185
," -77.0297)""",,,,1162
120,1206,Crime Against Property,Robbery,ROBBERY - STREET-STRONG-ARM,1130
13A,1302,Crime Against Person,Aggravated Assault,ASSAULT - AGGRAVATED - FAMILY-OTHER WEAPON,1129
23A,2301,Crime Against Property,Pocket/picking,LARCENY - POCKET PICKING,1116
," -76.9949)""",,,,1112
," -77.1162)""",,,,1086
90Z,9112,Crime Against Society,All Other Offenses,MENTAL TRANSPORT - ONLY,1081
," -77.0826)""",,,,1071
," -76.9925)""",,,,1061
13A,1303,Crime Against Person,Aggravated Assault,ASSAULT - AGGRAVATED - FAMILY-STRONG-ARM,1057
," -77.1278)""",,,,1055
290,2903,Crime Against Property,Destruction/Damage/Vandalism of Property,DAMAGE PROPERTY - PUBLIC,1045
35A,3560,Crime Against Society,Drug/Narcotic Violations,DRUGS - MARIJUANA - SELL,1029
13A,1314,Crime Against Person,Aggravated Assault,ASSAULT - AGGRAVATED - GUN,1025
220,2205,Crime Against Property,Burglary/Breaking and Entering,BURGLARY - NO FORCED ENTRY-NONRESIDENTIAL,1025
," -77.2898)""",,,,1021
," -77.2381)""",,,,1007
," -77.1466)""",,,,1001
220,2299,Crime Against Property,Burglary/Breaking and Entering,BURGLARY (DESCRIBE OFFENSE),1001
90D,5403,Crime Against Society,Driving Under the Influence,DRIVING UNDER THE INFLUENCE DRUGS,980
370,3700,Crime Against Society,Pornography/Obscene Material,OBSCENE MATERIAL,974
," -77.0254)""",,,,947
," -77.0241)""",,,,943
," -77.0239)""",,,,933
," -77.0127)""",,,,932
90Z,9061,Crime Against Society,All Other Offenses,FUGITIVE FROM MD JURISDICTION,925
," -77.245)""",,,,919
," -77.0967)""",,,,916
," -77.1925)""",,,,905
," -77.2027)""",,,,901
," -77.0987)""",,,,898
," -76.9899)""",,,,877
," -77.1983)""",,,,868
," -77.0752)""",,,,862
35A,3530,Crime Against Society,Drug/Narcotic Violations,DRUGS - COCAINE - SELL,853
," -77.1529)""",,,,845
," -76.9871)""",,,,838
," -76.9881)""",,,,826
90Z,9062,Crime Against Society,All Other Offenses,FUGITIVE FROM JUSTICE (OUT OF STATE),809
," -77.1247)""",,,,808
," -77.1993)""",,,,807
120,1216,Crime Against Property,Robbery,ROBBERY - STRONG ARM,806
," -76.9883)""",,,,797
23H,2309,Crime Against Property,All other Larceny,LARCENY - FROM YARDS,796
," -77.1771)""",,,,784
," -77.0089)""",,,,779
," -77.209)""",,,,778
11D,3699,Crime Against Person,Forcible Fondling,SEX OFFENSE - FONDLING,775
," -77.0218)""",,,,772
," -77.0766)""",,,,768
," -77.202)""",,,,763
," -77.0315)""",,,,758
90C,3605,Crime Against Society,Disorderly Conduct,SEX OFFENSE - INDECENT EXPOSURE,757
," -77.2282)""",,,,752
," -77.2076)""",,,,747
," -77.0296)""",,,,735
," -77.0478)""",,,,733
," -77.1865)""",,,,730
," -77.0956)""",,,,728
," -77.0065)""",,,,727
," -77.2097)""",,,,727
," -77.0498)""",,,,725
," -77.2022)""",,,,724
," -77.1474)""",,,,717
," -77.1167)""",,,,713
," -77.0778)""",,,,700
," -77.1933)""",,,,693
," -76.9953)""",,,,692
," -77.1136)""",,,,689
," -77.0499)""",,,,688
," -77.263)""",,,,688
," -77.077)""",,,,678
," -77.0857)""",,,,678
," -76.9766)""",,,,678
," -77.204)""",,,,676
23B,2302,Crime Against Property,Purse-snatching,LARCENY - PURSE SNATCHING - NO FORCE,672
," -77.0727)""",,,,669
," -77.1826)""",,,,665
," -77.197)""",,,,662
," -77.0668)""",,,,660
," -77.1332)""",,,,653
," -77.027)""",,,,651
," -76.9878)""",,,,650
90G,4102,Crime Against Society,Liquor Law Violations,LIQUOR - SELL,650
," -77.096)""",,,,650
90F,3806,Crime Against Society,"Family Offenses, NonViolent",FAMILY OFFENSE - NEGLECT CHILD (INCLUDES NONSUPPOR,650
11D,3601,Crime Against Person,Forcible Fondling,SEX OFFENSE - AGAINST CHILD-FONDLING,649
," -77.2385)""",,,,647
," -77.2174)""",,,,646
240,2499,Crime Against Property,Motor Vehicle Theft,STOLEN VEHICLE (DESCRIBE OFFENSE),646
," -77.0323)""",,,,642
," -77.1997)""",,,,638
," -77.1345)""",,,,632
270,2799,Crime Against Property,Embezzlement,EMBEZZLE (DESCRIBE OFFENSE),632
," -76.9862)""",,,,629
," -77.0772)""",,,,628
," -77.0364)""",,,,628
520,5213,Crime Against Society,Weapon Law Violations,WEAPON - FIRING,622
," -77.2244)""",,,,622
," -77.2066)""",,,,618
90Z,9041,Crime Against Society,All Other Offenses,SUICIDE - COMPLETED,617
35A,3504,Crime Against Society,Drug/Narcotic Violations,DRUGS - HALLUCINOGEN - POSSESS,614
," -77.0003)""",,,,614
," -77.0526)""",,,,613
35A,3572,Crime Against Society,Drug/Narcotic Violations,DRUGS - AMPHETAMINE - POSSESS,612
35A,3564,Crime Against Society,Drug/Narcotic Violations,DRUGS - MARIJUANA (DESCRIBE OFFENSE),611
," -77.1434)""",,,,609
," -76.94)""",,,,607
35A,3512,Crime Against Society,Drug/Narcotic Violations,DRUGS - HEROIN - POSSESS,603
," -77.2664)""",,,,601
11A,9003,Crime Against Person,Forcible Rape,SEX ASSAULT - WITH AN OBJECT,598
," -77.1266)""",,,,598
," -77.1616)""",,,,587
," -77.14)""",,,,585
120,1213,Crime Against Property,Robbery,ROBBERY - GUN,580
," -77.2191)""",,,,575
," -77.1849)""",,,,575
," -77.0543)""",,,,571
," -77.1183)""",,,,569
," -77.129)""",,,,566
," -77.0329)""",,,,563
," -77.0294)""",,,,561
," -77.2077)""",,,,560
," -77.2181)""",,,,558
," -77.2038)""",,,,556
," -77.2079)""",,,,555
," -77.0509)""",,,,554
," -77.185)""",,,,550
90Z,4899,Crime Against Society,All Other Offenses,OBSTRUCT POLICE (DESCRIBE OFFENSE),549
," -77.1506)""",,,,549
," -77.0718)""",,,,541
," -77.2043)""",,,,539
," -77.1931)""",,,,536
," -77.095)""",,,,534
250,2589,Crime Against Property,Counterfeiting/Forgery,FORGERY (DESCRIBE OFFENSE),534
," -77.0019)""",,,,532
23D,2310,Crime Against Property,Theft from Building,LARCENY - FROM MALLS,530
90Z,9104,Crime Against Society,All Other Offenses,FIRE (NOT ARSON),530
," -77.2636)""",,,,529
13C,1316,Crime Against Person,Intimidation,ASSAULT - INTIMIDATION (INCLUDES STALKING),528
," -77.2602)""",,,,524
," -77.2047)""",,,,524
120,1204,Crime Against Property,Robbery,ROBBERY - STREET-GUN,523
," -77.1172)""",,,,518
," -77.0973)""",,,,516
," -77.2616)""",,,,512
," -77.109)""",,,,512
," -77.1662)""",,,,511
," -77.2017)""",,,,511
," -77.1976)""",,,,510
," -77.1182)""",,,,509
," -77.1264)""",,,,509
," -77.2003)""",,,,507
," -77.0724)""",,,,505
," -77.2757)""",,,,505
," -77.0136)""",,,,504
," -77.1253)""",,,,500
," -77.0246)""",,,,499
," -77.2208)""",,,,498
," -77.0039)""",,,,496
120,1214,Crime Against Property,Robbery,ROBBERY - KNIFE,495
," -77.0102)""",,,,491
," -76.9768)""",,,,487
," -77.0036)""",,,,486
," -77.0691)""",,,,484
," -77.1971)""",,,,483
," -77.0461)""",,,,483
90Z,5499,Crime Against Society,All Other Offenses,TRAFFIC OFFENSES (DESCRIBE OFFENSE),483
," -77.1874)""",,,,480
90C,3615,Crime Against Society,Disorderly Conduct,SEX OFFENSE - INDECENT EXPOSURE TO ADULT,480
," -77.2695)""",,,,479
," -77.1956)""",,,,479
," -77.0984)""",,,,478
," -77.0597)""",,,,475
," -77.0966)""",,,,472
26E,2608,Crime Against Property,Wire Fraud,FRAUD BY WIRE,471
," -77.119)""",,,,471
," -77.1924)""",,,,470
," -77.0694)""",,,,469
," -76.9893)""",,,,468
," -77.1985)""",,,,467
," -77.2118)""",,,,465
," -77.0488)""",,,,465
," -77.212)""",,,,465
," -77.0465)""",,,,463
," -77.2036)""",,,,462
," -77.0115)""",,,,459
13A,1306,Crime Against Person,Aggravated Assault,ASSAULT - AGGRAVATED - NON-FAMILY-STRONG-ARM,457
," -77.091)""",,,,456
," -77.0306)""",,,,454
," -76.9939)""",,,,452
," -77.0808)""",,,,451
," -77.124)""",,,,450
35A,3542,Crime Against Society,Drug/Narcotic Violations,DRUGS - SYNTHETIC NARCOTIC - POSSESS,445
," -77.2285)""",,,,445
," -77.0947)""",,,,443
90Z,4802,Crime Against Society,All Other Offenses,OBSTRUCT POLICE - OBSTRUCT CRIMINAL INVEST,442
," -77.2083)""",,,,440
," -77.1103)""",,,,436
," -77.1532)""",,,,435
13A,1304,Crime Against Person,Aggravated Assault,ASSAULT - AGGRAVATED - NON-FAMILY-GUN,433
," -77.233)""",,,,433
," -77.2055)""",,,,431
," -76.9968)""",,,,427
," -76.9473)""",,,,426
," -77.0513)""",,,,425
," -77.1921)""",,,,423
," -77.2457)""",,,,423
," -77.0287)""",,,,422
," -77.0523)""",,,,422
," -77.1519)""",,,,421
," -77.2561)""",,,,419
," -77.001)""",,,,419
90Z,2606,Crime Against Society,All Other Offenses,FRAUD - INSUFFICIENT FUNDS CHECK,419
," -77.2711)""",,,,418
," -77.2175)""",,,,417
," -77.153)""",,,,417
," -77.1169)""",,,,416
," -76.9957)""",,,,415
," -76.9764)""",,,,414
," -77.0517)""",,,,414
," -77.1953)""",,,,414
," -77.2137)""",,,,413
," -77.171)""",,,,412
," -77.193)""",,,,412
," -76.9851)""",,,,412
," -76.9761)""",,,,411
," -77.1446)""",,,,411
," -77.1116)""",,,,410
90Z,9053,Crime Against Society,All Other Offenses,LITTERING/TRASH DUMPING,408
," -77.1489)""",,,,408
," -77.0261)""",,,,407
," -77.0074)""",,,,405
," -77.0621)""",,,,401
," -77.2254)""",,,,400
," -77.0872)""",,,,399
," -77.1533)""",,,,398
," -77.053)""",,,,397
," -77.2643)""",,,,396
," -76.9919)""",,,,396
," -77.0289)""",,,,394
," -76.9806)""",,,,394
," -77.0279)""",,,,394
," -77.1027)""",,,,392
," -77.2635)""",,,,392
," -77.1226)""",,,,392
," -77.2647)""",,,,390
," -77.0483)""",,,,389
," -77.0569)""",,,,388
," -76.9897)""",,,,386
," -77.1439)""",,,,386
," -77.0482)""",,,,383
," -77.0931)""",,,,382
," -77.0419)""",,,,382
," -77.0719)""",,,,381
," -77.2015)""",,,,381
," -77.069)""",,,,381
," -77.0992)""",,,,379
11A,1114,Crime Against Person,Forcible Rape,SEX ASSAULT - SODOMY-GIRL-STRONG-ARM,377
," -77.1143)""",,,,376
," -77.036)""",,,,375
," -77.206)""",,,,374
," -77.2016)""",,,,374
," -77.1191)""",,,,373
," -77.1947)""",,,,373
," -77.0798)""",,,,372
," -77.276)""",,,,371
," -76.9405)""",,,,368
," -77.2801)""",,,,368
," -77.2377)""",,,,367
," -77.0038)""",,,,367
," -77.235)""",,,,367
," -77.0492)""",,,,365
250,2505,Crime Against Property,Counterfeiting/Forgery,COUNTERFEITING - PASS COUNTERFEITED,365
," -77.1048)""",,,,365
," -76.9894)""",,,,364
," -77.0491)""",,,,363
," -76.9437)""",,,,359
," -76.9439)""",,,,359
," -77.022)""",,,,359
," -77.159)""",,,,359
," -76.9802)""",,,,358
," -77.2095)""",,,,357
26A,9056,Crime Against Property,False Pretenses/Swindle/Confidence Game,FRAUD - FAILURE TO PAY,357
11D,1117,Crime Against Person,Forcible Fondling,SEX ASSAULT - CARNAL ABUSE,353
," -77.0518)""",,,,352
," -77.2888)""",,,,352
," -77.0909)""",,,,351
," -77.0862)""",,,,350
," -77.2237)""",,,,350
," -77.0554)""",,,,350
," -77.1482)""",,,,350
," -77.1772)""",,,,348
," -76.9831)""",,,,347
," -76.981)""",,,,347
120,1201,Crime Against Property,Robbery,ROBBERY - BUSINESS-GUN,346
," -77.0223)""",,,,346
," -77.1964)""",,,,346
," -77.2342)""",,,,345
," -77.0589)""",,,,345
," -76.9494)""",,,,344
," -77.0636)""",,,,344
120,1212,Crime Against Property,Robbery,ROBBERY - CARJACKING - ARMED,342
," -77.0479)""",,,,342
," -77.0515)""",,,,341
90F,3802,Crime Against Society,"Family Offenses, NonViolent",FAMILY OFFENSE - CRUELTY TOWARD CHILD,340
," -77.2032)""",,,,339
," -77.1617)""",,,,338
," -77.1205)""",,,,338
," -77.0799)""",,,,337
," -77.2652)""",,,,337
," -77.0135)""",,,,336
," -76.9918)""",,,,336
," -77.1325)""",,,,335
," -77.0917)""",,,,335
," -77.273)""",,,,334
," -77.2165)""",,,,334
," -77.1508)""",,,,333
," -76.9895)""",,,,333
," -77.0031)""",,,,332
," -77.1522)""",,,,332
," -77.0628)""",,,,332
," -77.0865)""",,,,331
," -77.0633)""",,,,331
," -77.2353)""",,,,330
," -77.0077)""",,,,330
," -77.2018)""",,,,329
," -76.9321)""",,,,329
," -77.1536)""",,,,329
," -77.0237)""",,,,327
," -77.0667)""",,,,327
," -77.1257)""",,,,326
210,2199,Crime Against Property,Extortion/Blackmail,EXTORTION (DESCRIBE OFFENSE),325
," -77.0729)""",,,,325
," -77.1869)""",,,,325
," -77.1213)""",,,,324
," -77.098)""",,,,324
," -77.0511)""",,,,324
," -77.0751)""",,,,324
," -77.118)""",,,,323
," -77.1894)""",,,,322
," -77.0477)""",,,,322
," -76.9827)""",,,,321
520,5299,Crime Against Society,Weapon Law Violations,WEAPON OFFENSE (DESCRIBE OFFENSE),320
," -77.1717)""",,,,319
," -76.9463)""",,,,318
," -77.0121)""",,,,317
," -77.06)""",,,,316
," -77.1952)""",,,,316
250,2502,Crime Against Property,Counterfeiting/Forgery,FORGERY OF OTHER,316
," -77.1518)""",,,,316
," -77.2384)""",,,,314
," -77.0622)""",,,,313
," -77.0298)""",,,,313
," -77.2089)""",,,,313
," -77.0503)""",,,,312
," -77.0771)""",,,,311
," -77.0732)""",,,,310
," -77.1494)""",,,,309
," -77.1507)""",,,,308
," -77.2049)""",,,,307
," -77.0697)""",,,,307
," -77.0738)""",,,,306
," -77.2048)""",,,,305
," -77.0371)""",,,,305
," -77.0052)""",,,,304
," -77.1637)""",,,,303
," -76.942)""",,,,303
," -77.2417)""",,,,302
," -77.0762)""",,,,301
," -77.2473)""",,,,301
," -77.2426)""",,,,300
," -77.0652)""",,,,299
," -77.0027)""",,,,299
," -77.0146)""",,,,299
," -77.0064)""",,,,299
," -77.0934)""",,,,298
," -77.1603)""",,,,298
," -77.1134)""",,,,298
," -77.0462)""",,,,297
," -76.9666)""",,,,296
," -77.1157)""",,,,295
," -77.2054)""",,,,294
," -77.0988)""",,,,294
," -77.2252)""",,,,294
," -77.1067)""",,,,294
," -77.1534)""",,,,292
," -77.2458)""",,,,291
," -77.1792)""",,,,290
," -77.2199)""",,,,290
," -77.2045)""",,,,290
," -77.105)""",,,,290
," -77.1836)""",,,,290
," -77.0959)""",,,,289
," -76.994)""",,,,289
," -77.2073)""",,,,289
," -77.0643)""",,,,288
," -77.0012)""",,,,288
," -77.1594)""",,,,288
90Z,9023,Crime Against Society,All Other Offenses,JUVENILE - OTHER,287
," -76.932)""",,,,287
," -77.2788)""",,,,287
," -77.1146)""",,,,286
," -77.0269)""",,,,286
," -77.2576)""",,,,285
," -76.9532)""",,,,285
," -77.2372)""",,,,285
," -77.2438)""",,,,284
," -77.1915)""",,,,284
," -77.1676)""",,,,282
," -77.1509)""",,,,281
," -77.1155)""",,,,281
," -77.2745)""",,,,281
," -77.2209)""",,,,280
," -77.0708)""",,,,280
," -77.0447)""",,,,278
," -77.0961)""",,,,278
40A,4004,Crime Against Society,Prostitution,COMM SEX OFF - PROSTITUTION,277
," -77.1091)""",,,,277
," -77.2158)""",,,,276
," -77.1052)""",,,,275
," -77.0011)""",,,,274
," -77.1984)""",,,,273
," -77.1223)""",,,,272
," -77.2499)""",,,,272
," -77.1099)""",,,,272
," -77.1822)""",,,,272
," -77.2041)""",,,,272
," -76.9972)""",,,,270
," -76.9982)""",,,,270
," -76.9767)""",,,,270
," -77.1911)""",,,,270
," -76.9723)""",,,,269
," -77.1019)""",,,,269
," -77.1596)""",,,,269
," -77.1572)""",,,,269
," -77.2169)""",,,,268
," -77.1644)""",,,,267
," -77.1914)""",,,,266
," -76.9876)""",,,,266
," -77.2071)""",,,,266
," -77.0402)""",,,,265
200,2007,Crime Against Property,Arson,ARSON - BURNING OF - (IDENTIFY OBJECT),265
," -77.0165)""",,,,265
," -77.1647)""",,,,265
," -76.995)""",,,,265
," -77.0398)""",,,,264
," -77.1548)""",,,,264
," -77.2731)""",,,,264
," -77.0321)""",,,,264
," -77.0809)""",,,,264
," -77.1898)""",,,,263
," -76.9907)""",,,,263
90C,5399,Crime Against Society,Disorderly Conduct,PUBLIC PEACE (DESCRIBE OFFENSE),262
," -77.1061)""",,,,262
," -77.0408)""",,,,262
," -77.2529)""",,,,261
," -77.1618)""",,,,261
," -77.0291)""",,,,260
," -77.0311)""",,,,259
," -77.1065)""",,,,259
," -77.1569)""",,,,259
," -77.2787)""",,,,258
," -77.0876)""",,,,258
," -76.9849)""",,,,258
," -77.0938)""",,,,257
," -77.0796)""",,,,257
," -77.1168)""",,,,257
," -76.9411)""",,,,257
," -77.2668)""",,,,257
," -77.2687)""",,,,257
," -77.1675)""",,,,257
," -77.2612)""",,,,256
," -77.2044)""",,,,256
," -77.1481)""",,,,256
," -77.2125)""",,,,255
," -77.0449)""",,,,255
," -77.0292)""",,,,255
," -77.0924)""",,,,254
," -77.1708)""",,,,254
," -77.0795)""",,,,254
," -77.0756)""",,,,253
," -77.2766)""",,,,252
," -77.1643)""",,,,252
," -77.1447)""",,,,252
," -77.0858)""",,,,251
35A,3520,Crime Against Society,Drug/Narcotic Violations,DRUGS - OPIUM OR DERIVATIVE - SELL,251
," -77.1082)""",,,,251
," -77.175)""",,,,249
," -77.1901)""",,,,248
," -77.1929)""",,,,248
," -77.1379)""",,,,248
," -77.037)""",,,,247
," -77.1928)""",,,,247
," -77.0723)""",,,,246
," -77.0002)""",,,,246
210,2103,Crime Against Property,Extortion/Blackmail,EXTORT - THREAT INJURE REPUTATION,246
," -77.0915)""",,,,246
," -77.0302)""",,,,245
," -77.2046)""",,,,245
," -77.2277)""",,,,245
," -77.0958)""",,,,244
," -77.0026)""",,,,244
," -77.1904)""",,,,243
," -77.0318)""",,,,243
," -77.1517)""",,,,242
35A,3533,Crime Against Society,Drug/Narcotic Violations,DRUGS - COCAINE (DESCRIBE OFFENSE),242
," -77.1229)""",,,,242
," -77.0175)""",,,,242
," -77.0975)""",,,,241
," -77.2388)""",,,,240
," -77.1284)""",,,,240
," -77.1897)""",,,,239
," -77.222)""",,,,238
," -77.1655)""",,,,238
," -77.1322)""",,,,237
," -77.1609)""",,,,237
90Z,3612,Crime Against Society,All Other Offenses,SEX OFFENSE - FAILURE TO REGISTER AS A SEX OFFENDE,237
," -77.2012)""",,,,235
," -77.0317)""",,,,235
11A,1115,Crime Against Person,Forcible Rape,SEX ASSAULT - SODOMY-WOMAN-STRONG-ARM,235
," -77.0769)""",,,,235
," -76.9952)""",,,,234
," -77.093)""",,,,234
," -77.1009)""",,,,234
," -77.1977)""",,,,234
," -77.2651)""",,,,233
," -77.062)""",,,,233
," -77.15)""",,,,233
," -77.0363)""",,,,233
," -76.9833)""",,,,233
," -77.028)""",,,,233
35A,3599,Crime Against Society,Drug/Narcotic Violations,DRUGS - DANGEROUS (DESCRIBE OFFENSE),232
," -77.0495)""",,,,232
," -77.0487)""",,,,231
," -77.1989)""",,,,231
," -77.117)""",,,,231
," -77.1084)""",,,,231
," -77.2021)""",,,,231
," -77.1691)""",,,,230
," -76.988)""",,,,230
," -77.2106)""",,,,229
," -77.0661)""",,,,229
," -77.2658)""",,,,229
," -77.0758)""",,,,229
," -77.0024)""",,,,229
250,2504,Crime Against Property,Counterfeiting/Forgery,FORGERY - PASS FORGED,229
," -77.0627)""",,,,229
," -77.0542)""",,,,228
," -77.1293)""",,,,228
," -77.1528)""",,,,227
," -77.094)""",,,,226
," -77.1163)""",,,,226
," -77.1867)""",,,,226
," -77.1073)""",,,,226
," -77.0951)""",,,,225
," -77.0496)""",,,,225
," -77.2009)""",,,,225
," -77.2062)""",,,,225
," -77.2521)""",,,,225
," -77.0671)""",,,,225
," -77.2357)""",,,,224
," -77.0054)""",,,,223
," -77.0504)""",,,,222
," -77.2007)""",,,,222
," -77.205)""",,,,222
," -77.1582)""",,,,221
," -76.9617)""",,,,220
," -77.1277)""",,,,220
," -76.9904)""",,,,220
," -76.9911)""",,,,220
," -77.0675)""",,,,220
," -77.1117)""",,,,219
," -77.071)""",,,,219
," -77.2084)""",,,,219
," -77.2011)""",,,,219
," -76.9998)""",,,,219
," -77.268)""",,,,218
," -77.2618)""",,,,218
," -77.046)""",,,,218
," -77.2339)""",,,,218
," -77.2182)""",,,,218
," -77.0521)""",,,,218
90Z,1602,Crime Against Society,All Other Offenses,THREAT - TERRORISTIC - STATE OFFENSES,217
," -76.9955)""",,,,217
," -77.2013)""",,,,217
," -77.1505)""",,,,216
," -77.0444)""",,,,216
," -77.1054)""",,,,216
," -77.2075)""",,,,216
," -77.0927)""",,,,215
," -77.1227)""",,,,215
," -77.065)""",,,,215
," -77.1955)""",,,,215
," -77.219)""",,,,215
," -77.1013)""",,,,215
," -77.0632)""",,,,214
," -77.21)""",,,,214
," -77.2065)""",,,,214
," -77.1756)""",,,,213
," -77.0885)""",,,,213
," -77.0946)""",,,,213
," -77.2786)""",,,,213
," -77.1201)""",,,,212
," -77.0898)""",,,,210
," -77.1228)""",,,,210
," -77.1475)""",,,,210
," -77.2098)""",,,,209
," -77.0889)""",,,,209
," -77.1645)""",,,,209
," -77.1909)""",,,,209
," -77.2266)""",,,,209
," -76.9986)""",,,,208
," -76.9841)""",,,,207
," -77.061)""",,,,207
," -77.2744)""",,,,207
," -77.0245)""",,,,206
," -77.0997)""",,,,205
," -77.1938)""",,,,205
," -77.1265)""",,,,205
," -77.2056)""",,,,204
," -77.1035)""",,,,204
120,1205,Crime Against Property,Robbery,ROBBERY - STREET-OTHER WEAPON,204
," -77.2715)""",,,,203
," -77.049)""",,,,203
," -77.2341)""",,,,202
," -77.2152)""",,,,202
," -77.1181)""",,,,202
," -77.2747)""",,,,202
," -77.0805)""",,,,201
120,1299,Crime Against Property,Robbery,ROBBERY (DESCRIBE OFFENSE),201
," -76.9977)""",,,,201
," -77.0166)""",,,,201
," -77.1727)""",,,,201
," -77.2378)""",,,,200
," -77.0035)""",,,,200
," -77.1866)""",,,,200
," -77.1589)""",,,,200
," -76.9901)""",,,,200
," -77.2051)""",,,,199
," -77.0639)""",,,,199
," -77.0911)""",,,,199
," -77.2737)""",,,,198
," -77.0204)""",,,,198
," -77.0875)""",,,,198
," -77.0401)""",,,,198
," -77.006)""",,,,198
," -76.9719)""",,,,198
," -77.0474)""",,,,197
," -77.1239)""",,,,197
90Z,3707,Crime Against Society,All Other Offenses,OBSCENE COMMUNICATION,197
," -77.0681)""",,,,196
," -77.0056)""",,,,196
," -76.9813)""",,,,196
," -77.0095)""",,,,196
," -77.0531)""",,,,196
," -77.172)""",,,,196
," -77.1132)""",,,,195
," -77.151)""",,,,195
," -76.9843)""",,,,194
," -77.1406)""",,,,194
," -77.0692)""",,,,194
," -77.2023)""",,,,194
," -77.2567)""",,,,194
," -77.0737)""",,,,194
," -77.1074)""",,,,194
," -77.1578)""",,,,194
," -76.9383)""",,,,194
," -77.0552)""",,,,194
," -77.252)""",,,,193
," -77.1815)""",,,,193
," -77.1041)""",,,,193
," -77.0634)""",,,,193
35A,3582,Crime Against Society,Drug/Narcotic Violations,DRUGS - BARBITURATE - POSSESS,193
," -77.2729)""",,,,193
," -77.045)""",,,,192
," -77.2701)""",,,,192
," -77.0167)""",,,,192
," -77.0486)""",,,,192
," -77.1263)""",,,,192
," -77.2623)""",,,,192
," -77.2596)""",,,,192
," -77.2086)""",,,,192
," -77.1631)""",,,,191
," -77.0584)""",,,,191
," -76.9882)""",,,,191
," -76.9774)""",,,,191
," -77.2221)""",,,,190
," -77.0921)""",,,,190
," -77.0114)""",,,,190
," -77.1939)""",,,,190
," -76.9845)""",,,,190
," -77.2179)""",,,,190
," -77.0968)""",,,,190
," -77.0034)""",,,,190
," -77.0452)""",,,,189
," -77.1314)""",,,,189
," -77.2723)""",,,,188
," -77.0088)""",,,,188
," -76.9924)""",,,,188
," -77.1852)""",,,,188
," -77.0278)""",,,,187
," -77.2072)""",,,,187
," -77.0867)""",,,,187
," -77.1492)""",,,,186
," -77.1212)""",,,,186
," -77.0702)""",,,,186
," -77.0942)""",,,,185
," -77.2303)""",,,,185
," -77.1472)""",,,,185
," -76.9928)""",,,,184
," -77.1096)""",,,,184
," -77.031)""",,,,184
," -77.0139)""",,,,184
," -77.0749)""",,,,184
," -77.2028)""",,,,184
," -77.2116)""",,,,184
250,2503,Crime Against Property,Counterfeiting/Forgery,COUNTERFEITING,183
," -77.0806)""",,,,183
," -77.2843)""",,,,183
," -77.0572)""",,,,182
," -77.0888)""",,,,182
," -77.2168)""",,,,181
," -77.1535)""",,,,181
," -77.1559)""",,,,180
120,1207,Crime Against Property,Robbery,ROBBERY - RESIDENTIAL-GUN,180
," -77.1248)""",,,,179
," -77.2553)""",,,,179
," -77.0142)""",,,,179
120,1203,Crime Against Property,Robbery,ROBBERY - BUSINESS-STRONG-ARM,179
," -77.088)""",,,,179
," -77.2323)""",,,,179
," -77.2629)""",,,,179
," -77.0471)""",,,,179
," -77.0963)""",,,,179
," -77.0512)""",,,,179
," -77.0711)""",,,,178
," -76.9944)""",,,,178
," -77.1501)""",,,,178
," -77.1635)""",,,,178
," -77.0651)""",,,,178
90Z,3611,Crime Against Society,All Other Offenses,SEX OFFENSE - PEEPING TOM,178
," -77.1832)""",,,,177
," -77.2675)""",,,,177
," -77.121)""",,,,177
," -77.1109)""",,,,177
," -76.9351)""",,,,176
," -77.1834)""",,,,176
," -77.0128)""",,,,176
," -77.0906)""",,,,176
," -77.0726)""",,,,176
," -77.1801)""",,,,175
," -77.208)""",,,,175
," -77.1017)""",,,,175
," -77.1127)""",,,,175
," -77.103)""",,,,175
," -77.2398)""",,,,174
," -77.1621)""",,,,174
," -77.0647)""",,,,174
," -77.2428)""",,,,174
," -77.1994)""",,,,173
," -77.2712)""",,,,173
," -77.0693)""",,,,173
," -77.0015)""",,,,173
," -76.9993)""",,,,173
," -77.1033)""",,,,173
," -76.9508)""",,,,173
," -77.1078)""",,,,173
," -77.075)""",,,,172
," -77.2872)""",,,,172
," -77.1275)""",,,,172
," -77.0435)""",,,,171
," -77.2019)""",,,,171
," -77.02)""",,,,171
," -77.2736)""",,,,171
," -76.9633)""",,,,170
," -77.2742)""",,,,170
," -77.1786)""",,,,170
," -77.1932)""",,,,170
," -77.0013)""",,,,170
," -77.1148)""",,,,170
," -76.9331)""",,,,169
," -77.0792)""",,,,169
," -76.9354)""",,,,169
," -77.0767)""",,,,169
," -77.1504)""",,,,169
," -77.0436)""",,,,168
," -77.0955)""",,,,168
," -77.1604)""",,,,168
," -76.9985)""",,,,168
," -77.0109)""",,,,168
," -77.2475)""",,,,168
," -77.0846)""",,,,168
," -77.0971)""",,,,167
120,1202,Crime Against Property,Robbery,ROBBERY - BUSINESS-OTHER WEAPON,167
," -77.0592)""",,,,167
," -77.195)""",,,,167
," -77.1615)""",,,,166
," -76.9937)""",,,,166
," -77.1907)""",,,,166
," -76.9294)""",,,,165
," -77.0989)""",,,,164
," -77.1433)""",,,,164
," -77.0453)""",,,,164
," -77.203)""",,,,164
," -77.0516)""",,,,164
," -77.11)""",,,,164
," -77.2527)""",,,,163
90C,3614,Crime Against Society,Disorderly Conduct,SEX OFFENSE - INDECENT EXPOSURE TO MINOR,163
," -77.0736)""",,,,163
," -77.2138)""",,,,163
," -77.0836)""",,,,163
," -76.985)""",,,,163
120,1209,Crime Against Property,Robbery,ROBBERY - RESIDENTIAL-STRONG-ARM,162
," -77.0765)""",,,,162
," -77.1998)""",,,,162
," -77.0199)""",,,,162
," -77.0779)""",,,,162
," -77.1999)""",,,,162
," -77.1158)""",,,,161
," -77.0974)""",,,,161
," -77.005)""",,,,161
," -77.0466)""",,,,160
370,3705,Crime Against Society,Pornography/Obscene Material,OBSCENE MATERIAL - DISTRIBUTE,160
," -77.1469)""",,,,160
," -77.107)""",,,,160
," -77.0067)""",,,,160
," -76.9588)""",,,,160
," -77.2587)""",,,,160
," -77.0797)""",,,,160
," -77.1996)""",,,,159
," -77.149)""",,,,159
," -77.0009)""",,,,159
," -76.9898)""",,,,159
," -77.0108)""",,,,159
," -77.1577)""",,,,159
," -76.9709)""",,,,159
," -77.1846)""",,,,158
," -77.0464)""",,,,158
," -77.0611)""",,,,158
," -77.2364)""",,,,158
," -77.2654)""",,,,158
36B,1116,Crime Against Person,Statuory Rape,STATUTORY RAPE - NO FORCE,158
," -77.114)""",,,,158
," -77.0233)""",,,,158
35A,3523,Crime Against Society,Drug/Narcotic Violations,DRUGS - OPIUM OR DERIVATIVE (DESCRIBE OFFENSE),158
," -76.9842)""",,,,157
," -77.1187)""",,,,157
," -77.07)""",,,,157
," -77.1424)""",,,,157
," -76.9885)""",,,,157
," -77.0106)""",,,,156
," -77.2456)""",,,,156
26A,2609,Crime Against Property,False Pretenses/Swindle/Confidence Game,FRAUD AND ABUSE - COMPUTER,156
," -77.1209)""",,,,156
," -76.9956)""",,,,156
," -77.0147)""",,,,156
," -77.1362)""",,,,156
," -77.0042)""",,,,155
," -77.2409)""",,,,155
," -77.1547)""",,,,155
," -77.0588)""",,,,155
," -77.1856)""",,,,155
," -77.1365)""",,,,155
," -76.9518)""",,,,155
," -77.1185)""",,,,155
," -76.9832)""",,,,155
," -77.01)""",,,,155
," -77.1696)""",,,,155
," -77.1196)""",,,,154
," -77.2157)""",,,,154
90Z,4803,Crime Against Society,All Other Offenses,OBSTRUCT POLICE - MAKING FALSE REPORT,154
," -77.0441)""",,,,154
," -77.2818)""",,,,154
," -77.2253)""",,,,153
," -77.2771)""",,,,153
," -77.1592)""",,,,153
," -77.0879)""",,,,153
720,9103,Crime Against Society,Animal Cruelty,ANIMAL CRUELTY,153
," -77.0786)""",,,,153
," -77.089)""",,,,153
," -77.2172)""",,,,153
," -77.029)""",,,,153
," -77.0715)""",,,,152
," -77.0957)""",,,,152
," -77.2455)""",,,,152
," -77.1926)""",,,,152
," -77.0332)""",,,,152
," -77.0022)""",,,,152
," -77.0583)""",,,,151
," -77.1184)""",,,,151
," -77.0069)""",,,,151
," -77.0913)""",,,,151
," -77.2437)""",,,,151
," -77.227)""",,,,151
," -77.2224)""",,,,151
210,2101,Crime Against Property,Extortion/Blackmail,EXTORT - THREAT INJURE PERSON,151
," -76.9535)""",,,,150
," -77.2572)""",,,,150
," -77.1692)""",,,,150
," -77.1638)""",,,,150
," -77.0431)""",,,,150
," -77.0656)""",,,,150
," -77.1339)""",,,,150
," -77.1285)""",,,,150
," -76.9978)""",,,,149
90Z,9031,Crime Against Society,All Other Offenses,DRUNKENNESS,149
," -77.0493)""",,,,149
120,1217,Crime Against Property,Robbery,ROBBERY - DOMESTIC,149
," -77.2)""",,,,149
," -77.234)""",,,,149
," -77.0133)""",,,,149
," -76.9748)""",,,,149
," -77.2429)""",,,,148
," -77.0063)""",,,,148
," -77.0061)""",,,,148
," -77.0028)""",,,,148
," -77.0818)""",,,,148
," -77.0699)""",,,,148
," -77.042)""",,,,148
," -76.9887)""",,,,148
," -76.9922)""",,,,147
," -77.0409)""",,,,147
," -77.0422)""",,,,147
," -77.0501)""",,,,147
," -76.9376)""",,,,147
," -77.2431)""",,,,146
13A,1301,Crime Against Person,Aggravated Assault,ASSAULT - AGGRAVATED - FAMILY-GUN,146
," -76.9866)""",,,,146
," -77.0641)""",,,,146
," -77.0451)""",,,,146
," -77.0252)""",,,,146
," -77.1289)""",,,,146
," -77.1954)""",,,,145
," -77.0753)""",,,,145
," -77.0925)""",,,,144
," -77.0277)""",,,,144
," -77.1814)""",,,,143
," -77.2026)""",,,,143
," -77.1302)""",,,,143
," -77.1306)""",,,,143
," -77.0593)""",,,,143
," -77.0783)""",,,,143
," -77.1044)""",,,,143
," -77.072)""",,,,143
," -77.1111)""",,,,143
," -76.9665)""",,,,143
," -77.0561)""",,,,143
," -77.2735)""",,,,143
90F,3899,Crime Against Society,"Family Offenses, NonViolent",FAMILY OFFENSE (DESCRIBE OFFENSE),143
," -77.0058)""",,,,141
," -77.1194)""",,,,141
," -77.1927)""",,,,141
," -77.1018)""",,,,141
," -77.2698)""",,,,141
," -77.1823)""",,,,141
," -77.2085)""",,,,141
," -77.1816)""",,,,141
," -77.2535)""",,,,141
," -77.2318)""",,,,140
," -77.2477)""",,,,140
," -77.1516)""",,,,140
," -77.1709)""",,,,140
," -77.0117)""",,,,140
," -77.0763)""",,,,140
," -77.4338)""",,,,139
," -77.1737)""",,,,139
," -77.0533)""",,,,139
," -77.0936)""",,,,139
," -77.1436)""",,,,139
," -76.9966)""",,,,138
," -77.021)""",,,,138
," -77.2358)""",,,,138
," -77.215)""",,,,138
," -77.0953)""",,,,138
," -77.1988)""",,,,138
," -76.9396)""",,,,138
," -77.1699)""",,,,138
," -77.0976)""",,,,138
," -77.0403)""",,,,138
," -76.998)""",,,,138
," -77.24)""",,,,138
," -77.1147)""",,,,137
," -77.1667)""",,,,137
," -77.1303)""",,,,137
," -77.2093)""",,,,137
," -77.073)""",,,,137
," -76.9706)""",,,,137
," -77.1542)""",,,,137
," -76.9769)""",,,,137
," -77.0476)""",,,,137
," -77.0714)""",,,,137
," -77.0562)""",,,,137
," -77.2667)""",,,,137
," -77.0759)""",,,,136
," -77.2678)""",,,,136
23D,2311,Crime Against Property,Theft from Building,LARCENY - FROM BANKING-TYPE INST,136
," -77.1908)""",,,,136
26G,2611,Crime Against Property,Hacking/Computer Invasion,FRAUD - HACKING/COMPUTER INVASION,136
," -77.0255)""",,,,136
," -77.1666)""",,,,136
," -77.2142)""",,,,135
," -77.2263)""",,,,135
," -77.1579)""",,,,135
," -77.1491)""",,,,135
," -77.0743)""",,,,134
," -77.191)""",,,,134
," -77.1137)""",,,,134
," -77.1751)""",,,,134
," -77.1521)""",,,,134
," -77.014)""",,,,134
," -77.0353)""",,,,134
," -77.1435)""",,,,134
," -77.1002)""",,,,134
," -77.2129)""",,,,134
," -77.1923)""",,,,134
," -77.2319)""",,,,134
," -77.1007)""",,,,133
," -77.0123)""",,,,133
," -77.0209)""",,,,133
," -77.0016)""",,,,133
," -77.2816)""",,,,133
," -77.2661)""",,,,133
," -77.0093)""",,,,133
," -77.1537)""",,,,133
," -76.9479)""",,,,133
," -77.1607)""",,,,133
," -77.1745)""",,,,133
," -77.0131)""",,,,133
," -76.9837)""",,,,132
," -76.9909)""",,,,132
," -77.0284)""",,,,132
270,2701,Crime Against Property,Embezzlement,EMBEZZLE - BUSINESS PROP,132
," -77.1608)""",,,,132
," -77.1678)""",,,,132
," -77.282)""",,,,132
280,2408,Crime Against Property,Stolen Property Offenses,AUTO THEFT - POSSESS STOLEN VEHICLE,132
11A,1112,Crime Against Person,Forcible Rape,SEX ASSAULT - SODOMY-BOY-STRONG-ARM,132
," -77.2582)""",,,,131
," -77.2493)""",,,,131
," -77.2052)""",,,,131
," -76.9971)""",,,,131
," -77.0952)""",,,,131
," -77.0994)""",,,,131
," -77.0644)""",,,,131
13C,5215,Crime Against Person,Intimidation,WEAPON - THREAT TO BOMB,131
," -77.0524)""",,,,131
," -77.1918)""",,,,131
," -77.0733)""",,,,131
," -77.0841)""",,,,130
," -77.1747)""",,,,130
," -77.0695)""",,,,130
," -77.2691)""",,,,130
," -77.1567)""",,,,130
," -77.0948)""",,,,130
," -77.1827)""",,,,129
," -77.1077)""",,,,129
," -77.1309)""",,,,129
," -77.1724)""",,,,129
," -77.055)""",,,,129
," -77.1104)""",,,,129
," -77.1161)""",,,,129
120,9002,Crime Against Property,Robbery,ROBBERY - CARJACKING - STRONG-ARM,129
," -77.1845)""",,,,129
," -76.9804)""",,,,129
," -77.2593)""",,,,128
," -77.1943)""",,,,128
," -77.1657)""",,,,128
250,2599,Crime Against Property,Counterfeiting/Forgery,COUNTERFEITING (DESCRIBE OFFENSE),128
," -77.1113)""",,,,128
," -77.0866)""",,,,128
," -77.2081)""",,,,128
," -76.9943)""",,,,128
," -77.1218)""",,,,127
," -77.1738)""",,,,127
," -77.2231)""",,,,127
," -77.0949)""",,,,127
," -77.1037)""",,,,127
," -76.9361)""",,,,127
," -77.2386)""",,,,127
," -77.1321)""",,,,127
," -77.2427)""",,,,126
," -77.0602)""",,,,126
," -77.2601)""",,,,126
," -77.0505)""",,,,126
," -76.9923)""",,,,126
," -77.2758)""",,,,126
," -77.2121)""",,,,126
," -76.984)""",,,,126
," -77.1697)""",,,,126
," -77.1861)""",,,,126
," -77.1957)""",,,,126
," -77.0993)""",,,,126
," -77.1149)""",,,,126
," -77.1844)""",,,,126
," -76.9823)""",,,,125
," -77.2506)""",,,,125
," -77.0965)""",,,,125
," -77.0247)""",,,,125
," -77.076)""",,,,125
," -77.1851)""",,,,125
," -77.0893)""",,,,125
," -77.0553)""",,,,125
," -77.2526)""",,,,125
," -77.0646)""",,,,125
," -76.922)""",,,,125
," -77.0855)""",,,,125
," -77.0682)""",,,,124
," -77.1115)""",,,,124
," -77.1173)""",,,,124
," -77.2452)""",,,,124
," -77.0057)""",,,,124
," -77.1648)""",,,,124
," -76.9342)""",,,,124
," -77.2568)""",,,,124
," -77.2283)""",,,,124
," -77.0962)""",,,,124
," -77.1584)""",,,,124
," -77.2063)""",,,,123
," -77.1895)""",,,,123
," -76.9927)""",,,,123
," -77.1008)""",,,,123
," -76.9467)""",,,,123
," -76.99)""",,,,123
," -77.19)""",,,,122
," -77.1156)""",,,,122
," -77.1323)""",,,,122
," -77.2536)""",,,,122
," -76.9587)""",,,,122
," -77.2453)""",,,,122
," -76.9818)""",,,,121
," -77.23)""",,,,121
," -77.0547)""",,,,121
," -77.2732)""",,,,121
," -77.0174)""",,,,121
," -77.0564)""",,,,121
," -77.1139)""",,,,121
," -77.1606)""",,,,121
," -77.0626)""",,,,121
," -77.0397)""",,,,121
," -77.0395)""",,,,121
," -77.0184)""",,,,121
," -77.1195)""",,,,121
," -77.18)""",,,,121
," -77.002)""",,,,121
," -77.1219)""",,,,120
," -77.1101)""",,,,120
," -77.1028)""",,,,120
," -77.2696)""",,,,120
," -77.0869)""",,,,120
," -77.1133)""",,,,120
," -77.2363)""",,,,120
," -77.1981)""",,,,120
," -77.2799)""",,,,120
," -77.1455)""",,,,120
," -77.1681)""",,,,120
," -77.0928)""",,,,119
," -77.2609)""",,,,119
," -77.2155)""",,,,119
," -77.2492)""",,,,119
," -77.08)""",,,,119
," -77.152)""",,,,119
," -77.2091)""",,,,119
," -77.0183)""",,,,119
," -77.154)""",,,,119
," -76.987)""",,,,119
," -77.1731)""",,,,119
," -77.0977)""",,,,118
," -77.2697)""",,,,118
," -77.033)""",,,,118
," -77.1031)""",,,,117
," -77.0739)""",,,,117
," -77.2024)""",,,,117
," -77.2375)""",,,,117
90Z,3613,Crime Against Society,All Other Offenses,SEX OFFENSE - SEX OFFENDER REGISTRATION VIOLATION,117
," -77.0322)""",,,,117
," -77.2717)""",,,,117
," -77.2132)""",,,,116
," -77.0555)""",,,,116
," -77.0623)""",,,,116
," -76.9526)""",,,,116
," -77.0581)""",,,,116
," -77.1917)""",,,,116
," -77.0242)""",,,,116
," -77.2334)""",,,,116
," -77.2805)""",,,,116
," -76.9385)""",,,,116
," -77.0945)""",,,,116
," -77.192)""",,,,116
," -77.0225)""",,,,116
," -77.0141)""",,,,115
," -77.0663)""",,,,115
," -77.0707)""",,,,115
," -77.1775)""",,,,115
," -77.1991)""",,,,115
," -77.1718)""",,,,115
," -77.0248)""",,,,115
," -77.27)""",,,,115
," -77.0448)""",,,,114
," -77.2014)""",,,,114
," -77.0785)""",,,,114
," -77.2759)""",,,,114
," -77.2851)""",,,,114
35A,3571,Crime Against Society,Drug/Narcotic Violations,DRUGS - AMPHETAMINE - SELL,114
," -77.0907)""",,,,114
," -77.1214)""",,,,114
," -77.2881)""",,,,114
," -77.0744)""",,,,114
," -77.0502)""",,,,114
," -77.1154)""",,,,114
," -77.0884)""",,,,114
200,2099,Crime Against Property,Arson,ARSON (DESCRIBE OFFENSE),114
," -77.1803)""",,,,113
," -77.0445)""",,,,113
," -77.0113)""",,,,113
," -77.2523)""",,,,113
," -77.0899)""",,,,113
," -77.0817)""",,,,113
," -77.023)""",,,,113
120,1215,Crime Against Property,Robbery,ROBBERY - OTHER WEAPON,113
," -77.0683)""",,,,113
40B,4008,Crime Against Society,Assisting or Promoting Prostitution,COMM SEX OFF - PROCURE PROSTITUTE - ADULT,113
," -77.2099)""",,,,113
," -77.2096)""",,,,113
," -77.4934)""",,,,113
," -76.9884)""",,,,113
," -77.1885)""",,,,113
," -77.1601)""",,,,113
," -77.2507)""",,,,113
," -77.2577)""",,,,113
," -77.0853)""",,,,113
," -77.0215)""",,,,112
," -77.229)""",,,,112
," -76.9979)""",,,,112
," -77.0591)""",,,,112
," -77.272)""",,,,112
," -77.1241)""",,,,112
," -77.0919)""",,,,112
," -77.0856)""",,,,112
," -77.1079)""",,,,112
," -76.9805)""",,,,112
," -77.0787)""",,,,111
," -77.1307)""",,,,111
," -77.087)""",,,,111
," -77.1828)""",,,,111
," -77.0894)""",,,,111
," -76.9886)""",,,,111
," -77.1887)""",,,,111
," -76.9311)""",,,,111
," -77.1796)""",,,,111
," -77.0933)""",,,,111
," -77.0073)""",,,,111
," -77.0456)""",,,,110
," -77.0018)""",,,,110
," -76.9976)""",,,,110
," -77.2278)""",,,,110
," -77.2391)""",,,,110
," -77.1884)""",,,,110
," -77.2725)""",,,,110
," -77.0603)""",,,,110
," -77.1593)""",,,,110
200,2006,Crime Against Property,Arson,ARSON - RESIDENTIAL,110
90F,3801,Crime Against Society,"Family Offenses, NonViolent",FAMILY OFFENSE - NEGLECT FAMILY,110
," -77.048)""",,,,110
," -77.081)""",,,,110
," -77.0659)""",,,,110
," -77.0982)""",,,,110
," -77.1819)""",,,,110
," -77.2235)""",,,,109
," -77.0754)""",,,,109
," -77.179)""",,,,109
," -77.011)""",,,,109
," -77.0922)""",,,,109
," -77.0345)""",,,,109
," -77.1752)""",,,,109
," -76.9807)""",,,,109
," -77.1868)""",,,,108
," -77.0484)""",,,,108
," -77.0025)""",,,,108
," -77.2393)""",,,,108
," -77.2136)""",,,,108
," -77.0138)""",,,,108
," -77.1234)""",,,,108
," -77.0198)""",,,,108
," -77.0539)""",,,,108
," -77.0625)""",,,,108
," -77.0914)""",,,,108
," -77.4205)""",,,,108
," -77.2068)""",,,,108
," -77.068)""",,,,108
," -77.0587)""",,,,108
," -77.2304)""",,,,108
," -76.9879)""",,,,108
," -76.9399)""",,,,108
," -77.2433)""",,,,108
," -77.1245)""",,,,108
," -77.0536)""",,,,108
," -77.0475)""",,,,107
," -76.9969)""",,,,107
," -77.246)""",,,,107
," -77.0257)""",,,,107
," -77.0734)""",,,,107
," -77.0407)""",,,,107
," -77.0871)""",,,,106
35A,3510,Crime Against Society,Drug/Narcotic Violations,DRUGS - HEROIN - SELL,106
," -77.1658)""",,,,106
," -77.0985)""",,,,106
," -77.2382)""",,,,106
," -77.2109)""",,,,106
," -77.2401)""",,,,106
," -77.1066)""",,,,106
," -77.0844)""",,,,106
," -77.0728)""",,,,106
," -77.2434)""",,,,106
," -77.0731)""",,,,106
," -77.078)""",,,,105
," -77.1081)""",,,,105
," -77.2346)""",,,,105
," -77.0705)""",,,,105
," -77.1049)""",,,,105
280,2804,Crime Against Property,Stolen Property Offenses,STOLEN PROPERTY - POSSESS,105
," -77.1824)""",,,,105
," -77.0563)""",,,,105
," -77.161)""",,,,105
," -77.0558)""",,,,105
," -77.0168)""",,,,105
," -77.1791)""",,,,105
," -77.0979)""",,,,105
," -77.0825)""",,,,105
," -77.0259)""",,,,105
," -77.0918)""",,,,105
," -77.0571)""",,,,104
," -77.0565)""",,,,104
," -77.0238)""",,,,104
," -77.0773)""",,,,104
," -77.0654)""",,,,104
," -77.2517)""",,,,104
," -77.0333)""",,,,104
," -77.0229)""",,,,104
," -77.1573)""",,,,104
," -77.0497)""",,,,104
," -77.242)""",,,,104
," -76.9967)""",,,,104
," -77.164)""",,,,104
," -77.2714)""",,,,104
," -77.0891)""",,,,104
," -77.0043)""",,,,104
," -77.0051)""",,,,104
," -77.2287)""",,,,104
," -77.275)""",,,,104
," -77.0789)""",,,,103
," -76.9945)""",,,,103
," -77.1716)""",,,,103
35A,3513,Crime Against Society,Drug/Narcotic Violations,DRUGS - HEROIN - (DESCRIBE OFFENSE),103
," -77.1829)""",,,,103
," -77.1118)""",,,,103
," -77.1152)""",,,,103
," -77.0032)""",,,,103
," -77.2863)""",,,,103
," -76.9711)""",,,,103
," -77.0712)""",,,,103
," -77.0835)""",,,,103
," -77.1288)""",,,,102
," -77.1906)""",,,,102
," -77.0904)""",,,,102
," -77.0124)""",,,,102
," -77.0674)""",,,,102
," -77.2688)""",,,,102
," -77.1383)""",,,,102
," -77.0804)""",,,,102
," -77.1629)""",,,,102
," -77.0926)""",,,,101
," -77.1119)""",,,,101
," -77.2709)""",,,,101
," -77.1973)""",,,,101
," -77.1342)""",,,,101
," -77.2848)""",,,,101
," -77.1396)""",,,,101
," -77.102)""",,,,101
," -77.0873)""",,,,101
," -77.1418)""",,,,101
," -77.2432)""",,,,101
," -77.1839)""",,,,101
," -77.2548)""",,,,101
13A,1311,Crime Against Person,Aggravated Assault,ASSAULT - AGGRAVATED - POL OFF-OTHER WEAPON,101
," -77.1188)""",,,,101
," -77.2802)""",,,,101
," -77.1343)""",,,,100
," -77.2767)""",,,,100
," -77.2134)""",,,,100
," -77.1298)""",,,,100
," -77.2741)""",,,,100
," -76.9817)""",,,,100
," -77.0418)""",,,,100
," -77.0118)""",,,,99
," -77.2058)""",,,,99
," -77.0629)""",,,,99
," -77.1171)""",,,,99
," -77.2177)""",,,,99
," -77.1135)""",,,,99
," -77.1493)""",,,,99
," -77.0193)""",,,,99
," -77.1488)""",,,,99
," -77.1741)""",,,,99
," -76.9861)""",,,,99
," -77.1863)""",,,,99
," -77.1728)""",,,,99
," -77.2645)""",,,,99
," -77.2756)""",,,,99
," -77.0819)""",,,,99
," -77.084)""",,,,98
," -77.0529)""",,,,98
," -77.0579)""",,,,98
," -77.0221)""",,,,98
," -77.0473)""",,,,98
," -77.1779)""",,,,98
," -76.9573)""",,,,98
," -77.0803)""",,,,98
," -77.1523)""",,,,98
," -77.128)""",,,,98
," -77.0618)""",,,,98
," -77.2127)""",,,,98
," -77.2441)""",,,,98
," -77.0748)""",,,,98
," -77.2159)""",,,,98
," -77.1141)""",,,,98
," -77.0092)""",,,,98
," -76.9367)""",,,,98
," -77.0684)""",,,,98
," -77.0704)""",,,,97
," -77.1903)""",,,,97
," -77.2631)""",,,,97
," -77.1539)""",,,,97
," -77.115)""",,,,97
," -77.2422)""",,,,97
," -77.1668)""",,,,97
," -76.9795)""",,,,97
," -77.184)""",,,,97
," -77.2128)""",,,,97
," -77.1034)""",,,,97
," -77.1011)""",,,,97
," -77.1612)""",,,,97
," -77.0868)""",,,,97
," -77.1305)""",,,,97
," -76.9859)""",,,,97
," -77.256)""",,,,96
," -77.0262)""",,,,96
," -77.0125)""",,,,96
," -77.2511)""",,,,96
," -77.2889)""",,,,96
," -77.2005)""",,,,96
," -77.1854)""",,,,96
," -77.1012)""",,,,96
," -76.9981)""",,,,96
," -77.0243)""",,,,96
," -77.0606)""",,,,95
," -77.0745)""",,,,95
," -77.2396)""",,,,95
," -77.0081)""",,,,95
," -77.0832)""",,,,95
," -77.2053)""",,,,95
," -76.957)""",,,,95
," -77.1358)""",,,,95
," -76.9504)""",,,,95
," -77.09)""",,,,95
," -77.0157)""",,,,95
," -77.1754)""",,,,95
," -77.1937)""",,,,95
," -76.9975)""",,,,95
," -77.0432)""",,,,95
," -77.2726)""",,,,95
," -76.9835)""",,,,95
," -77.1705)""",,,,95
90Z,5006,Crime Against Society,All Other Offenses,OBSTRUCT GOVT - OBSTRUCTING JUSTICE,95
," -77.0405)""",,,,94
," -77.1893)""",,,,94
," -77.1193)""",,,,94
64A,6411,Crime Against Person,"Human Trafficking, Commercial Sex Acts",HUMAN TRAFFICKING - COMMERCIAL SEX ACTS,94
," -77.2002)""",,,,94
," -77.0116)""",,,,94
," -77.057)""",,,,94
," -77.0538)""",,,,94
," -76.9525)""",,,,94
," -77.183)""",,,,94
," -77.2183)""",,,,94
," -77.2772)""",,,,94
," -77.1165)""",,,,94
," -77.058)""",,,,93
," -77.1743)""",,,,93
," -76.9482)""",,,,93
," -77.012)""",,,,93
," -76.9452)""",,,,93
," -77.0214)""",,,,93
," -77.2864)""",,,,93
," -77.0467)""",,,,93
," -77.0006)""",,,,93
," -77.139)""",,,,93
," -76.9973)""",,,,93
," -77.0908)""",,,,92
," -77.0086)""",,,,92
," -77.2296)""",,,,92
," -76.9747)""",,,,92
," -77.236)""",,,,92
," -77.0207)""",,,,92
," -77.0156)""",,,,92
," -77.2029)""",,,,92
," -77.2154)""",,,,92
," -77.1421)""",,,,92
," -77.1722)""",,,,92
," -76.9729)""",,,,92
," -77.1411)""",,,,92
," -77.0219)""",,,,92
," -77.0319)""",,,,92
," -77.017)""",,,,92
," -77.1946)""",,,,92
," -77.2078)""",,,,92
," -77.2454)""",,,,92
," -77.1785)""",,,,92
," -77.1626)""",,,,92
," -77.1546)""",,,,92
26A,2607,Crime Against Property,False Pretenses/Swindle/Confidence Game,FRAUD - FALSE STATEMENT,92
," -77.1425)""",,,,91
," -77.0672)""",,,,91
," -77.0396)""",,,,91
," -77.1684)""",,,,91
," -77.0761)""",,,,91
," -77.2067)""",,,,91
," -76.982)""",,,,91
," -77.0615)""",,,,91
," -77.1063)""",,,,91
," -77.28)""",,,,91
," -77.0905)""",,,,91
," -77.0008)""",,,,91
," -77.2423)""",,,,91
," -77.0001)""",,,,91
90Z,7399,Crime Against Society,All Other Offenses,PUBLIC ORDER CRIMES,91
," -77.2416)""",,,,91
," -77.0995)""",,,,91
," -77.1583)""",,,,91
," -77.1276)""",,,,90
," -76.9798)""",,,,90
," -77.2025)""",,,,90
," -77.1164)""",,,,90
," -77.1402)""",,,,90
," -76.9338)""",,,,90
," -77.1713)""",,,,90
," -76.9536)""",,,,90
," -77.1563)""",,,,90
," -76.9962)""",,,,90
," -77.0454)""",,,,90
," -77.0151)""",,,,90
," -77.0657)""",,,,90
," -77.1886)""",,,,90
," -77.2347)""",,,,90
," -76.941)""",,,,90
," -77.0463)""",,,,90
," -77.1527)""",,,,90
," -76.9856)""",,,,89
," -77.1967)""",,,,89
," -77.0777)""",,,,89
," -77.0941)""",,,,89
," -77.2545)""",,,,89
," -77.1186)""",,,,89
," -77.2592)""",,,,89
," -77.2151)""",,,,89
," -77.0014)""",,,,89
," -77.2508)""",,,,89
," -77.2006)""",,,,89
," -77.2397)""",,,,89
," -77.1076)""",,,,89
," -77.0208)""",,,,89
," -77.178)""",,,,89
," -77.1871)""",,,,89
," -77.092)""",,,,89
," -77.1444)""",,,,89
," -77.0172)""",,,,89
," -77.111)""",,,,88
," -76.9847)""",,,,88
," -77.0964)""",,,,88
," -77.1958)""",,,,88
," -77.1783)""",,,,88
," -77.2819)""",,,,88
," -77.1804)""",,,,88
," -77.1092)""",,,,88
," -77.0881)""",,,,88
," -77.2746)""",,,,88
," -77.0896)""",,,,88
," -77.1624)""",,,,88
," -77.0344)""",,,,88
," -77.1479)""",,,,88
," -77.079)""",,,,88
," -77.1912)""",,,,88
," -77.1217)""",,,,88
," -77.0164)""",,,,87
," -76.9891)""",,,,87
23E,2307,Crime Against Property,From Coin/Operated Machine or Device,LARCENY - FROM COIN MACHINE,87
," -77.1525)""",,,,87
," -77.2773)""",,,,87
," -77.0549)""",,,,87
," -77.1001)""",,,,87
," -77.1742)""",,,,87
," -77.0442)""",,,,87
," -77.0312)""",,,,87
," -77.2392)""",,,,87
," -77.2008)""",,,,87
," -77.0097)""",,,,87
," -77.2349)""",,,,86
," -77.097)""",,,,86
," -77.0144)""",,,,86
," -77.2105)""",,,,86
," -77.2509)""",,,,86
23H,2306,Crime Against Property,All other Larceny,LARCENY - FROM SHIPMENT,86
," -77.2117)""",,,,86
," -77.1097)""",,,,86
," -77.1178)""",,,,86
," -77.0365)""",,,,86
," -77.2113)""",,,,86
," -77.0883)""",,,,86
," -77.166)""",,,,86
," -77.1151)""",,,,86
," -77.1627)""",,,,86
," -77.0234)""",,,,86
," -77.1361)""",,,,86
," -76.9914)""",,,,86
," -77.0282)""",,,,86
," -77.1769)""",,,,85
," -77.2674)""",,,,85
," -77.1689)""",,,,85
," -77.0969)""",,,,85
," -77.0784)""",,,,85
," -77.0813)""",,,,85
," -77.0203)""",,,,85
," -77.1587)""",,,,85
," -77.2622)""",,,,85
," -77.1153)""",,,,84
," -77.2201)""",,,,84
," -77.0341)""",,,,84
," -77.1254)""",,,,84
," -77.1021)""",,,,84
," -76.9447)""",,,,84
90Z,5007,Crime Against Society,All Other Offenses,OBSTRUCT GOVT - OBSTRUCTING COURT ORDER,84
," -77.0895)""",,,,84
," -77.0576)""",,,,84
," -77.2632)""",,,,84
," -76.9932)""",,,,84
," -77.1701)""",,,,84
," -77.1467)""",,,,84
," -77.054)""",,,,84
," -77.0932)""",,,,84
35A,3503,Crime Against Society,Drug/Narcotic Violations,DRUGS - HALLUCINOGEN - SELL,84
," -77.2436)""",,,,83
," -77.1377)""",,,,83
," -76.9916)""",,,,83
," -77.1812)""",,,,83
," -77.0176)""",,,,83
," -77.2243)""",,,,83
90Z,9110,Crime Against Society,All Other Offenses,SOLICITATION - MINOR FOR SEXUAL ACTS,83
," -77.0698)""",,,,83
," -77.2485)""",,,,83
," -77.1685)""",,,,83
," -77.248)""",,,,83
," -76.9958)""",,,,83
," -77.2681)""",,,,83
," -77.2586)""",,,,83
," -77.0021)""",,,,83
90Z,5401,Crime Against Society,All Other Offenses,HIT AND RUN,83
," -77.1883)""",,,,83
," -77.0916)""",,,,83
," -77.1204)""",,,,83
90Z,9102,Crime Against Society,All Other Offenses,ANIMAL BITE,83
," -77.0101)""",,,,83
," -76.9863)""",,,,83
," -77.0227)""",,,,83
," -77.1736)""",,,,82
," -77.1511)""",,,,82
," -77.1068)""",,,,82
250,2507,Crime Against Property,Counterfeiting/Forgery,COUNTERFEITING - POSS COUNTERFEITED,82
," -77.2321)""",,,,82
," -77.2656)""",,,,82
," -77.1766)""",,,,82
," -77.1106)""",,,,82
," -77.1672)""",,,,82
," -77.2425)""",,,,82
," -77.2496)""",,,,82
," -77.1995)""",,,,82
," -77.1142)""",,,,82
," -77.0687)""",,,,82
," -77.2505)""",,,,82
," -77.0072)""",,,,82
," -77.1043)""",,,,82
," -76.9839)""",,,,82
," -77.1688)""",,,,82
," -76.9614)""",,,,81
," -77.1663)""",,,,81
," -77.0328)""",,,,81
," -77.0764)""",,,,81
," -77.0892)""",,,,81
," -77.2369)""",,,,81
," -77.1556)""",,,,81
," -77.0438)""",,,,81
," -76.951)""",,,,81
," -77.0551)""",,,,81
," -77.2035)""",,,,81
," -76.991)""",,,,81
," -77.1625)""",,,,81
," -77.1802)""",,,,81
," -77.0886)""",,,,81
," -76.9995)""",,,,80
," -77.1419)""",,,,80
," -77.0613)""",,,,80
," -77.1711)""",,,,80
," -76.9241)""",,,,80
," -77.1026)""",,,,80
," -77.2057)""",,,,80
," -77.1975)""",,,,80
," -77.0861)""",,,,80
," -77.1294)""",,,,80
," -77.1029)""",,,,80
," -76.9942)""",,,,80
," -77.1462)""",,,,80
," -77.0557)""",,,,80
," -77.2779)""",,,,80
," -77.2413)""",,,,80
," -77.0105)""",,,,80
," -77.0972)""",,,,80
," -77.0954)""",,,,80
," -77.1324)""",,,,80
," -77.1225)""",,,,80
," -77.1123)""",,,,80
," -76.9803)""",,,,79
," -77.1683)""",,,,79
," -77.1124)""",,,,79
," -77.2387)""",,,,79
," -77.1591)""",,,,79
," -77.008)""",,,,79
," -77.188)""",,,,79
," -77.0079)""",,,,79
," -77.1215)""",,,,79
," -77.1781)""",,,,79
," -77.2679)""",,,,79
," -77.132)""",,,,79
," -77.1441)""",,,,79
," -77.0688)""",,,,79
," -77.108)""",,,,79
," -76.9933)""",,,,79
," -77.0427)""",,,,79
," -76.9812)""",,,,79
," -76.9951)""",,,,79
," -77.2001)""",,,,79
," -77.1039)""",,,,79
," -77.2292)""",,,,79
," -77.0162)""",,,,79
," -77.1922)""",,,,79
," -77.0943)""",,,,79
," -77.2324)""",,,,79
," -77.2042)""",,,,79
," -76.9992)""",,,,78
," -77.1588)""",,,,78
," -77.2488)""",,,,78
," -77.1805)""",,,,78
," -77.2102)""",,,,78
," -77.1746)""",,,,78
," -77.0839)""",,,,78
," -77.2694)""",,,,78
," -77.0275)""",,,,78
," -77.0111)""",,,,78
," -76.9512)""",,,,78
," -77.1292)""",,,,78
11A,1113,Crime Against Person,Forcible Rape,SEX ASSAULT - SODOMY-MAN-STRONG-ARM,78
," -77.1297)""",,,,78
," -77.2368)""",,,,78
," -77.1222)""",,,,78
," -77.2061)""",,,,78
," -77.4085)""",,,,78
," -77.0709)""",,,,78
," -77.1083)""",,,,78
," -77.217)""",,,,78
," -77.0851)""",,,,78
," -77.1515)""",,,,78
," -77.1949)""",,,,78
," -76.9815)""",,,,78
," -77.0537)""",,,,77
," -77.0534)""",,,,77
," -77.0205)""",,,,77
," -77.0434)""",,,,77
," -76.9794)""",,,,77
," -77.2463)""",,,,77
," -77.2163)""",,,,77
," -76.9796)""",,,,77
," -77.2366)""",,,,77
," -77.2402)""",,,,77
270,2703,Crime Against Property,Embezzlement,EMBEZZLE - BANKING-TYPE INST,77
," -77.2259)""",,,,77
," -77.2518)""",,,,77
," -76.9691)""",,,,77
," -77.2101)""",,,,77
," -77.1942)""",,,,77
," -77.1552)""",,,,77
," -76.953)""",,,,77
," -77.2311)""",,,,76
," -77.1873)""",,,,76
," -77.0195)""",,,,76
," -77.2119)""",,,,76
," -77.1144)""",,,,76
," -76.9941)""",,,,76
," -77.1936)""",,,,76
," -77.1015)""",,,,76
," -77.1669)""",,,,76
," -77.0638)""",,,,76
," -77.1642)""",,,,76
," -77.1413)""",,,,76
," -77.2776)""",,,,76
," -77.244)""",,,,76
," -76.9425)""",,,,76
," -76.9905)""",,,,76
," -77.0859)""",,,,76
," -77.0878)""",,,,76
," -77.082)""",,,,76
," -77.2626)""",,,,76
90Z,9052,Crime Against Society,All Other Offenses,FIRE CODE VIOLATION,76
," -77.1982)""",,,,76
," -77.1503)""",,,,76
," -77.2149)""",,,,75
13A,1308,Crime Against Person,Aggravated Assault,ASSAULT - AGGRAVATED - PUB OFF-OTHER WEAPON,75
," -77.1652)""",,,,75
," -77.2355)""",,,,75
," -76.9938)""",,,,75
," -77.1045)""",,,,75
," -76.9814)""",,,,75
," -77.1317)""",,,,75
," -77.2585)""",,,,75
," -76.9989)""",,,,75
," -76.9996)""",,,,75
," -77.163)""",,,,75
," -77.0807)""",,,,75
," -77.1075)""",,,,75
," -77.12)""",,,,75
," -77.0594)""",,,,75
," -77.2123)""",,,,75
09A,0911,Crime Against Person,Murder and Nonnegligent Manslaughter,HOMICIDE - WILLFUL KILL-GUN,75
," -76.9772)""",,,,75
," -77.1543)""",,,,75
," -77.0007)""",,,,75
," -77.0842)""",,,,74
," -77.1544)""",,,,74
," -77.1965)""",,,,74
," -77.2367)""",,,,74
," -77.0188)""",,,,74
," -77.2646)""",,,,74
," -77.0033)""",,,,74
," -77.0596)""",,,,74
," -76.9472)""",,,,74
," -77.1835)""",,,,74
," -77.0047)""",,,,74
," -77.1129)""",,,,74
," -77.2795)""",,,,74
," -77.2754)""",,,,74
," -77.0525)""",,,,74
," -77.0414)""",,,,74
," -76.9259)""",,,,74
," -77.1825)""",,,,74
," -77.0986)""",,,,74
," -77.1813)""",,,,74
," -77.0545)""",,,,74
520,5203,Crime Against Society,Weapon Law Violations,CARRYING PROHIBITED WEAPON (SPECIFY WEAPON),74
," -77.0132)""",,,,74
," -77.1042)""",,,,74
," -77.0669)""",,,,74
," -77.0202)""",,,,74
," -77.04)""",,,,74
," -77.2145)""",,,,74
," -76.9787)""",,,,73
," -77.1128)""",,,,73
," -77.0217)""",,,,73
," -77.0607)""",,,,73
," -77.2162)""",,,,73
," -77.2862)""",,,,73
120,1211,Crime Against Property,Robbery,ROBBERY - BANKING-TYPE INST,73
," -77.2271)""",,,,73
," -77.0978)""",,,,73
," -77.2379)""",,,,73
," -77.2655)""",,,,73
," -77.0373)""",,,,73
," -77.1557)""",,,,73
," -77.17)""",,,,73
," -77.1354)""",,,,73
26A,2603,Crime Against Property,False Pretenses/Swindle/Confidence Game,FRAUD - MAIL,73
," -77.1207)""",,,,73
," -77.1175)""",,,,73
," -76.9327)""",,,,73
," -77.2607)""",,,,73
," -77.123)""",,,,73
," -77.0666)""",,,,72
," -77.1464)""",,,,72
," -77.1458)""",,,,72
," -77.0757)""",,,,72
," -77.2806)""",,,,72
," -77.0472)""",,,,72
," -77.2542)""",,,,72
," -77.1349)""",,,,72
," -77.2143)""",,,,72
," -77.2411)""",,,,72
," -77.2487)""",,,,72
," -77.1561)""",,,,72
," -77.1355)""",,,,72
," -77.1597)""",,,,72
," -77.144)""",,,,72
," -77.1159)""",,,,72
," -76.9556)""",,,,72
," -77.116)""",,,,71
," -77.1768)""",,,,71
," -77.181)""",,,,71
," -76.9987)""",,,,71
," -77.0324)""",,,,71
," -77.2628)""",,,,71
," -77.1941)""",,,,71
35A,3540,Crime Against Society,Drug/Narcotic Violations,DRUGS - SYNTHETIC NARCOTIC - SELL,71
," -77.1233)""",,,,71
," -77.2361)""",,,,71
," -76.9959)""",,,,71
," -77.269)""",,,,71
," -77.2738)""",,,,71
," -77.2783)""",,,,71
," -77.0662)""",,,,71
," -77.2594)""",,,,71
," -77.237)""",,,,71
," -76.9844)""",,,,71
," -77.2141)""",,,,71
," -77.059)""",,,,71
," -77.2249)""",,,,71
," -77.0426)""",,,,71
," -77.2344)""",,,,70
," -77.1271)""",,,,70
," -77.1088)""",,,,70
," -77.0703)""",,,,70
," -77.2495)""",,,,70
," -76.9888)""",,,,70
," -77.1338)""",,,,70
," -77.2713)""",,,,70
," -77.2722)""",,,,70
," -77.2443)""",,,,70
," -77.2763)""",,,,70
," -77.2672)""",,,,70
," -77.0415)""",,,,70
," -77.2297)""",,,,70
," -76.9948)""",,,,70
," -77.0211)""",,,,69
," -77.0273)""",,,,69
," -77.1739)""",,,,69
," -76.9869)""",,,,69
," -76.9775)""",,,,69
," -77.2421)""",,,,69
," -76.9961)""",,,,69
," -77.1595)""",,,,69
," -77.2247)""",,,,69
," -77.0005)""",,,,69
," -77.1445)""",,,,69
," -76.9935)""",,,,69
," -77.1024)""",,,,69
," -77.047)""",,,,69
," -77.1407)""",,,,69
," -76.9208)""",,,,69
," -77.0293)""",,,,69
," -76.9393)""",,,,69
," -77.1236)""",,,,69
," -77.1062)""",,,,69
," -77.0923)""",,,,69
," -77.143)""",,,,69
," -77.0049)""",,,,68
," -77.018)""",,,,68
," -77.1177)""",,,,68
," -77.1304)""",,,,68
," -77.1762)""",,,,68
," -77.1512)""",,,,68
," -77.279)""",,,,68
," -77.2491)""",,,,68
," -77.0119)""",,,,68
," -77.125)""",,,,68
," -77.2107)""",,,,68
," -77.064)""",,,,68
," -77.0811)""",,,,68
," -77.0635)""",,,,68
," -77.1438)""",,,,68
," -77.2408)""",,,,68
," -77.239)""",,,,68
," -77.2164)""",,,,68
," -77.0834)""",,,,68
," -77.1732)""",,,,68
," -77.2327)""",,,,68
," -77.1773)""",,,,68
," -77.2112)""",,,,67
," -77.0741)""",,,,67
," -77.1978)""",,,,67
," -77.1703)""",,,,67
," -77.1707)""",,,,67
," -77.0822)""",,,,67
," -77.0082)""",,,,67
," -77.1653)""",,,,67
," -76.9873)""",,,,67
," -77.2464)""",,,,67
," -77.2198)""",,,,67
," -77.1636)""",,,,67
," -77.0614)""",,,,67
," -77.243)""",,,,67
," -77.2126)""",,,,67
," -77.2225)""",,,,67
," -77.0616)""",,,,67
35A,3505,Crime Against Society,Drug/Narcotic Violations,DRUGS - HALLUCINOGEN (DESCRIBE OFFENSE),67
," -77.0506)""",,,,67
," -76.9413)""",,,,67
," -76.9735)""",,,,67
," -76.9725)""",,,,67
90Z,2206,Crime Against Society,All Other Offenses,BURGLARY TOOLS - POSSESS,67
," -77.267)""",,,,67
," -76.969)""",,,,67
," -77.2836)""",,,,66
," -77.101)""",,,,66
," -77.0578)""",,,,66
," -77.0665)""",,,,66
," -77.1279)""",,,,66
," -76.9765)""",,,,66
," -77.1896)""",,,,66
," -77.1047)""",,,,66
," -77.2571)""",,,,66
," -77.0863)""",,,,66
," -77.0514)""",,,,66
," -77.2807)""",,,,66
," -77.0107)""",,,,66
," -77.2702)""",,,,66
," -77.0774)""",,,,66
," -77.1415)""",,,,66
," -77.1811)""",,,,66
," -76.9292)""",,,,66
," -77.1368)""",,,,66
," -77.1087)""",,,,66
," -76.9248)""",,,,66
," -77.039)""",,,,66
," -77.1776)""",,,,66
," -77.0655)""",,,,65
," -77.1891)""",,,,65
," -77.1471)""",,,,65
," -77.0802)""",,,,65
," -77.0689)""",,,,65
," -77.2866)""",,,,65
," -77.0387)""",,,,65
," -77.0701)""",,,,65
," -76.9896)""",,,,65
," -77.1122)""",,,,65
," -77.0129)""",,,,65
," -77.1554)""",,,,65
," -76.9773)""",,,,65
," -77.1014)""",,,,65
," -76.9853)""",,,,65
," -77.0847)""",,,,65
," -77.1016)""",,,,64
," -77.0686)""",,,,64
," -77.2613)""",,,,64
," -77.2281)""",,,,64
," -77.051)""",,,,64
," -77.0044)""",,,,64
," -77.186)""",,,,64
," -77.0423)""",,,,64
370,3704,Crime Against Society,Pornography/Obscene Material,OBSCENE MATERIAL - POSSESS,64
," -77.004)""",,,,64
," -77.1246)""",,,,64
," -77.099)""",,,,64
," -77.1598)""",,,,64
," -77.1429)""",,,,64
," -77.1799)""",,,,64
," -77.2193)""",,,,64
," -77.1987)""",,,,64
," -77.0717)""",,,,64
," -77.056)""",,,,64
," -77.1986)""",,,,64
," -76.9314)""",,,,63
," -77.2813)""",,,,63
," -77.0469)""",,,,63
," -77.1357)""",,,,63
," -77.0352)""",,,,63
," -77.25)""",,,,63
," -76.9366)""",,,,63
," -77.1767)""",,,,63
," -76.9352)""",,,,63
," -77.1651)""",,,,63
," -77.1399)""",,,,63
90Z,5318,Crime Against Society,All Other Offenses,VIOLATION OF EMERGENCY ORDER - OTHER,63
," -77.1564)""",,,,63
," -77.1613)""",,,,63
," -77.1673)""",,,,63
," -77.2135)""",,,,63
," -77.1602)""",,,,63
," -77.2809)""",,,,63
," -77.2581)""",,,,63
," -77.2734)""",,,,63
," -77.1565)""",,,,63
," -77.1719)""",,,,63
," -76.945)""",,,,63
," -76.9312)""",,,,62
," -77.2762)""",,,,62
," -77.1721)""",,,,62
," -77.1108)""",,,,62
," -76.9877)""",,,,62
," -77.1179)""",,,,62
," -77.2832)""",,,,62
," -77.0455)""",,,,62
," -77.2686)""",,,,62
," -76.9417)""",,,,62
," -76.9304)""",,,,62
," -77.0821)""",,,,62
," -76.9324)""",,,,62
," -77.0645)""",,,,62
," -77.2348)""",,,,62
," -77.1706)""",,,,62
," -77.0939)""",,,,62
," -77.1571)""",,,,62
," -77.0816)""",,,,62
," -77.0158)""",,,,61
," -77.0159)""",,,,61
," -76.9368)""",,,,61
," -77.0443)""",,,,61
," -77.1628)""",,,,61
," -77.044)""",,,,61
," -77.1889)""",,,,61
," -77.1945)""",,,,61
," -77.1876)""",,,,61
," -77.158)""",,,,61
," -77.1966)""",,,,61
," -77.0258)""",,,,61
," -77.1053)""",,,,61
," -77.2671)""",,,,61
," -76.9503)""",,,,61
280,2899,Crime Against Property,Stolen Property Offenses,STOLEN PROPERTY (DESCRIBE OFFENSE),61
," -77.1216)""",,,,61
," -76.9838)""",,,,61
," -77.201)""",,,,61
," -76.9875)""",,,,61
," -77.2315)""",,,,61
," -77.2115)""",,,,61
," -76.9912)""",,,,61
," -77.0197)""",,,,61
," -77.1862)""",,,,61
," -77.2306)""",,,,60
," -76.9373)""",,,,60
," -77.2092)""",,,,60
," -77.1687)""",,,,60
," -77.2727)""",,,,60
," -77.0617)""",,,,60
," -77.1232)""",,,,60
," -77.041)""",,,,60
," -77.1902)""",,,,60
," -77.0075)""",,,,60
," -76.9322)""",,,,60
," -77.0304)""",,,,60
," -77.2034)""",,,,60
," -76.9974)""",,,,60
," -77.1934)""",,,,60
," -76.9762)""",,,,60
," -76.9913)""",,,,60
," -77.1251)""",,,,60
," -77.0201)""",,,,60
," -77.2852)""",,,,60
200,2002,Crime Against Property,Arson,ARSON - RESIDENTIAL-ENDANGERED LIFE,60
," -77.0874)""",,,,60
," -77.0143)""",,,,60
," -77.284)""",,,,60
," -76.9983)""",,,,60
," -76.9424)""",,,,60
," -77.0299)""",,,,60
," -77.009)""",,,,60
," -77.0937)""",,,,60
," -77.0053)""",,,,60
," -77.2854)""",,,,60
," -77.293)""",,,,60
," -77.0071)""",,,,60
," -77.106)""",,,,60
," -77.238)""",,,,60
," -77.0149)""",,,,59
," -77.2167)""",,,,59
," -76.9215)""",,,,59
," -77.1055)""",,,,59
," -77.2108)""",,,,59
," -77.271)""",,,,59
," -77.2803)""",,,,59
," -77.1888)""",,,,59
35A,3561,Crime Against Society,Drug/Narcotic Violations,DRUGS - MARIJUANA - SMUGGLE,59
," -77.2528)""",,,,59
," -77.1555)""",,,,59
," -77.0161)""",,,,59
," -76.9797)""",,,,59
," -77.1654)""",,,,59
," -77.1199)""",,,,59
," -77.0902)""",,,,59
," -77.0076)""",,,,59
," -77.025)""",,,,59
," -77.0824)""",,,,59
," -77.2649)""",,,,59
," -77.0103)""",,,,59
," -77.1704)""",,,,59
," -77.0944)""",,,,59
," -77.1541)""",,,,58
," -77.1237)""",,,,58
," -76.9946)""",,,,58
," -76.947)""",,,,58
," -77.2555)""",,,,58
," -77.1858)""",,,,58
," -77.0459)""",,,,58
," -77.2663)""",,,,58
," -77.2706)""",,,,58
," -77.0782)""",,,,58
," -77.0392)""",,,,58
," -77.0725)""",,,,58
," -77.0567)""",,,,58
," -76.9507)""",,,,58
," -77.2139)""",,,,58
," -76.9346)""",,,,58
," -77.0642)""",,,,57
," -76.9984)""",,,,57
," -77.162)""",,,,57
," -77.1476)""",,,,57
," -77.2537)""",,,,57
," -77.1733)""",,,,57
," -77.0182)""",,,,57
," -76.9511)""",,,,57
," -77.0664)""",,,,57
," -77.0137)""",,,,57
," -77.2265)""",,,,57
," -77.2469)""",,,,57
," -77.1006)""",,,,57
," -77.2309)""",,,,57
," -77.0062)""",,,,57
," -76.9733)""",,,,57
," -77.1069)""",,,,57
," -77.0601)""",,,,57
," -77.1715)""",,,,57
," -77.2226)""",,,,57
," -76.9829)""",,,,57
," -77.0406)""",,,,57
," -76.9678)""",,,,57
," -77.1496)""",,,,57
," -77.2479)""",,,,57
," -77.1833)""",,,,57
," -77.165)""",,,,57
," -77.1755)""",,,,57
," -77.2484)""",,,,57
," -76.9934)""",,,,56
," -76.9834)""",,,,56
," -77.0532)""",,,,56
," -77.0181)""",,,,56
," -77.1468)""",,,,56
," -77.0793)""",,,,56
," -77.2893)""",,,,56
," -77.218)""",,,,56
," -77.0388)""",,,,56
," -77.1089)""",,,,56
," -77.0362)""",,,,56
," -77.1486)""",,,,56
," -77.2104)""",,,,56
," -76.9541)""",,,,56
," -76.9372)""",,,,56
," -77.1057)""",,,,56
," -77.1735)""",,,,56
," -77.0004)""",,,,56
," -77.1698)""",,,,56
," -77.2514)""",,,,56
," -77.0649)""",,,,56
," -77.1605)""",,,,56
," -77.2294)""",,,,56
," -77.2133)""",,,,55
," -76.9915)""",,,,55
," -77.174)""",,,,55
," -77.0059)""",,,,55
," -77.0815)""",,,,55
," -76.9626)""",,,,55
," -77.0838)""",,,,55
," -76.9227)""",,,,55
," -77.019)""",,,,55
," -77.2777)""",,,,55
," -77.2782)""",,,,55
," -77.2333)""",,,,55
," -77.2414)""",,,,55
," -77.2314)""",,,,55
," -77.2637)""",,,,55
," -76.972)""",,,,55
," -77.1287)""",,,,55
," -77.2899)""",,,,55
," -77.1333)""",,,,55
," -77.0177)""",,,,55
," -76.9954)""",,,,55
," -76.9584)""",,,,54
," -77.1495)""",,,,54
120,1208,Crime Against Property,Robbery,ROBBERY - RESIDENTIAL-OTHER WEAPON,54
," -77.0425)""",,,,54
," -77.2218)""",,,,54
," -77.2238)""",,,,54
," -77.2685)""",,,,54
," -76.9713)""",,,,54
," -77.0716)""",,,,54
," -76.9506)""",,,,54
," -77.0094)""",,,,54
," -77.221)""",,,,54
," -77.2845)""",,,,54
," -77.0598)""",,,,54
," -77.0196)""",,,,54
," -77.007)""",,,,54
," -77.0228)""",,,,54
," -77.0599)""",,,,54
," -77.1702)""",,,,54
," -77.0721)""",,,,54
," -77.2404)""",,,,54
," -76.9892)""",,,,54
," -77.0794)""",,,,54
," -77.157)""",,,,54
," -77.2418)""",,,,54
," -77.226)""",,,,54
," -77.0236)""",,,,54
," -77.1524)""",,,,53
," -77.257)""",,,,53
," -77.0346)""",,,,53
," -77.2399)""",,,,53
," -77.199)""",,,,53
," -77.1051)""",,,,53
," -77.1974)""",,,,53
," -76.9824)""",,,,53
," -77.2394)""",,,,53
," -77.0713)""",,,,53
," -76.9857)""",,,,53
," -77.1145)""",,,,53
," -77.1729)""",,,,53
," -77.1847)""",,,,53
," -76.9744)""",,,,53
," -77.0029)""",,,,53
," -77.1782)""",,,,53
," -77.1296)""",,,,53
," -77.1818)""",,,,53
," -77.0429)""",,,,53
," -77.1384)""",,,,53
," -77.0189)""",,,,52
," -76.9828)""",,,,52
," -77.0696)""",,,,52
," -76.9808)""",,,,52
," -76.9611)""",,,,52
," -77.0404)""",,,,52
," -77.2483)""",,,,52
," -76.9757)""",,,,52
," -77.2598)""",,,,52
," -77.176)""",,,,52
," -77.1422)""",,,,52
," -77.2855)""",,,,52
," -77.1549)""",,,,52
," -77.0249)""",,,,52
," -77.1545)""",,,,52
," -77.2345)""",,,,52
," -77.1622)""",,,,52
," -77.0903)""",,,,52
," -77.2371)""",,,,52
," -76.9999)""",,,,52
," -77.2373)""",,,,52
," -77.1331)""",,,,52
," -76.9727)""",,,,52
," -77.1664)""",,,,52
," -77.0722)""",,,,52
," -77.1256)""",,,,52
," -77.1872)""",,,,52
," -76.9216)""",,,,51
," -77.1003)""",,,,51
," -76.999)""",,,,51
," -77.0901)""",,,,51
," -76.9384)""",,,,51
," -77.1972)""",,,,51
26D,9055,Crime Against Property,Welfare Fraud,FRAUD - WELFARE,51
," -77.2642)""",,,,51
," -77.1682)""",,,,51
," -77.1485)""",,,,51
," -77.1761)""",,,,51
," -77.2917)""",,,,51
," -77.2659)""",,,,51
," -77.1208)""",,,,51
," -77.0507)""",,,,51
," -77.2166)""",,,,51
," -77.0046)""",,,,51
," -77.2564)""",,,,51
," -77.1877)""",,,,51
," -77.1261)""",,,,51
," -77.2275)""",,,,51
," -77.1576)""",,,,51
," -76.9213)""",,,,51
," -77.2885)""",,,,51
," -77.0212)""",,,,51
," -77.1774)""",,,,51
," -77.1963)""",,,,51
," -77.2665)""",,,,51
," -77.2272)""",,,,51
," -77.1478)""",,,,50
," -76.9333)""",,,,50
," -77.0828)""",,,,50
," -77.1882)""",,,,50
," -77.0595)""",,,,50
," -76.9809)""",,,,50
," -77.0457)""",,,,50
," -77.0391)""",,,,50
100,1006,Crime Against Person,Kidnapping/Abduction,KIDNAP ADULT,50
," -77.0313)""",,,,50
," -77.1174)""",,,,50
," -77.1004)""",,,,50
," -77.2653)""",,,,50
," -77.0852)""",,,,50
," -77.126)""",,,,50
," -77.085)""",,,,50
," -77.2699)""",,,,50
," -77.247)""",,,,50
," -77.0849)""",,,,50
," -77.2615)""",,,,50
," -77.2203)""",,,,50
," -77.0381)""",,,,50
," -77.0837)""",,,,50
," -76.9604)""",,,,50
," -77.0179)""",,,,50
," -77.131)""",,,,50
," -77.026)""",,,,50
," -77.2094)""",,,,50
," -77.1071)""",,,,50
," -76.9908)""",,,,49
," -77.1778)""",,,,49
," -76.9826)""",,,,49
," -77.1959)""",,,,49
," -77.1641)""",,,,49
," -77.0575)""",,,,49
," -77.0173)""",,,,49
," -77.189)""",,,,49
," -76.9317)""",,,,49
," -77.1674)""",,,,49
," -76.9398)""",,,,49
," -77.134)""",,,,49
," -76.9491)""",,,,49
," -77.0882)""",,,,49
," -77.0527)""",,,,49
," -77.0677)""",,,,49
," -77.0413)""",,,,49
," -77.0559)""",,,,49
," -77.2748)""",,,,49
," -77.3018)""",,,,49
," -77.258)""",,,,49
," -77.0354)""",,,,49
," -77.0582)""",,,,49
09A,0999,Crime Against Person,Murder and Nonnegligent Manslaughter,HOMICIDE (DESCRIBE OFFENSE),49
," -77.2213)""",,,,49
," -77.1514)""",,,,49
," -76.9819)""",,,,49
," -77.1102)""",,,,49
," -77.038)""",,,,49
," -77.2945)""",,,,49
," -76.9889)""",,,,49
," -77.1319)""",,,,48
," -77.214)""",,,,48
," -77.1448)""",,,,48
," -76.9558)""",,,,48
," -77.1944)""",,,,48
," -76.9997)""",,,,48
," -77.0154)""",,,,48
," -77.2298)""",,,,48
," -77.0288)""",,,,48
," -77.0428)""",,,,48
," -77.1765)""",,,,48
," -77.0382)""",,,,48
," -77.0023)""",,,,48
," -77.0991)""",,,,48
," -77.0337)""",,,,48
," -77.0145)""",,,,48
," -77.2236)""",,,,48
," -77.0998)""",,,,48
," -77.254)""",,,,48
," -77.1025)""",,,,48
," -77.2449)""",,,,48
," -77.0295)""",,,,48
," -77.1235)""",,,,48
," -77.0169)""",,,,48
," -76.9483)""",,,,48
," -77.283)""",,,,47
," -77.1093)""",,,,47
," -76.9582)""",,,,47
," -77.0546)""",,,,47
," -76.9529)""",,,,47
," -77.1841)""",,,,47
," -77.0155)""",,,,47
," -77.213)""",,,,47
," -77.2522)""",,,,47
," -77.2325)""",,,,47
," -77.156)""",,,,47
," -77.1757)""",,,,47
," -77.0369)""",,,,47
," -77.0126)""",,,,47
," -77.1487)""",,,,47
," -77.241)""",,,,47
," -77.2817)""",,,,47
," -76.9629)""",,,,47
," -77.2284)""",,,,47
," -76.9374)""",,,,47
," -77.1258)""",,,,47
," -77.2705)""",,,,47
," -77.0386)""",,,,47
," -77.168)""",,,,47
," -77.225)""",,,,46
," -77.0134)""",,,,46
," -76.9811)""",,,,46
," -77.2362)""",,,,46
," -77.2589)""",,,,46
," -77.0375)""",,,,46
," -77.0609)""",,,,46
," -77.1558)""",,,,46
," -77.0768)""",,,,46
," -77.1794)""",,,,46
," -77.083)""",,,,46
," -77.1176)""",,,,46
," -77.2721)""",,,,46
," -77.2525)""",,,,46
," -77.2641)""",,,,46
," -77.1197)""",,,,46
," -77.1553)""",,,,46
," -76.9926)""",,,,46
," -77.2583)""",,,,46
," -76.9728)""",,,,46
," -77.2761)""",,,,46
," -77.1023)""",,,,46
," -77.1795)""",,,,46
35A,3543,Crime Against Society,Drug/Narcotic Violations,DRUGS - SYNTHETIC NARCOTIC - (DESCRIBE OFFENSE),46
," -77.1451)""",,,,46
," -77.1574)""",,,,46
," -77.1286)""",,,,46
," -77.0685)""",,,,46
," -77.2194)""",,,,46
," -76.9419)""",,,,46
," -77.2439)""",,,,46
," -77.0566)""",,,,46
," -77.1058)""",,,,46
," -76.9683)""",,,,46
," -76.9673)""",,,,45
," -76.918)""",,,,45
," -77.0055)""",,,,45
250,2506,Crime Against Property,Counterfeiting/Forgery,FORGERY - POSSESS FORGED,45
," -77.1526)""",,,,45
," -77.0171)""",,,,45
90B,9054,Crime Against Society,Curfew/Loitering/Vagrancy Violations,LOITERING/VAGRANCY,45
," -77.0216)""",,,,45
," -77.1639)""",,,,45
," -76.9498)""",,,,45
," -77.2973)""",,,,45
," -77.289)""",,,,45
," -77.2111)""",,,,45
," -77.0742)""",,,,45
," -77.0383)""",,,,45
," -77.1759)""",,,,45
," -77.1346)""",,,,45
," -76.9577)""",,,,45
," -77.1531)""",,,,45
," -77.0178)""",,,,45
," -77.0801)""",,,,45
," -77.0544)""",,,,45
," -77.2557)""",,,,45
," -77.1252)""",,,,45
," -77.2882)""",,,,45
," -77.063)""",,,,45
," -77.4126)""",,,,45
," -77.1864)""",,,,45
," -77.067)""",,,,45
," -77.1308)""",,,,44
," -76.9708)""",,,,44
," -76.9994)""",,,,44
," -76.993)""",,,,44
," -77.2302)""",,,,44
," -77.2822)""",,,,44
," -76.9929)""",,,,44
," -77.2234)""",,,,44
," -76.9233)""",,,,44
," -77.2476)""",,,,44
," -76.9375)""",,,,44
," -76.9776)""",,,,44
," -77.1206)""",,,,44
," -77.1262)""",,,,44
," -76.9737)""",,,,44
," -77.2335)""",,,,44
," -77.2258)""",,,,44
," -77.2122)""",,,,44
," -77.1879)""",,,,44
," -77.0377)""",,,,44
," -77.2831)""",,,,44
," -77.1272)""",,,,44
," -77.1385)""",,,,44
," -77.2558)""",,,,44
," -77.2633)""",,,,44
," -77.0349)""",,,,44
," -76.9872)""",,,,44
11A,1102,Crime Against Person,Forcible Rape,RAPE WITH WEAPON,44
," -77.1614)""",,,,44
," -77.141)""",,,,44
," -77.1619)""",,,,44
," -77.1126)""",,,,44
," -76.937)""",,,,44
," -77.1449)""",,,,43
," -77.1749)""",,,,43
," -77.1857)""",,,,43
," -77.136)""",,,,43
," -77.1599)""",,,,43
," -77.0379)""",,,,43
," -77.0845)""",,,,43
," -77.4051)""",,,,43
," -77.1568)""",,,,43
," -77.2639)""",,,,43
," -77.2929)""",,,,43
," -77.0308)""",,,,43
," -76.9736)""",,,,43
35A,3502,Crime Against Society,Drug/Narcotic Violations,DRUGS - HALLUCINOGEN - DISTRIB,43
," -76.9688)""",,,,43
120,1210,Crime Against Property,Robbery,ROBBERY - FORCIBLE PURSE SNATCHING,43
," -77.1948)""",,,,43
," -77.066)""",,,,43
," -77.274)""",,,,43
," -77.0568)""",,,,43
," -77.0194)""",,,,43
," -77.0112)""",,,,43
," -77.2447)""",,,,43
," -77.2502)""",,,,43
," -77.2539)""",,,,42
," -77.0458)""",,,,42
," -77.2239)""",,,,42
," -77.2186)""",,,,42
," -76.9705)""",,,,42
," -77.0274)""",,,,42
," -77.155)""",,,,42
," -77.1064)""",,,,42
," -77.1408)""",,,,42
," -77.147)""",,,,42
," -77.1777)""",,,,42
," -77.2217)""",,,,42
," -77.1005)""",,,,42
," -77.1646)""",,,,42
," -77.2176)""",,,,42
," -77.2192)""",,,,42
," -77.1)""",,,,42
," -76.9695)""",,,,42
," -77.137)""",,,,42
," -77.2789)""",,,,42
," -77.0605)""",,,,42
," -77.2412)""",,,,42
," -77.0788)""",,,,41
," -76.9514)""",,,,41
," -77.2565)""",,,,41
," -77.2354)""",,,,41
," -77.1098)""",,,,41
," -77.1753)""",,,,41
," -77.1634)""",,,,41
," -77.1714)""",,,,41
," -76.9704)""",,,,41
," -76.9722)""",,,,41
," -76.9746)""",,,,41
," -77.0327)""",,,,41
," -77.2148)""",,,,41
," -77.264)""",,,,41
," -77.1428)""",,,,41
," -77.2376)""",,,,41
," -76.9343)""",,,,41
," -76.9547)""",,,,41
," -77.1391)""",,,,41
," -76.939)""",,,,41
," -77.0912)""",,,,41
," -77.0573)""",,,,41
," -77.1404)""",,,,41
," -77.1498)""",,,,41
," -77.0577)""",,,,41
," -77.2264)""",,,,41
," -77.1797)""",,,,41
," -77.1375)""",,,,41
," -77.003)""",,,,41
," -77.266)""",,,,40
," -76.9836)""",,,,40
," -77.0421)""",,,,40
," -77.0017)""",,,,40
," -77.0367)""",,,,40
," -77.1807)""",,,,40
," -77.2435)""",,,,40
," -77.0356)""",,,,40
," -77.0843)""",,,,40
," -76.9726)""",,,,40
," -77.2189)""",,,,40
," -77.1837)""",,,,40
," -77.2242)""",,,,40
," -76.9902)""",,,,40
," -77.1166)""",,,,40
," -76.9779)""",,,,40
," -76.9196)""",,,,40
," -76.9355)""",,,,40
," -77.0829)""",,,,40
," -77.1056)""",,,,40
," -77.1585)""",,,,40
," -77.2552)""",,,,40
," -77.2825)""",,,,40
," -77.1744)""",,,,40
," -77.2781)""",,,,39
," -77.1831)""",,,,39
," -77.1107)""",,,,39
," -77.0336)""",,,,39
," -77.1389)""",,,,39
," -77.1656)""",,,,39
," -77.1499)""",,,,39
," -77.2301)""",,,,39
," -77.216)""",,,,39
," -77.1502)""",,,,39
," -77.1787)""",,,,39
," -77.2775)""",,,,39
," -77.1566)""",,,,39
," -76.9964)""",,,,39
," -76.9963)""",,,,39
," -77.3038)""",,,,39
," -77.253)""",,,,39
," -76.9243)""",,,,39
," -77.1121)""",,,,39
," -77.0489)""",,,,39
," -76.9387)""",,,,39
," -77.0468)""",,,,39
," -76.9389)""",,,,39
," -76.9533)""",,,,39
," -77.2131)""",,,,39
," -77.043)""",,,,39
," -77.2245)""",,,,39
," -77.0522)""",,,,39
," -77.0996)""",,,,39
," -77.2171)""",,,,39
," -77.1353)""",,,,39
," -77.2749)""",,,,39
," -76.9323)""",,,,38
," -77.2424)""",,,,38
09A,0912,Crime Against Person,Murder and Nonnegligent Manslaughter,HOMICIDE - WILLFUL KILL,38
," -76.9917)""",,,,38
," -77.1125)""",,,,38
," -77.2516)""",,,,38
," -77.2161)""",,,,38
," -77.4069)""",,,,38
," -77.0791)""",,,,38
," -77.1105)""",,,,38
," -77.3)""",,,,38
240,2401,Crime Against Property,Motor Vehicle Theft,AUTO THEFT - THEFT AND SALE VEHICLE,38
," -76.9457)""",,,,38
," -76.9965)""",,,,38
," -77.0265)""",,,,38
," -76.948)""",,,,38
," -77.0775)""",,,,38
210,2104,Crime Against Property,Extortion/Blackmail,EXTORT - THREAT ACCUSE PERSON OF CRIME,38
," -77.1913)""",,,,38
," -77.2383)""",,,,38
," -77.1249)""",,,,38
," -77.2082)""",,,,38
," -77.1291)""",,,,38
," -77.0848)""",,,,38
," -77.2861)""",,,,38
," -77.196)""",,,,38
," -77.0877)""",,,,38
," -77.187)""",,,,38
," -77.1611)""",,,,38
," -77.1426)""",,,,38
," -76.9635)""",,,,38
," -77.1632)""",,,,38
," -77.2262)""",,,,38
," -77.1935)""",,,,38
," -77.0361)""",,,,38
," -76.9593)""",,,,38
," -77.0163)""",,,,38
," -77.1477)""",,,,38
," -77.0148)""",,,,38
," -76.9499)""",,,,38
," -77.2403)""",,,,38
," -77.0358)""",,,,38
," -77.1968)""",,,,38
," -77.16)""",,,,38
," -77.0185)""",,,,38
," -77.1905)""",,,,38
," -77.016)""",,,,38
," -77.194)""",,,,38
," -77.2966)""",,,,38
," -76.9428)""",,,,38
," -77.2064)""",,,,38
," -77.2501)""",,,,37
," -76.9391)""",,,,37
," -77.1649)""",,,,37
," -76.9484)""",,,,37
," -77.1351)""",,,,37
," -77.1036)""",,,,37
90Z,8100,Crime Against Society,All Other Offenses,ESCAPE FROM CUSTODY,37
," -77.2865)""",,,,37
," -77.0305)""",,,,37
," -77.1788)""",,,,37
," -77.1581)""",,,,37
," -77.1497)""",,,,37
," -77.2124)""",,,,37
," -76.971)""",,,,37
," -77.2222)""",,,,37
," -77.1665)""",,,,37
," -77.287)""",,,,37
," -77.2153)""",,,,37
," -77.232)""",,,,37
," -77.2459)""",,,,37
," -77.0706)""",,,,37
," -77.2451)""",,,,36
," -77.0083)""",,,,36
," -77.146)""",,,,36
13A,1317,Crime Against Person,Aggravated Assault,ATTEMPTED ASSAULT AGGRAVATED POL OFF KNIFE,36
," -77.0224)""",,,,36
," -77.4117)""",,,,36
," -77.169)""",,,,36
," -76.9474)""",,,,36
," -77.0368)""",,,,36
," -76.9307)""",,,,36
," -77.1693)""",,,,36
," -77.1562)""",,,,36
," -77.1843)""",,,,36
," -76.9326)""",,,,36
," -77.3015)""",,,,36
," -76.983)""",,,,36
," -76.9864)""",,,,36
," -77.1551)""",,,,36
," -77.0206)""",,,,36
," -77.2914)""",,,,36
," -77.224)""",,,,36
," -77.1513)""",,,,36
," -77.2827)""",,,,36
," -77.0186)""",,,,36
," -77.1892)""",,,,36
," -77.2114)""",,,,36
," -77.1484)""",,,,35
," -77.2751)""",,,,35
," -77.2957)""",,,,35
," -77.0608)""",,,,35
," -76.9371)""",,,,35
," -77.1312)""",,,,35
," -76.925)""",,,,35
," -76.9679)""",,,,35
," -77.0676)""",,,,35
," -77.0192)""",,,,35
," -77.1853)""",,,,35
," -77.1798)""",,,,35
," -77.2478)""",,,,35
," -77.1919)""",,,,35
," -76.9301)""",,,,35
," -77.2489)""",,,,35
," -77.0929)""",,,,35
," -77.2336)""",,,,35
," -77.1809)""",,,,35
," -77.1348)""",,,,35
," -77.2088)""",,,,35
," -77.0887)""",,,,35
," -77.2829)""",,,,35
," -77.2753)""",,,,35
," -77.0389)""",,,,35
," -77.0814)""",,,,35
," -77.086)""",,,,35
," -77.2704)""",,,,34
," -77.074)""",,,,34
," -77.2844)""",,,,34
," -77.0191)""",,,,34
35A,3573,Crime Against Society,Drug/Narcotic Violations,DRUGS - AMPHETAMINE (DESCRIBE OFFENSE),34
," -77.2216)""",,,,34
," -77.0864)""",,,,34
," -77.0099)""",,,,34
," -77.0153)""",,,,34
," -77.0342)""",,,,34
," -77.2486)""",,,,34
," -76.9903)""",,,,34
," -77.1336)""",,,,34
," -76.9931)""",,,,34
," -77.2828)""",,,,34
," -76.9546)""",,,,34
," -77.1694)""",,,,34
," -76.9662)""",,,,34
," -77.0122)""",,,,34
," -76.9519)""",,,,34
," -76.9492)""",,,,34
," -76.9734)""",,,,34
," -77.0372)""",,,,34
," -77.0735)""",,,,34
," -77.2955)""",,,,34
," -77.1255)""",,,,34
," -77.2692)""",,,,34
," -77.2716)""",,,,34
," -77.0286)""",,,,33
," -77.1456)""",,,,33
," -77.173)""",,,,33
," -77.0781)""",,,,33
," -77.0152)""",,,,33
," -76.9458)""",,,,33
," -77.2724)""",,,,33
," -77.2769)""",,,,33
," -76.9538)""",,,,33
," -77.0747)""",,,,33
," -76.9988)""",,,,33
," -77.2269)""",,,,33
," -77.198)""",,,,33
," -77.2897)""",,,,33
," -77.0)""",,,,33
," -76.9607)""",,,,33
," -77.2785)""",,,,33
," -76.9848)""",,,,33
," -77.2519)""",,,,33
," -76.9295)""",,,,33
," -77.0746)""",,,,33
," -77.1394)""",,,,33
," -77.1463)""",,,,33
," -77.1046)""",,,,33
," -77.2733)""",,,,33
," -77.2156)""",,,,33
," -77.0433)""",,,,33
," -77.1855)""",,,,33
," -77.0393)""",,,,33
," -76.9825)""",,,,33
," -76.9792)""",,,,33
," -77.2374)""",,,,33
," -77.2784)""",,,,33
," -77.1369)""",,,,33
," -77.2482)""",,,,33
," -77.2928)""",,,,33
," -76.9846)""",,,,33
," -77.2466)""",,,,33
," -77.013)""",,,,33
," -77.127)""",,,,33
," -77.2764)""",,,,32
," -77.0285)""",,,,32
," -76.9316)""",,,,32
," -77.2232)""",,,,32
," -77.0226)""",,,,32
," -77.1951)""",,,,32
," -77.1899)""",,,,32
," -76.9234)""",,,,32
," -77.2395)""",,,,32
," -77.0535)""",,,,32
," -76.986)""",,,,32
," -77.0446)""",,,,32
," -77.2873)""",,,,32
," -77.2591)""",,,,32
," -77.2405)""",,,,32
," -77.0604)""",,,,32
," -76.9784)""",,,,32
," -76.931)""",,,,32
," -77.1875)""",,,,32
," -77.0104)""",,,,32
," -77.261)""",,,,32
240,2403,Crime Against Property,Motor Vehicle Theft,AUTO THEFT - THEFT AND USE VEHICLE OTHER CRIME,32
," -77.1335)""",,,,32
," -76.9778)""",,,,32
," -77.2859)""",,,,32
," -76.9412)""",,,,31
," -77.1268)""",,,,31
," -77.2419)""",,,,31
13A,1312,Crime Against Person,Aggravated Assault,ASSAULT - AGGRAVATED - POL OFF-STRONG-ARM,31
," -76.924)""",,,,31
," -77.296)""",,,,31
," -77.2638)""",,,,31
," -77.2837)""",,,,31
," -77.2215)""",,,,31
," -77.2597)""",,,,31
," -76.9694)""",,,,31
," -77.2337)""",,,,31
," -77.1283)""",,,,31
," -77.2765)""",,,,31
," -77.1789)""",,,,31
," -77.0187)""",,,,31
," -76.9341)""",,,,31
," -77.2261)""",,,,31
," -77.265)""",,,,31
," -77.112)""",,,,31
," -77.1376)""",,,,31
200,2005,Crime Against Property,Arson,ARSON - BUSINESS,31
," -77.2251)""",,,,31
," -77.1401)""",,,,31
," -77.2625)""",,,,31
," -77.1221)""",,,,31
," -77.2289)""",,,,31
," -77.0574)""",,,,31
," -77.1817)""",,,,31
," -77.1453)""",,,,31
," -77.2621)""",,,,31
," -77.2268)""",,,,31
," -77.288)""",,,,30
35A,3563,Crime Against Society,Drug/Narcotic Violations,DRUGS - MARIJUANA - PRODUCING,30
," -77.1238)""",,,,30
," -77.2808)""",,,,30
," -76.967)""",,,,30
," -77.2683)""",,,,30
," -77.1282)""",,,,30
," -77.0084)""",,,,30
," -77.0222)""",,,,30
," -76.9441)""",,,,30
," -77.0307)""",,,,30
," -77.145)""",,,,30
," -77.1326)""",,,,30
," -77.0648)""",,,,30
," -77.301)""",,,,30
," -77.0586)""",,,,30
," -77.1859)""",,,,30
," -77.1457)""",,,,30
," -77.2614)""",,,,30
," -77.0339)""",,,,30
," -77.2755)""",,,,30
," -76.943)""",,,,30
," -77.0394)""",,,,30
," -76.9325)""",,,,30
," -76.9867)""",,,,30
," -77.0935)""",,,,30
," -77.2824)""",,,,30
," -77.0481)""",,,,30
," -77.1393)""",,,,30
," -77.1192)""",,,,30
," -77.0378)""",,,,29
," -77.0631)""",,,,29
," -76.9936)""",,,,29
," -77.0335)""",,,,29
," -76.9682)""",,,,29
," -76.9696)""",,,,29
," -77.2879)""",,,,29
," -77.1723)""",,,,29
," -76.9478)""",,,,29
," -77.0612)""",,,,29
," -77.1878)""",,,,29
," -77.249)""",,,,29
," -77.1114)""",,,,29
," -77.2185)""",,,,29
," -77.2603)""",,,,29
," -77.0338)""",,,,29
," -77.2246)""",,,,29
," -77.2503)""",,,,29
," -77.1431)""",,,,29
," -77.1259)""",,,,29
," -77.1398)""",,,,29
," -77.0366)""",,,,29
," -77.1211)""",,,,29
," -77.2328)""",,,,29
," -77.1725)""",,,,29
," -77.2103)""",,,,29
," -77.0653)""",,,,28
35A,3581,Crime Against Society,Drug/Narcotic Violations,DRUGS - BARBITURATE - SELL,28
," -77.0316)""",,,,28
," -77.2059)""",,,,28
," -77.2961)""",,,,28
," -77.0585)""",,,,28
," -77.2248)""",,,,28
," -77.1371)""",,,,28
," -77.2343)""",,,,28
," -77.1281)""",,,,28
," -77.211)""",,,,28
," -77.1366)""",,,,28
," -76.9799)""",,,,28
," -77.0833)""",,,,28
," -76.9265)""",,,,28
," -76.9228)""",,,,28
," -77.2293)""",,,,28
," -77.2197)""",,,,28
," -77.2892)""",,,,28
," -77.3006)""",,,,28
," -77.2543)""",,,,28
," -77.2462)""",,,,28
," -77.1299)""",,,,28
," -77.2207)""",,,,28
," -77.1416)""",,,,28
," -77.2682)""",,,,28
," -77.0897)""",,,,28
," -77.1243)""",,,,28
," -77.2461)""",,,,28
," -76.9991)""",,,,28
," -76.9613)""",,,,28
," -77.0096)""",,,,28
," -77.26)""",,,,27
," -76.9565)""",,,,27
," -77.2286)""",,,,27
," -76.9731)""",,,,27
," -77.1094)""",,,,27
," -77.1538)""",,,,27
," -77.2446)""",,,,27
," -76.9608)""",,,,27
," -76.9187)""",,,,27
," -77.2703)""",,,,27
," -77.2938)""",,,,27
," -77.2146)""",,,,27
," -76.9548)""",,,,27
," -77.0831)""",,,,27
," -76.9865)""",,,,27
," -77.2812)""",,,,27
," -77.1726)""",,,,27
," -77.0812)""",,,,27
," -77.1224)""",,,,27
100,1099,Crime Against Person,Kidnapping/Abduction,KIDNAPPING (DESCRIBE OFFENSE),27
," -77.2227)""",,,,27
," -77.2069)""",,,,27
," -77.1437)""",,,,27
," -77.0037)""",,,,27
," -77.2356)""",,,,27
40B,4099,Crime Against Society,Assisting or Promoting Prostitution,COMM SEX OFF (DESCRIBE OFFENSE),27
90Z,4804,Crime Against Society,All Other Offenses,OBSTRUCT POLICE - EVIDENCE - DESTROYING,26
," -77.2274)""",,,,26
," -77.2442)""",,,,26
," -76.9674)""",,,,26
," -77.1022)""",,,,26
," -77.2987)""",,,,26
90Z,1020,Crime Against Society,All Other Offenses,FALSE IMPRISONMENT - MINOR - NONPARENTAL,26
220,2201,Crime Against Property,Burglary/Breaking and Entering,BURGLARY - SAFE-VAULT,26
," -77.1267)""",,,,26
," -77.2718)""",,,,26
," -76.9653)""",,,,26
," -77.1821)""",,,,26
," -77.1677)""",,,,26
," -77.122)""",,,,26
," -76.9221)""",,,,26
," -76.9517)""",,,,26
," -76.9743)""",,,,26
," -77.2474)""",,,,26
," -77.2648)""",,,,26
," -77.2791)""",,,,26
," -77.2497)""",,,,26
," -77.2838)""",,,,26
," -77.0981)""",,,,26
," -76.9634)""",,,,26
," -77.1344)""",,,,26
," -77.2331)""",,,,26
," -76.9287)""",,,,26
," -77.1414)""",,,,26
," -77.2707)""",,,,26
," -77.2291)""",,,,26
," -77.1328)""",,,,26
," -77.1318)""",,,,26
," -77.2669)""",,,,26
," -77.0678)""",,,,25
," -77.2579)""",,,,25
," -77.0437)""",,,,25
," -76.9475)""",,,,25
," -77.4047)""",,,,25
," -77.1203)""",,,,25
," -77.2534)""",,,,25
," -77.1373)""",,,,25
," -77.1085)""",,,,25
," -76.974)""",,,,25
," -77.2365)""",,,,25
," -76.9206)""",,,,25
," -76.9382)""",,,,25
," -77.2549)""",,,,25
," -77.2195)""",,,,25
," -77.1392)""",,,,25
," -77.1131)""",,,,25
," -76.9868)""",,,,25
," -77.0827)""",,,,25
," -77.2359)""",,,,25
," -76.9523)""",,,,25
," -77.3148)""",,,,25
," -77.0384)""",,,,25
," -77.1679)""",,,,25
," -77.2578)""",,,,25
," -77.1461)""",,,,25
," -77.0999)""",,,,25
," -77.0416)""",,,,25
," -77.1671)""",,,,25
," -77.0091)""",,,,25
," -77.1352)""",,,,25
," -76.9658)""",,,,25
," -77.1313)""",,,,25
," -76.9329)""",,,,25
," -77.1316)""",,,,25
," -77.2867)""",,,,25
," -77.207)""",,,,24
," -77.1784)""",,,,24
," -77.2445)""",,,,24
," -77.2937)""",,,,24
," -77.0541)""",,,,24
," -76.9528)""",,,,24
," -77.2276)""",,,,24
," -77.142)""",,,,24
," -76.9616)""",,,,24
," -77.1916)""",,,,24
," -77.2211)""",,,,24
," -76.9471)""",,,,24
," -77.2967)""",,,,24
," -77.2031)""",,,,24
," -76.9505)""",,,,24
," -76.9664)""",,,,24
," -77.0041)""",,,,24
," -77.2338)""",,,,24
," -77.1442)""",,,,24
," -77.2895)""",,,,24
," -77.0854)""",,,,24
," -77.1586)""",,,,24
," -77.2874)""",,,,24
," -77.2546)""",,,,24
," -77.1337)""",,,,23
," -77.2624)""",,,,23
," -77.2662)""",,,,23
," -76.9264)""",,,,23
," -77.2538)""",,,,23
," -76.9852)""",,,,23
," -77.2188)""",,,,23
," -77.2743)""",,,,23
," -76.9659)""",,,,23
90Z,9111,Crime Against Society,All Other Offenses,SOLICITATION - ADULT FOR SEXUAL ACTS,23
," -77.2815)""",,,,23
," -77.0673)""",,,,23
," -76.9793)""",,,,23
," -76.9365)""",,,,23
," -77.1032)""",,,,23
," -77.2878)""",,,,23
," -76.9643)""",,,,23
," -77.3951)""",,,,23
," -77.2465)""",,,,23
," -76.996)""",,,,23
," -77.2666)""",,,,23
," -77.2774)""",,,,23
," -76.9715)""",,,,23
11A,1101,Crime Against Person,Forcible Rape,RAPE - GUN,23
," -77.2922)""",,,,23
," -77.2605)""",,,,23
," -77.0556)""",,,,23
," -77.1395)""",,,,23
," -76.9559)""",,,,23
," -76.9791)""",,,,23
," -77.0235)""",,,,23
," -77.2547)""",,,,23
," -76.9262)""",,,,23
," -77.167)""",,,,23
," -76.976)""",,,,23
," -77.0263)""",,,,23
," -77.2204)""",,,,23
," -77.2178)""",,,,23
," -77.2351)""",,,,23
," -76.9191)""",,,,22
," -77.1661)""",,,,22
," -77.2972)""",,,,22
," -77.3975)""",,,,22
," -77.2147)""",,,,22
," -77.2768)""",,,,22
," -76.9481)""",,,,22
," -77.1427)""",,,,22
," -77.0417)""",,,,22
," -77.1969)""",,,,22
," -77.1334)""",,,,22
," -76.9459)""",,,,22
," -77.0271)""",,,,22
," -77.1244)""",,,,22
," -76.9364)""",,,,22
," -76.977)""",,,,22
," -77.032)""",,,,22
," -77.0376)""",,,,22
," -77.2267)""",,,,22
," -77.1793)""",,,,22
," -76.9586)""",,,,22
," -77.1633)""",,,,22
," -77.2684)""",,,,22
," -76.9092)""",,,,22
," -76.9537)""",,,,22
," -77.4039)""",,,,22
," -77.1412)""",,,,22
," -77.0619)""",,,,22
," -77.2811)""",,,,22
," -77.1734)""",,,,22
," -77.1659)""",,,,22
," -77.2532)""",,,,22
," -76.9493)""",,,,22
," -77.1059)""",,,,22
520,5211,Crime Against Society,Weapon Law Violations,WEAPON - EXPLOSIVES - POSSESSING,22
," -77.2295)""",,,,21
," -77.2279)""",,,,21
," -76.9357)""",,,,21
," -77.1992)""",,,,21
," -77.1202)""",,,,21
," -77.1452)""",,,,21
," -77.1417)""",,,,21
," -77.1962)""",,,,21
," -77.2948)""",,,,21
," -76.9356)""",,,,21
," -76.9397)""",,,,21
," -77.0357)""",,,,21
100,1005,Crime Against Person,Kidnapping/Abduction,KIDNAP MINOR,21
," -77.2467)""",,,,21
," -77.29)""",,,,21
," -77.3007)""",,,,21
," -76.9315)""",,,,21
," -77.1432)""",,,,21
," -77.0351)""",,,,21
," -76.9647)""",,,,21
," -77.0355)""",,,,21
," -77.1397)""",,,,21
," -77.2223)""",,,,21
," -77.2595)""",,,,21
," -77.2206)""",,,,21
290,2905,Crime Against Property,Destruction/Damage/Vandalism of Property,DAMAGE PROPERTY - PRIVATE-WITH EXPLOSIVE,21
," -77.0776)""",,,,21
," -76.9403)""",,,,21
," -77.2883)""",,,,21
90Z,5599,Crime Against Society,All Other Offenses,HEALTH - SAFETY (DESCRIBE OFFENSE),21
," -77.03)""",,,,21
," -76.9433)""",,,,21
," -77.4122)""",,,,21
," -76.9406)""",,,,20
," -77.2533)""",,,,20
," -77.2299)""",,,,20
," -77.034)""",,,,20
," -76.9816)""",,,,20
," -76.9515)""",,,,20
," -77.2887)""",,,,20
," -76.9703)""",,,,20
," -76.9466)""",,,,20
," -76.93)""",,,,20
," -76.9854)""",,,,20
," -76.9855)""",,,,20
," -76.9534)""",,,,20
," -76.9207)""",,,,20
," -76.9749)""",,,,20
," -77.2257)""",,,,20
13C,5216,Crime Against Person,Intimidation,WEAPON - THREAT TO BURN,20
," -77.2915)""",,,,20
," -77.3063)""",,,,20
," -77.2834)""",,,,20
," -77.2173)""",,,,20
," -77.1231)""",,,,20
," -76.9336)""",,,,20
," -77.0303)""",,,,20
," -76.9783)""",,,,20
," -77.2556)""",,,,20
," -77.2841)""",,,,20
," -76.9612)""",,,,20
," -77.1465)""",,,,20
," -77.2584)""",,,,20
," -76.923)""",,,,20
," -76.9276)""",,,,20
," -77.2936)""",,,,20
90Z,9022,Crime Against Society,All Other Offenses,JUVENILE - OUT OF CONTROL,20
," -77.0679)""",,,,20
," -77.2212)""",,,,20
," -77.0399)""",,,,20
," -77.2305)""",,,,20
," -77.2566)""",,,,20
," -77.2233)""",,,,19
," -77.411)""",,,,19
," -76.9435)""",,,,19
," -76.9303)""",,,,19
," -77.0424)""",,,,19
," -77.3032)""",,,,19
," -77.2876)""",,,,19
," -76.9686)""",,,,19
," -77.2515)""",,,,19
," -77.2415)""",,,,19
," -76.9381)""",,,,19
," -77.0068)""",,,,19
," -76.978)""",,,,19
," -76.9334)""",,,,19
," -77.2983)""",,,,19
," -77.1242)""",,,,19
," -77.2588)""",,,,19
," -77.2804)""",,,,19
," -77.1315)""",,,,19
," -77.1763)""",,,,19
," -77.1808)""",,,,19
," -77.1842)""",,,,19
," -77.2657)""",,,,19
," -77.1848)""",,,,19
," -77.1758)""",,,,19
," -77.1806)""",,,,19
," -76.9712)""",,,,19
," -77.2389)""",,,,19
," -76.9313)""",,,,19
," -76.9752)""",,,,19
," -77.1838)""",,,,19
," -77.2498)""",,,,19
13A,1310,Crime Against Person,Aggravated Assault,ASSAULT - AGGRAVATED - POL OFF-GUN,19
," -76.9763)""",,,,19
," -77.2907)""",,,,18
," -77.2943)""",,,,18
," -77.1695)""",,,,18
," -77.223)""",,,,18
200,2001,Crime Against Property,Arson,ARSON - BUSINESS-ENDANGERED LIFE,18
," -76.9788)""",,,,18
," -77.1367)""",,,,18
," -77.299)""",,,,18
," -77.0272)""",,,,18
," -77.297)""",,,,18
," -76.9681)""",,,,18
," -77.1327)""",,,,18
," -76.9684)""",,,,18
," -76.9821)""",,,,18
," -77.104)""",,,,18
," -77.0048)""",,,,18
," -77.2906)""",,,,18
," -77.2569)""",,,,18
," -77.3105)""",,,,18
," -77.2074)""",,,,18
," -77.2901)""",,,,18
," -77.1575)""",,,,18
," -76.9524)""",,,,18
," -76.9388)""",,,,18
," -77.2308)""",,,,18
," -76.9468)""",,,,18
," -77.1388)""",,,,18
," -77.1686)""",,,,18
," -76.934)""",,,,18
," -76.9638)""",,,,18
," -76.956)""",,,,18
," -77.1382)""",,,,18
," -76.9422)""",,,,17
," -77.1403)""",,,,17
," -76.9268)""",,,,17
," -77.0087)""",,,,17
," -76.9442)""",,,,17
," -77.2857)""",,,,17
," -77.2329)""",,,,17
," -77.2839)""",,,,17
," -77.182)""",,,,17
," -77.2752)""",,,,17
," -77.4071)""",,,,17
," -76.9595)""",,,,17
," -76.9291)""",,,,17
," -77.2563)""",,,,17
," -76.9637)""",,,,17
," -76.9874)""",,,,17
," -77.0098)""",,,,17
," -77.2255)""",,,,17
," -77.3263)""",,,,17
," -76.9557)""",,,,17
," -76.9378)""",,,,17
," -77.2884)""",,,,17
," -77.0078)""",,,,17
," -76.9542)""",,,,17
," -76.9625)""",,,,17
," -77.285)""",,,,17
90Z,5015,Crime Against Society,All Other Offenses,OBSTRUCT GOVT - FAILURE TO APPEAR,17
90Z,5799,Crime Against Society,All Other Offenses,INVASION PRIVACY (DESCRIBE OFFENSE),17
90Z,3584,Crime Against Society,All Other Offenses,DRUGS - INHALE HARMFUL SUBSTANCE,17
," -76.9305)""",,,,17
," -77.0251)""",,,,17
," -76.9335)""",,,,17
," -76.9745)""",,,,17
," -77.2444)""",,,,17
," -77.0983)""",,,,17
," -77.3024)""",,,,17
," -76.9692)""",,,,17
," -77.228)""",,,,17
," -77.1443)""",,,,17
," -77.1423)""",,,,17
," -77.1347)""",,,,17
," -77.2991)""",,,,16
," -77.1038)""",,,,16
," -77.2554)""",,,,16
," -77.2793)""",,,,16
," -77.1374)""",,,,16
," -77.3648)""",,,,16
," -76.9741)""",,,,16
," -77.286)""",,,,16
," -77.3106)""",,,,16
," -77.4135)""",,,,16
," -77.1269)""",,,,16
," -76.9717)""",,,,16
," -77.0624)""",,,,16
," -76.9344)""",,,,16
," -77.1095)""",,,,16
," -77.3116)""",,,,16
," -77.0264)""",,,,16
09A,0902,Crime Against Person,Murder and Nonnegligent Manslaughter,HOMICIDE - WILLFUL KILL-FAMILY,16
," -77.135)""",,,,16
," -77.2853)""",,,,16
," -77.4052)""",,,,16
," -77.3026)""",,,,16
," -77.0528)""",,,,16
," -77.2468)""",,,,16
," -77.3191)""",,,,16
," -76.9576)""",,,,16
," -76.9219)""",,,,16
," -76.9543)""",,,,16
," -77.2953)""",,,,16
," -76.9407)""",,,,16
," -76.9739)""",,,,16
," -77.3039)""",,,,16
23H,2314,Crime Against Property,All other Larceny,LARCENY - THEFT OF US GOVERNMENT PROPERTY,16
," -76.9211)""",,,,16
," -77.4176)""",,,,16
90Z,9051,Crime Against Society,All Other Offenses,HOME IMPROVEMENT VIOLATION,15
," -77.4147)""",,,,15
," -77.0658)""",,,,15
," -77.138)""",,,,15
," -77.308)""",,,,15
," -77.133)""",,,,15
," -77.2909)""",,,,15
," -77.402)""",,,,15
," -77.2187)""",,,,15
," -77.2559)""",,,,15
," -77.2877)""",,,,15
," -77.2976)""",,,,15
," -76.9724)""",,,,15
," -77.2273)""",,,,15
," -76.9269)""",,,,15
," -77.2313)""",,,,15
," -77.0385)""",,,,15
," -76.9606)""",,,,15
," -77.2916)""",,,,15
," -77.4206)""",,,,15
," -77.0331)""",,,,15
," -77.1112)""",,,,15
," -77.2965)""",,,,15
," -76.9446)""",,,,15
220,2207,Crime Against Property,Burglary/Breaking and Entering,BURGLARY - BANKING-TYPE INST,15
," -77.2846)""",,,,15
," -77.1189)""",,,,15
," -76.9394)""",,,,15
," -77.4191)""",,,,15
," -77.2214)""",,,,15
," -77.2677)""",,,,15
," -77.2472)""",,,,15
," -76.989)""",,,,15
," -77.2196)""",,,,14
," -76.9488)""",,,,14
," -77.2202)""",,,,14
," -76.9777)""",,,,14
," -76.9554)""",,,,14
," -77.1409)""",,,,14
," -77.1764)""",,,,14
," -76.9627)""",,,,14
," -77.3061)""",,,,14
," -76.9454)""",,,,14
," -77.1341)""",,,,14
," -77.2918)""",,,,14
," -77.3034)""",,,,14
," -76.9415)""",,,,14
," -76.9623)""",,,,14
," -77.2573)""",,,,14
," -77.2611)""",,,,14
," -77.2934)""",,,,14
," -77.1273)""",,,,14
," -77.1364)""",,,,14
," -76.9502)""",,,,14
," -76.961)""",,,,14
," -77.2982)""",,,,14
," -77.0347)""",,,,14
," -77.5167)""",,,,14
," -76.9104)""",,,,14
," -77.2986)""",,,,14
," -76.9921)""",,,,14
," -77.2562)""",,,,14
," -77.0439)""",,,,14
," -77.2219)""",,,,14
36A,3604,Crime Against Person,Incest,SEX OFFENSE - INCEST WITH MINOR,14
," -77.0256)""",,,,14
," -77.3408)""",,,,14
," -77.0411)""",,,,14
," -76.9621)""",,,,14
," -77.251)""",,,,14
," -77.2087)""",,,,14
," -77.298)""",,,,14
," -77.1072)""",,,,14
," -77.0045)""",,,,14
," -76.9249)""",,,,14
," -77.406)""",,,,14
," -77.1712)""",,,,14
," -77.2541)""",,,,14
," -77.0325)""",,,,14
," -76.9431)""",,,,14
," -77.2606)""",,,,14
," -77.2849)""",,,,13
," -77.4058)""",,,,13
," -77.2575)""",,,,13
," -77.2708)""",,,,13
23G,2407,Crime Against Property,Theft of Motor Vehicle Parts or Accessories,AUTO THEFT - STRIP STOLEN VEHICLE,13
," -77.1623)""",,,,13
," -76.963)""",,,,13
," -77.3957)""",,,,13
," -76.9252)""",,,,13
," -77.2504)""",,,,13
," -77.2693)""",,,,13
," -77.4078)""",,,,13
," -77.3144)""",,,,13
90Z,5005,Crime Against Society,All Other Offenses,OBSTRUCT GOVT - CONTEMPT OF COURT,13
90G,4103,Crime Against Society,Liquor Law Violations,LIQUOR - TRANSPORT,13
," -77.2332)""",,,,13
," -77.015)""",,,,13
210,2105,Crime Against Property,Extortion/Blackmail,EXTORT - THREAT OF INFORMING OF VIOLENCE,13
," -77.3094)""",,,,13
," -77.2954)""",,,,13
240,2402,Crime Against Property,Motor Vehicle Theft,AUTO THEFT - THEFT AND STRIP VEHICLE,13
," -77.2814)""",,,,13
," -76.9379)""",,,,13
," -76.936)""",,,,13
," -76.9392)""",,,,13
," -77.2288)""",,,,13
," -77.0637)""",,,,13
," -77.0213)""",,,,13
," -77.2798)""",,,,13
," -77.1356)""",,,,13
," -77.3245)""",,,,13
," -77.231)""",,,,13
370,3701,Crime Against Society,Pornography/Obscene Material,OBSCENE MATERIAL - MANUFACTURE,13
," -76.9599)""",,,,12
," -76.9285)""",,,,12
," -77.2599)""",,,,12
," -77.0359)""",,,,12
," -77.2975)""",,,,12
," -76.9756)""",,,,12
," -77.4837)""",,,,12
," -76.9699)""",,,,12
," -77.2952)""",,,,12
," -77.4914)""",,,,12
90Z,5012,Crime Against Society,All Other Offenses,OBSTRUCT GOVT - PROBATION VIOLATION,12
," -77.2312)""",,,,12
," -76.9632)""",,,,12
," -77.3036)""",,,,12
09A,0901,Crime Against Person,Murder and Nonnegligent Manslaughter,HOMICIDE - WILLFUL KILL-FAMILY-GUN,12
," -77.2847)""",,,,12
," -76.9789)""",,,,12
," -76.9651)""",,,,12
," -77.2739)""",,,,12
," -77.4134)""",,,,12
," -76.9716)""",,,,12
," -76.9522)""",,,,12
," -77.3035)""",,,,12
13A,1309,Crime Against Person,Aggravated Assault,ASSAULT - AGGRAVATED - PUB OFF-STRONG-ARM,12
," -76.9603)""",,,,12
," -77.259)""",,,,12
," -76.9624)""",,,,12
," -76.949)""",,,,12
," -76.9569)""",,,,12
," -76.9328)""",,,,12
," -76.9628)""",,,,12
," -76.9786)""",,,,12
," -77.3979)""",,,,12
," -76.9497)""",,,,12
," -76.9225)""",,,,12
," -77.0374)""",,,,12
," -77.2989)""",,,,12
," -76.9456)""",,,,12
," -77.0823)""",,,,12
09C,9001,Crime Against Not a Crime,Justifiable Homicide,HOMICIDE - JUSTIFIABLE,12
," -76.9386)""",,,,12
," -76.9579)""",,,,11
," -76.9596)""",,,,11
," -77.4015)""",,,,11
," -77.22)""",,,,11
280,2406,Crime Against Property,Stolen Property Offenses,RECEIVE STOLEN VEHICLE,11
," -76.9337)""",,,,11
," -76.9822)""",,,,11
," -77.319)""",,,,11
200,2008,Crime Against Property,Arson,ARSON - PUB-BLDG-ENDANGERED LIFE,11
," -76.9449)""",,,,11
," -76.9414)""",,,,11
," -77.0276)""",,,,11
," -76.9096)""",,,,11
," -76.9771)""",,,,11
," -77.4127)""",,,,11
," -77.3055)""",,,,11
," -77.1372)""",,,,11
," -77.3282)""",,,,11
," -77.2689)""",,,,11
200,2009,Crime Against Property,Arson,ARSON - PUB-BLDG,11
," -77.2574)""",,,,11
," -76.9282)""",,,,11
," -77.3745)""",,,,11
," -77.2229)""",,,,11
," -77.2471)""",,,,11
," -77.4022)""",,,,11
," -76.938)""",,,,11
," -77.3276)""",,,,11
," -76.9513)""",,,,11
," -76.9197)""",,,,11
," -77.3083)""",,,,11
," -77.4072)""",,,,11
," -76.9286)""",,,,11
," -77.3674)""",,,,11
," -77.3099)""",,,,11
," -77.1301)""",,,,11
," -76.926)""",,,,11
," -77.2719)""",,,,11
," -76.9738)""",,,,11
," -77.1454)""",,,,11
," -77.1274)""",,,,11
," -76.929)""",,,,11
90Z,5099,Crime Against Society,All Other Offenses,"OBSTRUCT - (SPECIFY JUDIC, CONGR, LEGIS, COMMSN)",11
11A,3603,Crime Against Person,Forcible Rape,HOMOSEXUAL ACT WITH BOY,11
," -76.9636)""",,,,11
," -76.9698)""",,,,10
," -77.1881)""",,,,10
," -77.2316)""",,,,10
," -77.2494)""",,,,10
," -77.3125)""",,,,10
09A,0903,Crime Against Person,Murder and Nonnegligent Manslaughter,HOMICIDE - WILLFUL KILL-NON-FAMILY-GUN,10
," -76.9226)""",,,,10
," -76.9801)""",,,,10
," -77.177)""",,,,10
90Z,7299,Crime Against Society,All Other Offenses,MORALS - DECENCY CRIMES,10
," -77.1386)""",,,,10
," -77.0494)""",,,,10
90Z,2508,Crime Against Society,All Other Offenses,FORGERY/COUNTERFEITING - POSSESS TOOLS FOR,10
," -77.2826)""",,,,10
," -77.2619)""",,,,10
," -77.3963)""",,,,10
," -77.2627)""",,,,10
," -77.1961)""",,,,10
," -77.2604)""",,,,10
," -76.9645)""",,,,10
," -76.9053)""",,,,10
," -77.4159)""",,,,10
," -77.2544)""",,,,10
," -77.315)""",,,,10
370,3799,Crime Against Society,Pornography/Obscene Material,OBSCENITY (DESCRIBE OFFENSE),10
," -76.97)""",,,,10
," -77.292)""",,,,10
," -77.3462)""",,,,10
," -77.2644)""",,,,10
," -77.1387)""",,,,10
," -76.9339)""",,,,10
," -77.2842)""",,,,10
," -76.9714)""",,,,10
," -77.2184)""",,,,10
," -76.9426)""",,,,10
," -77.4155)""",,,,10
," -76.9575)""",,,,10
," -76.9718)""",,,,10
," -76.9701)""",,,,10
," -77.1381)""",,,,10
," -77.3966)""",,,,10
," -77.4876)""",,,,10
," -76.9183)""",,,,10
," -76.9302)""",,,,10
," -76.9568)""",,,,10
," -76.9149)""",,,,10
100,1011,Crime Against Person,Kidnapping/Abduction,KIDNAP MINOR - NONPARENTAL,10
," -76.997)""",,,,10
," -77.4243)""",,,,9
," -77.3016)""",,,,9
," -76.9509)""",,,,9
," -77.3259)""",,,,9
," -77.2406)""",,,,9
," -77.3623)""",,,,9
," -76.9702)""",,,,9
," -77.2942)""",,,,9
35A,3531,Crime Against Society,Drug/Narcotic Violations,DRUGS - COCAINE - SMUGGLE,9
," -76.9453)""",,,,9
," -77.3823)""",,,,9
," -76.9195)""",,,,9
," -77.4075)""",,,,9
," -76.9358)""",,,,9
," -77.2933)""",,,,9
," -77.0253)""",,,,9
," -77.4096)""",,,,9
," -76.9212)""",,,,9
," -76.933)""",,,,9
," -77.255)""",,,,9
," -77.4111)""",,,,9
," -77.295)""",,,,9
13A,1307,Crime Against Person,Aggravated Assault,ASSAULT - AGGRAVATED - PUB OFF-GUN,9
," -76.9687)""",,,,9
," -77.278)""",,,,9
," -76.9487)""",,,,9
," -77.4266)""",,,,9
," -76.9298)""",,,,9
," -76.9201)""",,,,9
," -77.0231)""",,,,9
," -77.1748)""",,,,9
," -77.3993)""",,,,9
," -76.9401)""",,,,9
520,5208,Crime Against Society,Weapon Law Violations,WEAPON - INCENDIARY DEVICE - USING,9
," -77.4118)""",,,,9
," -77.3594)""",,,,9
," -76.9561)""",,,,9
90Z,4901,Crime Against Society,All Other Offenses,ESCAPE,9
," -77.2958)""",,,,9
," -77.3118)""",,,,9
," -77.0085)""",,,,9
," -77.3961)""",,,,9
," -77.0548)""",,,,9
," -76.919)""",,,,9
," -77.2796)""",,,,9
," -76.9495)""",,,,9
," -76.9451)""",,,,9
," -77.1198)""",,,,9
," -77.348)""",,,,9
90Z,5315,Crime Against Society,All Other Offenses,VIOLATION OF EMERGENCY ORDER - GATHERING,9
," -76.9229)""",,,,8
," -77.4033)""",,,,8
," -77.2996)""",,,,8
," -77.035)""",,,,8
90Z,5503,Crime Against Society,All Other Offenses,HEALTH - DRUGS - HEALTH OR SAFETY,8
90Z,3805,Crime Against Society,All Other Offenses,FAMILY OFFENSE - CONTRIBUTING TO THE DELINQUENCY O,8
35A,3541,Crime Against Society,Drug/Narcotic Violations,DRUGS - SYNTHETIC NARCOTIC - SMUGGLE,8
," -77.4)""",,,,8
," -77.2797)""",,,,8
," -76.973)""",,,,8
," -76.9223)""",,,,8
," -76.9858)""",,,,8
," -76.9545)""",,,,8
11A,1109,Crime Against Person,Forcible Rape,SEX ASSAULT - SODOMY-MAN-WEAPON,8
," -76.9443)""",,,,8
," -77.3458)""",,,,8
," -77.4094)""",,,,8
," -77.4197)""",,,,8
09A,0904,Crime Against Person,Murder and Nonnegligent Manslaughter,HOMICIDE - WILLFUL KILL-NON-FAMILY,8
40A,4003,Crime Against Society,Prostitution,COMM SEX OFF - HOMOSEXUAL PROSTITUTION,8
," -77.3058)""",,,,8
," -77.4097)""",,,,8
," -76.9408)""",,,,8
," -76.968)""",,,,8
," -77.1405)""",,,,8
," -76.9332)""",,,,8
," -77.1359)""",,,,8
," -77.3173)""",,,,8
," -77.2634)""",,,,8
520,5206,Crime Against Society,Weapon Law Violations,WEAPON - EXPLOSIVES - USING,8
," -77.4019)""",,,,8
," -77.4042)""",,,,8
," -77.2921)""",,,,8
," -77.3481)""",,,,8
," -77.4156)""",,,,8
," -77.2241)""",,,,8
," -77.2875)""",,,,8
," -76.979)""",,,,8
," -77.3051)""",,,,8
," -77.4241)""",,,,8
," -77.4619)""",,,,8
," -76.958)""",,,,8
," -77.3746)""",,,,8
," -77.2868)""",,,,8
," -77.281)""",,,,8
," -76.9345)""",,,,8
," -77.3001)""",,,,8
," -77.4841)""",,,,8
," -76.9648)""",,,,8
," -77.3057)""",,,,8
280,2803,Crime Against Property,Stolen Property Offenses,STOLEN PROPERTY - RECEIVE,8
," -77.2676)""",,,,8
," -77.0348)""",,,,7
," -77.2144)""",,,,7
," -77.4009)""",,,,7
520,5217,Crime Against Society,Weapon Law Violations,WEAPON TRAFFICKING,7
," -77.0326)""",,,,7
," -76.9189)""",,,,7
," -77.4222)""",,,,7
," -77.2995)""",,,,7
," -77.3222)""",,,,7
90Z,4902,Crime Against Society,All Other Offenses,ESCAPE - FLIGHT TO AVOID,7
40B,4002,Crime Against Society,Assisting or Promoting Prostitution,COMM SEX OFF - PROCURE FOR PROSTITUTE (PIMPING),7
520,5207,Crime Against Society,Weapon Law Violations,WEAPON - INCENDIARY DEVICE - POSSESS,7
," -76.9675)""",,,,7
," -76.9759)""",,,,7
," -77.4165)""",,,,7
90Z,5802,Crime Against Society,All Other Offenses,SMUGGLING - CONTRABAND INTO PRISON,7
," -77.3249)""",,,,7
," -76.9251)""",,,,7
," -76.9663)""",,,,7
," -77.3113)""",,,,7
," -76.966)""",,,,7
," -77.1378)""",,,,7
," -77.2971)""",,,,7
," -76.9204)""",,,,7
35A,3583,Crime Against Society,Drug/Narcotic Violations,DRUGS - BARBITURATE (DESCRIBE OTHER),7
," -77.305)""",,,,7
," -77.2608)""",,,,7
," -76.9742)""",,,,7
," -77.3652)""",,,,7
," -76.9489)""",,,,7
," -77.4185)""",,,,7
," -77.433)""",,,,7
," -76.9697)""",,,,7
," -77.3649)""",,,,7
," -77.2977)""",,,,7
," -77.2912)""",,,,7
," -77.4174)""",,,,7
," -76.9567)""",,,,7
90Z,4813,Crime Against Society,All Other Offenses,FAILING TO MOVE ON,7
35A,3521,Crime Against Society,Drug/Narcotic Violations,DRUGS - OPIUM OR DERIVATIVE - SMUGGLE,7
," -76.9477)""",,,,7
," -76.9363)""",,,,7
," -77.2481)""",,,,7
," -77.3033)""",,,,7
," -77.3989)""",,,,7
," -77.3498)""",,,,7
," -77.35)""",,,,7
," -77.2833)""",,,,7
," -77.2894)""",,,,7
," -76.9148)""",,,,7
90Z,5708,Crime Against Society,All Other Offenses,INVASION PRIVACY - WIRETAP - FAILURE TO REPORT,7
," -77.3943)""",,,,7
," -77.4187)""",,,,7
," -77.4023)""",,,,7
," -77.3119)""",,,,7
," -76.9574)""",,,,7
," -77.3201)""",,,,6
," -77.3192)""",,,,6
," -77.323)""",,,,6
," -77.277)""",,,,6
," -77.3264)""",,,,6
," -76.9598)""",,,,6
," -77.2322)""",,,,6
," -77.3919)""",,,,6
," -77.4132)""",,,,6
90Z,5317,Crime Against Society,All Other Offenses,VIOLATION OF EMERGENCY ORDER - NON-ESSENTIAL TRAV,6
," -76.9563)""",,,,6
," -76.9293)""",,,,6
," -77.2307)""",,,,6
," -77.3154)""",,,,6
," -77.3912)""",,,,6
," -76.959)""",,,,6
23H,2312,Crime Against Property,All other Larceny,LARCENY - FROM INTERSTATE SHIPMENT,6
," -77.4137)""",,,,6
," -76.9318)""",,,,6
," -77.3214)""",,,,6
," -77.378)""",,,,6
," -76.9591)""",,,,6
40B,4007,Crime Against Society,Assisting or Promoting Prostitution,COMM SEX OFF - PROCURE PROSTITUTE - MINOR,6
," -77.4001)""",,,,6
," -76.944)""",,,,6
," -77.371)""",,,,6
," -77.113)""",,,,6
," -77.3907)""",,,,6
," -76.9427)""",,,,6
," -76.9245)""",,,,6
," -77.3093)""",,,,6
," -77.2904)""",,,,6
100,1010,Crime Against Person,Kidnapping/Abduction,KIDNAP - MINOR PARENTAL,6
," -76.9656)""",,,,6
," -77.3049)""",,,,6
," -77.2978)""",,,,6
," -77.2962)""",,,,6
," -77.1979)""",,,,6
100,1008,Crime Against Person,Kidnapping/Abduction,ABDUCT - NO RANSOM OR ASSAULT,6
," -77.2317)""",,,,6
," -77.2993)""",,,,6
," -77.3274)""",,,,6
," -76.9527)""",,,,6
," -77.3267)""",,,,6
," -77.2956)""",,,,6
," -77.3028)""",,,,6
," -76.9669)""",,,,6
," -77.0283)""",,,,6
," -76.9781)""",,,,6
," -77.4104)""",,,,6
," -76.9947)""",,,,6
," -76.92)""",,,,6
," -77.0334)""",,,,6
," -77.4035)""",,,,6
," -77.2794)""",,,,6
," -77.3292)""",,,,6
," -76.9592)""",,,,6
," -77.3176)""",,,,5
," -77.3228)""",,,,5
," -77.2998)""",,,,5
," -76.954)""",,,,5
," -77.3088)""",,,,5
," -77.4227)""",,,,5
," -76.9642)""",,,,5
," -77.3134)""",,,,5
," -77.4738)""",,,,5
11A,3610,Crime Against Person,Forcible Rape,HOMOSEXUAL ACT WITH MAN,5
," -76.9521)""",,,,5
," -77.3414)""",,,,5
," -76.9721)""",,,,5
," -76.9618)""",,,,5
," -77.3777)""",,,,5
," -77.3141)""",,,,5
270,2702,Crime Against Property,Embezzlement,EMBEZZLE - INTERSTATE SHIPMENT,5
," -77.4084)""",,,,5
," -77.3801)""",,,,5
," -76.9348)""",,,,5
," -77.3898)""",,,,5
," -77.3293)""",,,,5
90Z,FTAS,Crime Against Society,All Other Offenses,FAILURE TO APPEAR - NON SUPPORT,5
," -77.2512)""",,,,5
," -77.4477)""",,,,5
," -77.3924)""",,,,5
," -77.395)""",,,,5
," -76.9362)""",,,,5
," -77.3519)""",,,,5
," -77.4157)""",,,,5
," -77.3829)""",,,,5
," -77.4092)""",,,,5
," -77.2871)""",,,,5
," -76.9707)""",,,,5
," -76.9246)""",,,,5
," -77.3131)""",,,,5
," -77.3021)""",,,,5
," -77.1086)""",,,,5
," -77.4048)""",,,,5
," -77.3043)""",,,,5
," -77.1295)""",,,,5
," -77.0412)""",,,,5
," -77.3082)""",,,,5
35A,3511,Crime Against Society,Drug/Narcotic Violations,DRUGS - HEROIN - SMUGGLE,5
90Z,1601,Crime Against Society,All Other Offenses,THREAT - FEDERAL PROTECTEES,5
," -77.38)""",,,,5
," -77.3149)""",,,,5
," -77.4167)""",,,,5
," -76.9283)""",,,,5
," -76.9309)""",,,,5
," -77.4098)""",,,,5
," -76.9377)""",,,,5
," -77.3463)""",,,,5
," -77.3046)""",,,,5
," -77.2256)""",,,,5
90Z,4805,Crime Against Society,All Other Offenses,OBSTRUCT POLICE - WITNESS - DISSUADING,5
," -77.3022)""",,,,5
," -77.4079)""",,,,5
," -77.4149)""",,,,5
," -77.2513)""",,,,5
," -77.3056)""",,,,5
," -77.0232)""",,,,5
," -76.9167)""",,,,5
," -77.3146)""",,,,5
11A,1107,Crime Against Person,Forcible Rape,SEX ASSAULT - SODOMY-WOMAN-GUN,5
90Z,0301,Crime Against Society,All Other Offenses,ILLEGAL ENTRY,5
," -77.3952)""",,,,5
270,2705,Crime Against Property,Embezzlement,EMBEZZLE - POSTAL,5
," -77.3012)""",,,,5
," -77.4091)""",,,,5
," -77.3756)""",,,,5
," -77.1311)""",,,,5
," -77.4242)""",,,,5
210,2102,Crime Against Property,Extortion/Blackmail,EXTORT - THREAT DAMAGE PROP,5
," -77.4509)""",,,,5
90Z,5013,Crime Against Society,All Other Offenses,CONDIT RELEASE VIOLATION,5
," -77.2968)""",,,,4
," -77.3155)""",,,,4
," -77.3409)""",,,,4
," -77.3075)""",,,,4
," -77.334)""",,,,4
," -76.9641)""",,,,4
," -77.2974)""",,,,4
," -76.9465)""",,,,4
," -77.262)""",,,,4
," -76.9657)""",,,,4
," -77.4163)""",,,,4
," -77.0066)""",,,,4
09B,0910,Crime Against Person,Negligent Manslaughter,HOMICIDE - NEGLIGENT MANSLAUGHTER,4
," -76.9277)""",,,,4
," -77.3098)""",,,,4
," -77.3805)""",,,,4
," -77.3807)""",,,,4
," -77.2944)""",,,,4
," -77.3602)""",,,,4
," -77.3047)""",,,,4
," -77.417)""",,,,4
," -77.3203)""",,,,4
," -77.4061)""",,,,4
," -77.316)""",,,,4
," -77.3048)""",,,,4
," -76.9421)""",,,,4
," -77.4449)""",,,,4
," -77.3095)""",,,,4
," -77.3115)""",,,,4
," -76.9091)""",,,,4
," -77.3087)""",,,,4
," -76.9418)""",,,,4
," -77.4066)""",,,,4
," -77.4229)""",,,,4
," -77.4016)""",,,,4
," -77.2919)""",,,,4
," -77.3446)""",,,,4
," -77.401)""",,,,4
," -76.9438)""",,,,4
," -77.3868)""",,,,4
," -77.2821)""",,,,4
," -76.9288)""",,,,4
," -77.3962)""",,,,4
," -77.3793)""",,,,4
," -77.3524)""",,,,4
," -77.3283)""",,,,4
," -77.2778)""",,,,4
," -77.3821)""",,,,4
," -76.955)""",,,,4
," -77.2886)""",,,,4
," -76.9177)""",,,,4
," -77.3223)""",,,,4
," -77.4852)""",,,,4
," -77.3335)""",,,,4
520,5214,Crime Against Society,Weapon Law Violations,WEAPON - SELLING,4
," -77.2911)""",,,,4
," -77.2869)""",,,,4
," -77.3227)""",,,,4
," -76.9758)""",,,,4
," -77.3706)""",,,,4
," -77.3493)""",,,,4
," -77.4692)""",,,,4
," -76.9319)""",,,,4
," -76.9247)""",,,,4
," -77.4145)""",,,,4
," -77.4465)""",,,,4
," -76.9652)""",,,,4
," -77.4218)""",,,,4
," -77.3059)""",,,,4
," -77.3128)""",,,,4
," -76.9281)""",,,,4
," -77.2551)""",,,,4
," -77.2908)""",,,,4
," -76.9455)""",,,,4
," -77.3126)""",,,,4
," -77.3008)""",,,,4
," -77.4497)""",,,,4
," -77.3527)""",,,,4
," -77.3077)""",,,,4
," -77.4049)""",,,,4
," -77.2326)""",,,,4
," -76.9571)""",,,,4
," -76.9299)""",,,,4
90Z,5316,Crime Against Society,All Other Offenses,VIOLATION OF EMERGENCY ORDER - NON-ESSENTIAL BUS,4
," -77.2913)""",,,,4
," -77.4721)""",,,,4
," -76.9667)""",,,,4
," -77.1363)""",,,,4
," -77.3066)""",,,,4
," -77.3395)""",,,,4
," -77.4661)""",,,,4
," -77.3342)""",,,,4
90Z,5502,Crime Against Society,All Other Offenses,HEALTH - DRUGS - MISBRANDED,4
," -77.4102)""",,,,4
," -77.1459)""",,,,4
," -77.2905)""",,,,4
," -77.3423)""",,,,4
," -77.4148)""",,,,4
," -77.4232)""",,,,4
," -77.3194)""",,,,4
," -77.2924)""",,,,3
," -77.404)""",,,,3
," -77.3029)""",,,,3
," -76.9462)""",,,,3
," -77.4299)""",,,,3
," -77.4543)""",,,,3
280,2801,Crime Against Property,Stolen Property Offenses,STOLEN PROPERTY - SALE OF,3
," -77.3827)""",,,,3
," -77.3071)""",,,,3
," -76.9785)""",,,,3
," -77.3261)""",,,,3
," -77.4005)""",,,,3
," -76.975)""",,,,3
," -77.2925)""",,,,3
," -77.3004)""",,,,3
," -77.3444)""",,,,3
," -76.9347)""",,,,3
," -77.3523)""",,,,3
," -77.3129)""",,,,3
," -77.3948)""",,,,3
," -77.0301)""",,,,3
," -77.3185)""",,,,3
," -77.4037)""",,,,3
," -76.9209)""",,,,3
," -77.3693)""",,,,3
64B,6412,Crime Against Person,"Human Trafficking, Involuntary Servitude",HUMAN TRAFFICKING - INVOLUNTARY SERITUDE,3
," -76.9369)""",,,,3
," -77.4139)""",,,,3
," -77.3489)""",,,,3
," -77.4305)""",,,,3
," -77.4429)""",,,,3
," -77.3407)""",,,,3
," -77.3289)""",,,,3
," -76.9668)""",,,,3
," -77.3275)""",,,,3
," -77.2835)""",,,,3
," -77.4217)""",,,,3
," -77.3843)""",,,,3
," -77.4188)""",,,,3
," -77.3755)""",,,,3
," -76.9544)""",,,,3
," -76.9646)""",,,,3
," -77.3287)""",,,,3
," -77.3927)""",,,,3
," -77.4426)""",,,,3
," -77.3661)""",,,,3
," -77.2949)""",,,,3
," -77.4231)""",,,,3
," -77.2981)""",,,,3
," -77.2985)""",,,,3
," -77.3475)""",,,,3
," -77.3647)""",,,,3
," -77.4664)""",,,,3
," -77.4152)""",,,,3
," -77.3132)""",,,,3
90Z,6201,Crime Against Society,All Other Offenses,CONSERVATION - ANIMALS (DESCRIBE OFFENSE),3
," -76.9179)""",,,,3
," -76.9631)""",,,,3
," -77.2407)""",,,,3
," -77.4108)""",,,,3
," -77.4161)""",,,,3
," -77.4202)""",,,,3
," -77.3839)""",,,,3
," -77.3673)""",,,,3
," -77.291)""",,,,3
," -77.3081)""",,,,3
," -77.4251)""",,,,3
," -76.9263)""",,,,3
," -77.4711)""",,,,3
," -77.2891)""",,,,3
," -77.3236)""",,,,3
," -77.4523)""",,,,3
," -77.3353)""",,,,3
," -77.4142)""",,,,3
," -76.9555)""",,,,3
," -77.4326)""",,,,3
," -76.927)""",,,,3
," -76.9088)""",,,,3
," -77.4726)""",,,,3
09C,9005,Crime Against Not a Crime,Justifiable Homicide,HOMICIDE - BY NON-POLICE - JUSTIFIABLE,3
," -77.3193)""",,,,3
," -77.386)""",,,,3
," -76.9404)""",,,,3
," -76.9244)""",,,,3
," -77.2792)""",,,,3
90Z,5011,Crime Against Society,All Other Offenses,OBSTRUCT GOVT - PAROLE VIOLATION,3
," -77.3569)""",,,,3
," -77.329)""",,,,3
," -77.3675)""",,,,3
," -76.9676)""",,,,3
," -77.2946)""",,,,3
," -76.9137)""",,,,3
," -77.384)""",,,,3
," -77.3202)""",,,,3
90Z,5801,Crime Against Society,All Other Offenses,SMUGGLING - CONTRABAND,3
11A,1111,Crime Against Person,Forcible Rape,SEX ASSAULT - SODOMY-WOMAN-WEAPON,3
520,5201,Crime Against Society,Weapon Law Violations,WEAPON - ALTERING IDENTIFICATION ON,3
90Z,0302,Crime Against Society,All Other Offenses,FALSE CITIZENSHIP,3
," -77.3417)""",,,,3
," -77.484)""",,,,3
," -77.4284)""",,,,3
," -77.4177)""",,,,3
," -77.3449)""",,,,3
," -77.0343)""",,,,3
," -77.3023)""",,,,3
90Z,6101,Crime Against Society,All Other Offenses,INCOME TAX (DESCRIBE OFFENSE),3
," -77.3741)""",,,,3
," -77.3084)""",,,,3
," -77.2858)""",,,,3
," -77.3718)""",,,,3
," -77.2531)""",,,,3
," -77.3216)""",,,,3
," -77.3117)""",,,,3
," -77.4797)""",,,,3
90Z,6300,Crime Against Society,All Other Offenses,MONEY LAUNDERING (DESCRIBE OFFENSE),3
," -77.3499)""",,,,3
," -77.3333)""",,,,3
," -76.9202)""",,,,3
," -77.3737)""",,,,3
," -77.3844)""",,,,3
," -77.4123)""",,,,3
," -77.3052)""",,,,3
," -77.3307)""",,,,3
," -77.2951)""",,,,3
," -77.3153)""",,,,3
," -77.4418)""",,,,3
," -77.3247)""",,,,3
," -76.9186)""",,,,3
," -77.4136)""",,,,2
," -77.3592)""",,,,2
," -77.3064)""",,,,2
," -77.3123)""",,,,2
," -77.3025)""",,,,2
," -77.4106)""",,,,2
," -76.962)""",,,,2
90Z,5706,Crime Against Society,All Other Offenses,INVASION PRIVACY - OPENING SEALED COMMUNICATION,2
," -77.2923)""",,,,2
," -77.4306)""",,,,2
," -77.2939)""",,,,2
," -77.3955)""",,,,2
," -76.9144)""",,,,2
," -77.3486)""",,,,2
," -77.4007)""",,,,2
," -77.3339)""",,,,2
," -76.964)""",,,,2
," -77.3278)""",,,,2
," -77.3711)""",,,,2
," -77.4512)""",,,,2
," -77.4046)""",,,,2
," -77.3226)""",,,,2
," -77.3221)""",,,,2
," -77.3044)""",,,,2
," -76.98)""",,,,2
," -77.3676)""",,,,2
," -77.3513)""",,,,2
," -77.2994)""",,,,2
," -76.9782)""",,,,2
," -77.4456)""",,,,2
," -77.4088)""",,,,2
," -77.3643)""",,,,2
," -77.3954)""",,,,2
," -77.3011)""",,,,2
," -77.4228)""",,,,2
," -77.3266)""",,,,2
," -77.414)""",,,,2
90Z,1499,Crime Against Society,All Other Offenses,ABORTION,2
," -77.4158)""",,,,2
," -77.409)""",,,,2
," -77.3013)""",,,,2
," -77.413)""",,,,2
," -77.3991)""",,,,2
270,2704,Crime Against Property,Embezzlement,EMBEZZLE - PUBLIC PROP,2
," -77.3306)""",,,,2
," -76.9175)""",,,,2
," -76.9464)""",,,,2
," -77.3525)""",,,,2
," -77.3806)""",,,,2
," -77.381)""",,,,2
," -77.3027)""",,,,2
," -76.9562)""",,,,2
," -76.9416)""",,,,2
," -77.3544)""",,,,2
," -76.9284)""",,,,2
90Z,1021,Crime Against Society,All Other Offenses,FALSE IMPRISONMENT - MINOR - PARENTAL,2
," -77.3323)""",,,,2
," -77.34)""",,,,2
11A,1105,Crime Against Person,Forcible Rape,SEX ASSAULT - SODOMY-MAN-GUN,2
," -77.3151)""",,,,2
," -76.9539)""",,,,2
," -77.3062)""",,,,2
," -77.4128)""",,,,2
," -77.412)""",,,,2
," -76.9461)""",,,,2
," -77.3894)""",,,,2
," -77.2524)""",,,,2
90F,3803,Crime Against Society,"Family Offenses, NonViolent",FAMILY OFFENSE - CRUELTY TOWARD WIFE,2
," -77.2931)""",,,,2
," -77.3097)""",,,,2
," -77.3881)""",,,,2
," -77.5042)""",,,,2
," -77.4234)""",,,,2
," -77.2926)""",,,,2
," -76.9551)""",,,,2
," -77.2932)""",,,,2
," -77.403)""",,,,2
," -77.405)""",,,,2
," -77.4129)""",,,,2
," -76.9093)""",,,,2
90Z,4806,Crime Against Society,All Other Offenses,OBSTRUCT POLICE - WITNESS - DECEIVING,2
90Z,4810,Crime Against Society,All Other Offenses,OBSTRUCT POLICE - ILLEGAL ARREST,2
," -76.9581)""",,,,2
90Z,5307,Crime Against Society,All Other Offenses,PUBLIC PEACE - ASSEMBLY - UNLAWFUL,2
," -77.426)""",,,,2
," -77.3611)""",,,,2
," -77.1138)""",,,,2
280,2805,Crime Against Property,Stolen Property Offenses,STOLEN PROPERTY - CONCEAL,2
," -77.2823)""",,,,2
," -77.357)""",,,,2
," -77.2979)""",,,,2
," -77.3811)""",,,,2
," -77.4083)""",,,,2
," -77.3921)""",,,,2
," -77.3241)""",,,,2
," -77.4354)""",,,,2
," -77.4199)""",,,,2
," -76.9552)""",,,,2
," -77.4065)""",,,,2
," -77.4076)""",,,,2
," -77.3271)""",,,,2
," -76.9429)""",,,,2
90Z,5899,Crime Against Society,All Other Offenses,SMUGGLING (DESCRIBE OFFENSE),2
," -77.3369)""",,,,2
," -77.4256)""",,,,2
," -77.3797)""",,,,2
," -77.3618)""",,,,2
," -77.4504)""",,,,2
," -77.3382)""",,,,2
," -77.4021)""",,,,2
," -77.3073)""",,,,2
," -77.3014)""",,,,2
," -76.9434)""",,,,2
," -77.3443)""",,,,2
," -77.3303)""",,,,2
," -77.3285)""",,,,2
," -76.9566)""",,,,2
," -77.3204)""",,,,2
35A,3501,Crime Against Society,Drug/Narcotic Violations,DRUGS - HALLUCINOGEN - MFR,2
90Z,4999,Crime Against Society,All Other Offenses,ESCAPE/FLIGHT (DESCRIBE OFFENSE),2
370,3702,Crime Against Society,Pornography/Obscene Material,OBSCENE MATERIAL - SELL,2
," -77.3031)""",,,,2
," -76.9222)""",,,,2
," -77.3464)""",,,,2
," -76.9102)""",,,,2
," -77.3396)""",,,,2
," -77.3412)""",,,,2
," -76.9754)""",,,,2
," -76.9619)""",,,,2
," -77.342)""",,,,2
," -77.3686)""",,,,2
," -77.302)""",,,,2
," -76.9622)""",,,,2
," -77.0314)""",,,,2
," -76.9258)""",,,,2
," -77.3681)""",,,,2
," -77.3624)""",,,,2
," -77.32)""",,,,2
," -77.4484)""",,,,2
," -76.9751)""",,,,2
," -77.4093)""",,,,2
," -77.3459)""",,,,2
," -76.9395)""",,,,2
," -77.4109)""",,,,2
," -76.9271)""",,,,2
290,2904,Crime Against Property,Destruction/Damage/Vandalism of Property,DAMAGE PROPERTY - BUSINESS-WITH EXPLOSIVE,2
," -77.4133)""",,,,2
90Z,3804,Crime Against Society,All Other Offenses,FAMILY OFFENSE - BIGAMY,2
," -77.4054)""",,,,1
," -77.4675)""",,,,1
," -77.4647)""",,,,1
," -76.9677)""",,,,1
," -76.9402)""",,,,1
," -76.9689)""",,,,1
," -77.3778)""",,,,1
," -77.3454)""",,,,1
," -77.3122)""",,,,1
," -77.3299)""",,,,1
," -77.3634)""",,,,1
," -77.3318)""",,,,1
," -77.3079)""",,,,1
," -77.4045)""",,,,1
11A,1106,Crime Against Person,Forcible Rape,SEX ASSAULT - SODOMY-GIRL-GUN,1
," -76.9602)""",,,,1
," -77.485)""",,,,1
90G,4101,Crime Against Society,Liquor Law Violations,LIQUOR - MANUFACTURE,1
," -77.3418)""",,,,1
," -77.3655)""",,,,1
," -77.3415)""",,,,1
," -77.4002)""",,,,1
," -77.4178)""",,,,1
," -76.9089)""",,,,1
," -77.3268)""",,,,1
," -77.3448)""",,,,1
," -77.3983)""",,,,1
," -77.3877)""",,,,1
," -77.3891)""",,,,1
," -77.4013)""",,,,1
," -77.3895)""",,,,1
40B,4006,Crime Against Society,Assisting or Promoting Prostitution,COMM SEX OFF - TRANSPORT FEMALE INTERSTATE FOR IMM,1
," -77.4248)""",,,,1
," -77.294)""",,,,1
," -77.4154)""",,,,1
," -76.9107)""",,,,1
," -76.9103)""",,,,1
," -77.4485)""",,,,1
35A,3580,Crime Against Society,Drug/Narcotic Violations,DRUGS - BARBITURATE - MANUFACTURE,1
510,5102,Crime Against Property,Bribery,BRIBERY - OFFERING BRIBE,1
," -77.3199)""",,,,1
," -77.4294)""",,,,1
90Z,5003,Crime Against Society,All Other Offenses,OBSTRUCT GOVT - PERJURY,1
," -77.339)""",,,,1
," -77.3429)""",,,,1
," -77.4659)""",,,,1
," -77.3732)""",,,,1
," -77.4291)""",,,,1
," -76.9123)""",,,,1
," -77.4112)""",,,,1
," -76.9594)""",,,,1
," -77.42)""",,,,1
," -77.4067)""",,,,1
," -77.304)""",,,,1
," -77.3973)""",,,,1
," -76.9239)""",,,,1
290,2906,Crime Against Property,Destruction/Damage/Vandalism of Property,DAMAGE PROPERTY - PUBLIC-WITH EXPLOSIVE,1
," -77.4255)""",,,,1
," -77.3002)""",,,,1
," -77.3593)""",,,,1
90Z,4812,Crime Against Society,All Other Offenses,FAILURE REPORT CRIME,1
," -77.4586)""",,,,1
," -77.4673)""",,,,1
," -77.4274)""",,,,1
," -76.9609)""",,,,1
," -77.4257)""",,,,1
," -77.4107)""",,,,1
," -77.3253)""",,,,1
," -77.4403)""",,,,1
," -77.3781)""",,,,1
," -77.346)""",,,,1
," -77.3832)""",,,,1
," -77.3277)""",,,,1
," -77.3776)""",,,,1
," -77.4752)""",,,,1
," -77.3376)""",,,,1
," -76.9266)""",,,,1
," -77.4025)""",,,,1
," -76.9105)""",,,,1
," -76.9184)""",,,,1
," -77.4836)""",,,,1
," -77.4795)""",,,,1
," -77.4462)""",,,,1
," -77.3986)""",,,,1
," -77.3878)""",,,,1
," -76.9158)""",,,,1
," -77.4521)""",,,,1
," -77.3053)""",,,,1
," -77.4115)""",,,,1
," -77.3885)""",,,,1
," -77.2935)""",,,,1
," -77.3794)""",,,,1
," -77.3819)""",,,,1
," -77.4077)""",,,,1
," -77.4175)""",,,,1
," -77.471)""",,,,1
," -77.3461)""",,,,1
11A,1110,Crime Against Person,Forcible Rape,SEX ASSAULT - SODOMY-GIRL-WEAPON,1
," -77.3581)""",,,,1
100,1002,Crime Against Person,Kidnapping/Abduction,KIDNAP ADULT FOR RANSOM,1
," -77.352)""",,,,1
," -77.3045)""",,,,1
," -77.4041)""",,,,1
," -77.4531)""",,,,1
," -77.3156)""",,,,1
," -77.3683)""",,,,1
," -77.3742)""",,,,1
," -77.3847)""",,,,1
," -77.4265)""",,,,1
," -77.3078)""",,,,1
," -77.4441)""",,,,1
," -77.363)""",,,,1
," -77.4031)""",,,,1
," -77.3114)""",,,,1
90Z,5402,Crime Against Society,All Other Offenses,TRANSPORTING DANGEROUS MATERIALS,1
," -77.3112)""",,,,1
," -77.3175)""",,,,1
90Z,5008,Crime Against Society,All Other Offenses,OBSTRUCT GOVT - MISCONDUCT - JUDIC OFFICER,1
," -77.1483)""",,,,1
," -77.398)""",,,,1
40B,4001,Crime Against Society,Assisting or Promoting Prostitution,COMM SEX OFF - KEEPING HOUSE ILL FAME,1
," -77.3305)""",,,,1
," -77.3188)""",,,,1
," -76.9181)""",,,,1
," -77.3694)""",,,,1
," -77.3482)""",,,,1
," -77.4192)""",,,,1
," -77.3281)""",,,,1
90Z,6205,Crime Against Society,All Other Offenses,CONSERVATION - ENVIRONMENT (DESCRIBE OFFENSE),1
," -76.9655)""",,,,1
," -76.946)""",,,,1
," -77.306)""",,,,1
," -77.4457)""",,,,1
," -76.9203)""",,,,1
," -76.9353)""",,,,1
," -77.445)""",,,,1
," -76.952)""",,,,1
," -77.4059)""",,,,1
," -77.4322)""",,,,1
," -77.3496)""",,,,1
," -77.3217)""",,,,1
," -77.3388)""",,,,1
," -77.3729)""",,,,1
," -76.9448)""",,,,1
," -76.9649)""",,,,1
," -77.3987)""",,,,1
," -77.3534)""",,,,1
," -77.3091)""",,,,1
09A,0913,Crime Against Person,Murder and Nonnegligent Manslaughter,HOMICIDE - JOHN OR JANE DOE - NO WARRANT,1
90Z,5002,Crime Against Society,All Other Offenses,BAIL - PERSON RECOG,1
," -77.3465)""",,,,1
," -77.3357)""",,,,1
100,1007,Crime Against Person,Kidnapping/Abduction,KIDNAP HOSTAGE FOR ESCAPE,1
," -77.343)""",,,,1
," -77.407)""",,,,1
," -76.9193)""",,,,1
," -76.9146)""",,,,1
," -77.3422)""",,,,1
," -77.3817)""",,,,1
," -77.3109)""",,,,1
," -77.3284)""",,,,1
," -76.9585)""",,,,1
," -77.2728)""",,,,1
," -76.9359)""",,,,1
," -77.3432)""",,,,1
," -77.4815)""",,,,1
," -77.4459)""",,,,1
," -77.3835)""",,,,1
90Z,6103,Crime Against Society,All Other Offenses,TAX - LIQUOR (DESCRIBE OFFENSE),1
," -77.3405)""",,,,1
," -76.9188)""",,,,1
," -77.31)""",,,,1
90Z,5501,Crime Against Society,All Other Offenses,HEALTH - DRUGS - ADULTERATED,1
35A,3570,Crime Against Society,Drug/Narcotic Violations,DRUGS - AMPHETAMINE - MANUFACTURE,1
90Z,0104,Crime Against Society,All Other Offenses,SABOTAGE,1
," -77.3219)""",,,,1
," -77.4263)""",,,,1
," -77.4851)""",,,,1
," -77.3317)""",,,,1
," -77.3841)""",,,,1
," -77.4384)""",,,,1
," -77.4038)""",,,,1
," -77.307)""",,,,1
," -77.3994)""",,,,1
," -77.4705)""",,,,1
," -77.4064)""",,,,1
90Z,NSUP,Crime Against Society,All Other Offenses,NON SUPPORT,1
," -77.3265)""",,,,1
," -76.935)""",,,,1
," -77.3945)""",,,,1
," -77.3812)""",,,,1
520,5205,Crime Against Society,Weapon Law Violations,WEAPON - EXPLOSIVES - TRANSPORTING,1
," -77.4223)""",,,,1
100,1001,Crime Against Person,Kidnapping/Abduction,KIDNAP MINOR FOR RANSOM,1
240,2405,Crime Against Property,Motor Vehicle Theft,AUTO THEFT - THEFT VEHICLE BY BAILEE,1
36A,3607,Crime Against Person,Incest,SEX OFFENSE - INCEST WITH ADULT,1
90Z,5703,Crime Against Society,All Other Offenses,INVASION PRIVACY - DIVULGE MESSAGE CONTENTS,1
90Z,5014,Crime Against Society,All Other Offenses,MANDATORY RELEASE VIOLATION,1
," -77.3511)""",,,,1
," -76.9205)""",,,,1
," -77.3248)""",,,,1
," -76.9549)""",,,,1
," -77.3626)""",,,,1
," -77.4842)""",,,,1
," -77.3754)""",,,,1
," -77.3861)""",,,,1
," -77.3564)""",,,,1
," -77.2992)""",,,,1
," -77.4747)""",,,,1
," -77.4024)""",,,,1
280,2802,Crime Against Property,Stolen Property Offenses,STOLEN PROPERTY - TRANSPORT INTERSTATE,1
," -77.3065)""",,,,1
," -77.4409)""",,,,1
," -77.3722)""",,,,1
510,5199,Crime Against Property,Bribery,BRIBERY (DESCRIBE OFFENSE),1
," -77.3733)""",,,,1
," -76.9564)""",,,,1
90Z,1402,Crime Against Society,All Other Offenses,ABORTIONAL ACT OF SELF,1
," -77.3467)""",,,,1
," -77.3846)""",,,,1
," -77.3601)""",,,,1
," -77.4004)""",,,,1
," -77.4121)""",,,,1
," -76.9496)""",,,,1
," -77.2205)""",,,,1
," -77.4289)""",,,,1
," -77.2896)""",,,,1
," -77.3714)""",,,,1
," -77.3168)""",,,,1
," -77.4526)""",,,,1
," -77.367)""",,,,1
," -76.9516)""",,,,1
39B,3907,Crime Against Society,Operating/Promoting/Assisting Gambling,GAMBLING - DICE GAME,1
," -77.4969)""",,,,1
," -77.4336)""",,,,1
," -77.3127)""",,,,1
," -76.9157)""",,,,1
," -76.921)""",,,,1
," -77.4249)""",,,,1
," -77.318)""",,,,1
," -77.3179)""",,,,1
," -77.3076)""",,,,1
," -77.4532)""",,,,1
," -77.4081)""",,,,1
," -77.3373)""",,,,1
," -76.9255)""",,,,1
," -77.4055)""",,,,1
," -77.4633)""",,,,1
," -77.3503)""",,,,1
," -77.448)""",,,,1
90Z,4808,Crime Against Society,All Other Offenses,COMPOUNDING CRIME,1
," -76.9274)""",,,,1
," -77.326)""",,,,1
," -77.368)""",,,,1
," -77.3929)""",,,,1
," -77.3709)""",,,,1
," -77.4468)""",,,,1
," -77.3866)""",,,,1
," -77.3164)""",,,,1
," -77.3886)""",,,,1
," -77.3208)""",,,,1
," -77.3009)""",,,,1
90Z,6099,Crime Against Society,All Other Offenses,ANTITRUST (DESCRIBE OFFENSE),1
