offense_desc,row_count
PC 30.04(A) Burglary Vehicle,18815
PC 31.03(e)(2)(A)  Theft Property >=$100<$750,18248
PC 30.04 Burglary of Vehicle,17645
PC 22.01(A)(1) Assault Causes Bodily Injury,17462
PC 31.03 - Others Theft - Others,16843
PC 30.02(C)(2) Burglary Habitation,16581
PC 28.03 Criminal Mischief,15636
PC 30.02(C)(1) Burglary of building,13613
PC 42.07(C) Harassment,11877
PC 30.04(A) Burglary Vehicle 23F THEFT FROM MOTOR ,10835
PC 31.03 - SHOPLIFTING Theft - Shoplifting,9914
PC 30.04(d) Burglary of Vehicles,9905
GC  085-07 Theft under $100,9720
PC 28.03(b)(2) Criminal Mischief >=$100<$750,8784
PC 31.03(E)(4)(A)AUTO2015 Theft Prop>=$2500<$30k A,8549
PC 28.03(B)(2)  Crim Misc>=$100<$750,7741
DRUG NARCOTIC VIOLATIONS Drug/Narcotic Violations,7665
PC 31.03(E)(3)   Theft prop>=$750<$2500,7634
PC 31.03(E)(4)(A)AUTO Theft>$1500<$20K (Auto theft,6948
PC 30.05(d)(1) Criminal Trespass,6814
PC 31.03(E)(2)(A)   PC 31.03(E)(2)(A)  2015 Theft ,6671
OT WARRANT Out of Town Warrant,6568
PC 31.03 - AUTO Auto Theft,6343
GC 080 Public Intoxication,6054
GC 039 Criminal Mischief under $100/Subst Inconven,5983
PC 22.01(A)(1)FV Aslt Causes B/I Family Member,5941
PC 22.01(a)(1) Assault Causes Bodily injury  Famil,5455
PC 31.03(E)(4)(A) Theft Property >= $2500<$30K  (t,5453
PC 49.02 Public Intoxication,5243
PC 31.03 - Others Theft - Others 23H ALL OTHER LAR,5004
PC 31.07 UUMV-Unauthorized Use of Motor Vehicle,4974
PC 49.04 Driving While Intoxicated,4949
PC 42.07 Harassment,4933
PC 22.01(A)(3) Assault Against Eldeer/Disable Ind,4614
GC 088 Assault by Offensive Contact-Class C,4488
PC 28.03(B)(2) 2015 Crim Misc>=$100<$750 290 DESTR,4235
PC 31.03 Theft- Auto parts/accessories only/gas,4178
PC 31.03 - AUTO Auto Theft 240 MOTOR VEHICLE THEFT,4113
HSC 481.121(B)(1) Poss Marij <=2OZ,3909
PC 25.03(d) INTERFERENCE WITH CHILD CUSTODY,3869
PC 28.03(b)(3)(A) Criminal Mischief >=$750<$2500,3783
GC  085-07 Theft under $100- Shoplifting,3768
XXX ,3653
PC 32.31 Credit/Debit Card Abuse,3633
PC 22.01(A)(1)FV Aslt Causes B/I Family Member 13B,3604
PC 22.02 Aggravated Assault,3549
PC 29.03 Agg Robbery,3519
GC 084 Possession of Drug Paraphenalia,3438
GC 088 Assault by Offensive Contact or Threat 13B ,3328
PC 30.02(C)(2) Burglary Habitation 220 BURGLARY/BR,3296
PC 30.02(C)(1) Burglary of building 220 BURGLARY/B,3244
GC 088-03 Assault by Offensive Contact Family or D,3147
MISC CITY ORDINANCE Misc City Ordinances,3106
PC 32.51(C)(1) Fraud Use Poss of ID Info<5 items,3021
PC 31.03(E)(2)(A)  2015 Theft Prop>=$100<$750 23H ,2977
GC 080 Public Intoxication 90E DRUNKENNESS 0000000,2569
PC 22.02(A)(2) Agg Asslt w/Deadly Weapon,2527
PC 30.05 Criminal Trespass,2501
PC 31.03- AUTO PARTS/ACCE Theft- Auto parts/access,2496
PC 22.01(A)(1) Assault Causes B/I 13B SIMPLE ASSAU,2486
PC 25.03 Interfer W/Child Custody,2452
GC 088 Assault by threat-Class C  ,2410
PC 22.01(b)(2)(B) Assault BI Family member strang/,2391
PC 31.03 Theft - Shoplifting 23C SHOPLIFTING 23C,2375
LOCAL Local Class C Warrants,2335
PC 29.02 Robbery,2067
PC 22.02(A)(2)FAMILY Agg Assault w/Deadly Weapon F,2050
PC 31.20(c)(1) Theft-Mail<=10 addresses,1950
PC 32.51 Fraud Use Poss of ID Info,1941
PC 28.03(B)(3)(A) 2015 Crim Misch>=$750<$2500,1885
PC 31.03(E)(5)AUTO 2015 Theft>=$30k<$150k,1858
WARRANTS ONLY Local or outside city warrants,1851
PC 38.04(b) Evading Arrest Detention,1830
GC 081 Disorderly Conduct,1826
PC 31.03 Theft- Auto parts/accessories only/gas 23,1815
PC 38.03(A) Resisting Arr/Search/Transport,1801
PC 22.02(a)(2) Aggravated Assault with Deadly Weap,1705
HSC 481.115(b) POSS CS PG 1/1-B <1G,1634
HSC 481.115(B) Poss CS PG 1 <1G,1606
PC 46.02(B) Unl Carrying Weapon / UCW,1567
PC 31.03(e)(3) Theft Property >= $750-$2500 Shopli,1559
PC 38.02(D)(2) Fail ID Fugi Int Give Fals Info,1558
PC 25.07 G Violation of Bond/Protective Order,1535
PC 31.03(E)(3)  2015 Theft prop>=$750<$2500 23H AL,1505
PC 31.03(E)(5) AUTO Theft>=$20k<$100k (Auto theft),1486
PC 42.07(C) Harassment 90Z ALL OTHER OFFENSES 1316,1471
PC 28.03(b)(4)(A) Criminal Mischief >=$2500<$30K,1459
DRUG/NARCOTIC EQUIPMENT Drug Equipment/Paraphernel,1454
PC 30.05(A) Criminal Trespass 90J TRESPASS OF REAL,1436
PC 22.02(a)(2) Aggravated Assault w/Deadly Weapon ,1436
PC 22.01(A)(2) Assault by threat NonFamily Member,1431
PC 38.04(b)(2)(A) Evading Arrest Detention w/vehic,1430
PC 25.03(d) INTERFERENCE WITH CHILD CUSTODY 90Z AL,1427
HSC 481.115(c) POSS CS PG 1/1-B >=1G<4G,1347
PC 42.07 Harassment 90Z ALL OTHER OFFENSES 5399000,1333
PC 32.21 Forgery,1319
PC 28.03(B)(2) Crim Misc>$50<$500 290 DESTRUCTIVE/,1310
PC 42.12(B) Discharge Firearm Certain Munici,1310
PC 22.01(B)(2)(B) Assault BI Fam Mem Strangl/impe ,1298
PC 31.03 Theft - Shoplifting,1294
GC 085-07 Theft under $100 23C SHOPLIFTING 0000000,1290
HSC 481.121(B)(1) Poss Marij <=2OZ 35A DRUG/NARCOT,1283
PC 46.04(e) UNL POSS FIREARM BY FELON,1267
HSC 481.115(C) Poss CS PG 1 >=1G<4G,1250
PC 49.04(D) DWI BAC >= 0.15,1193
GC 084 Possession of Drug Paraphenalia 35B DRUG EQ,1161
PC 42.0622 Interfer W/Emergency Call,1093
PC 31.03(e)(4)(D)   Theft Property<$2500 2/more pr,1071
HSC 481.115(B) Poss CS PG 1 <1G 35A DRUG/NARCOTIC ,1045
PC 31.03(e)(2)(A) Theft Property >=$100<$750 (moto,1037
PC 38.02 Failure to Identify,1034
PC 22.05(B)(2) Deadly Conduct Disch Firearm-proper,1033
PC 38.04 Evading Arrest Detention w/Veh,1016
PC 31.03 - OTHERS Theft - Others,1001
PC 22.02(A)(2) Agg Asslt w/Deadly Weapon 13A AGGRA,988
PC 25.11(e) Continuous Violence against family(Sim,971
PC 32.31 Credit/Debit Card Abuse 26B FRAUD CREDIT ,965
PC 42.01 Disorderly Conduct with three priors,948
PC 31.03(E)(2)(A)  2015 Theft Property >=$100<$750,945
PC 29.03 Agg Robbery 120 ROBBERY 12990002,944
GC 085-07 Theft under $100 23H ALL OTHER LARCENY 0,937
GC 085-07 Theft under $100 Shoplifting,932
PC 21.16(g) PUBLISH/THREAT TO PUBLISH INTIMATE VIS,920
PC 31.03 - PERSON Theft - From Person,919
PC 31.03(E)(4)(A)  2015 Theft Prop>=$2500<$30k- st,917
PC 28.03(B)(3)(A) 2015 Crim Misch>=$750<$2500 290 ,913
PC 31.04 Theft of Service or Rental agreement,899
TRC 550.022(c)(2)  COLLISION  INVOLVING DAMAGE TO ,897
PC 28.03(B)(4) Criminal Mischief >=$1500<$20K,896
PC 31.03(E)(4)(A) Theft>$1500<$20K,893
PC 22.02(a)(2) Aggravated Assault bodily injury w/,891
PC 31.03(E)(4)(C) Theft of Firearm,887
GC 088-03 Family or Domestic Violence Assault by O,886
GC 085-07 Theft under $100,883
PC 31.03(E)(4)(A)  2015 Theft Prop>=$2500<$30k 23H,882
OT WARRANT Out of Town Warrant WAR Warrants only 0,868
TV 049 Leaving Scene of Accident<$200 Damage,862
OT WARRANT Out of Town Warrant 90Z ALL OTHER OFFEN,859
PC 32.315(e)(1) Fraud Poss/Use credit or Debit Car,857
PC 31.03(E)(3)  2015 Theft prop>=$750<$2500,854
PC 22.01(A)(1) Assault with Bodily Injury,847
PC 22.07(C) Terroristic Threat Cause Fear Immen SB,820
PC 20.02(c) Unlawful Restraint,799
HSC 481.115(d) POSS CS PG 1/1-B >=4G<200G,789
PC 22.04 (F) Injury child/eld/disable w/int BI(sim,782
PC 31.03(E)(3) Theft Property >=$750<$2500 Auto Pa,776
PC 46.02(b) Unl Carrying Weapon / UCW,768
PC 28.03(B)(4) Criminal Mischief >=$1500<$20K 290 ,751
PC 22.07(C)(1) Terroristic Threat of Family/Househ,751
PC 38.15(A) Interfer W/Public Duties,748
PC 49.04 Driving While Intoxicated 90D DRIVING UND,746
PC 32.51 Fraud Use Poss of ID Info 26F Identity Th,738
PC 30.05(A)(1)(2) Criminal Trespass Habit,716
HSC 481.115(C) Poss CS PG 1 >=1G<4G 35A DRUG/NARCO,715
PC 22.07(A)(1&2) Terroristic Threat,709
PC 31.03(E)(2)(A)(1) Theft>=$50<$500 23H ALL OTHER,702
PC 30.05(d)(3)(A) Criminal Trespass Habit/shltr/su,697
HSC 481.115(D) Poss CS PG 1 >=4G<200G,695
PC 32.51 Fraudulent Use/Poss of Id Information,688
PC 22.07 Terroristic Threat,687
PC 22.01(A)(1) Assault Causes B/I,686
GC 106-02 Solicitation in Prohibited Place,681
PC 48.05 Prohibition of Camping Public Places,665
PC 28.04 Reckless Damage or Destruction,665
PC 49.09(A) Driving While Intoxicated second,661
GC 081 Disorderly Conduct 90C DISORDERLY CONDUCT 0,645
GC 085-07 Theft under $100 Shoplifting 23C SHOPLIF,644
PC 32.21(C) Forgery,638
PC 38.02(C)(2) Fail ID Giving False/Fic Info,629
PC 21.08(b) Indecent Exposure,627
HSC 365.012(E) Illegal Dumping >5 lbs<500 lbs,611
PC 42.062 Interference w/ Emergency Telephone Call,611
TRC 550.022(C)(2) Accident Involving Damage to Veh,610
PC 22.02 (B)(1) Agg Assault Date/Family/House w/we,606
HSC 365.012(E) Illegal Dumping >5 lbs<500 lbs or >,598
PC 42.072(B) Stalking,585
PC 22.02(A)(2) Agg Assault w/Dead Weap 13A AGGRAVA,576
PC 29.02 Robbery 120 ROBBERY 12990001,571
PC 31.07 Unauth Use of Vehicle 240 MOTOR VEHICLE T,568
GC 088-04 Family or Domestic Violence Assault by T,565
PC 22.02(a)(1) Aggravated Assault causes serious b,563
PC 38.03 Resisting Arrest/Search/Transportation,560
PC 28.03(B)(3) Crim Misc>$500<$1500 290 DESTRUCTIV,554
CCP 62.10(B)(2) FAIL TO COMPLY SEX OFF DUTY TO REG,550
TRAFFIC CODE > CLASS C Traffic Code Higher than Cl,544
PC 31.03(E)(4)(D)  2015 Theft Prop<$2500 2/more pr,531
HSC 481.121(B)(3) Poss Marij >4OZ<=5LBS,518
PC 31.03(E)(3)AUTO  Theft prop>=$750<$2500 Auto Th,511
PC 25.07 Violation of a Protective Order,510
Runaway report-no statute **,509
PC 22.01(b)(2)(A) Assault Family/Household Member ,502
PC 28.08 Graffiti,500
PC 22.05(b)(2) Deadly Conduct Discharge Firearm (P,495
PC 22.012(b) INDECENT ASSAULT,485
PC 22.05 Deadly Conduct,485
CCP 62.10(C) FAIL TO COMPLY SEX OFF DUTY TO REG W/,484
GC 088 Assault by Offensive Contact or Threat,479
PC 31.03(E)(2)(A)(1) Theft>=$50<$500 Shoplifting 2,468
PC 31.03(E)(4)(A)  Theft Prop>=$2500<$30k- stolen ,467
PC 46.02 Unlawful Carrying Weapon,466
TRAFFIC CODE CLASS C Traffic Code Violations Class,465
LOCAL Local Class C Warrants 90Z ALL OTHER OFFENSE,465
OTHER OFFENSES Other Offenses,464
PC 22.01(b)(8) ASSAULT OF PREGNANT PERSON (Simple ,461
PC 30.04(d) Burglary of Vehicles 23F THEFT FROM MO,446
PC 46.02(B) Unl Carrying Weapon / UCW 520 WEAPON L,439
PC 43.02(c) Prostitution,433
PC 31.03(E)(4)(F) Thft  Mat Alum/Brnz/Cop/Brass<20,429
PC 28.03(B)(3) Crim Misc>$500<$1500,423
PC 42.0622 Interfer W/Emergency Call 90Z ALL OTHER,423
PC 31.03(E)(5)  2015 Theft>=$30k<$150k,422
PC 22.01(b)(2)(B) Assault BI Fam Mem Strangl/impe ,414
PC 37.09(c) Tamper/Fab Phys Evid w/Int Impair,404
PC 38.03(A) Resisting Arr/Search/Transport 90Z ALL,403
PC 32.21(D) Forgery Financial Instrument,401
PC 31.03(E)(3)AUTO  Auto Theft-Theft prop>=$750<$2,398
PC 31.03(E)(4)(A) Theft Property>=$2500<$30K (shop,398
PC 31.03(E)(4)(A)AUTO2015 Theft Prop>=$2500<$30k 2,396
PC 38.04(b)(1) Evading Arrest Detention  w/prev co,395
PC 30.03 Burglary Coin Oper Col Machine,395
PC 31.03(E)(5)   Theft>=$30k<$150k,389
PC 22.01(b-2) Assault Peace Officer/Judge,388
GC 085 Theft under $50-also for Theft of service 2,387
PC 42.062  INTERFER W/EMERGENCY REQ FOR ASSISTANCE,384
TRC 545.401(b) Reckless Driving,383
PC 38.02(D)(2) Fail ID Fugi Int Give Fals Info 90Z,382
PC 37.09(C) Tamper/Fab Phys Evid w/Int Impair,381
PC 43.02 Prostitution,377
PC 22.02(A)(2) Aggravated Assault w/Deadly Weapon,371
HSC 481.115(D) Poss CS PG 1 >=4G<200G 35A DRUG/NAR,370
PC 28.03(B)(4)(A)  Crim Misc>=$2500<$30K,358
PC 31.07 UUMV-Unauthorized Use of Motor Vehicle 24,357
PC 25.03 Interfer W/Child Custody 90F FAMILY OFFEN,357
PC 31.03(E)(4)(D) Theft Prop<$2500 2/more prev con,355
PC 31.03 (e) (4)(B) Theft from Person,352
Misc CIty Ord Misc City Ordinances,347
PC 28.08(B)(2) 2015 Graffiti Pecuniary Loss>$100<$,345
HSC 481.117(B) Poss CS PG 3 <28G,343
PC 38.02(D)(1) Fail ID Fugi from Justice,342
PC 49.04(D) DWI BAC >= 0.15 90D DRIVING UNDER THE ,341
GC 106-02 Solicitation in Prohibited Place 90Z ALL,339
HSC 481.121(B)(2) Poss Marij >2OZ<=4OZ,332
Runaway report-no statute ** 90I RUNAWAY 90I,331
PC 28.03(B)(2) Crim Misc>$50<$500,330
PC 31.03(E)(3) Theft>=$500<$1500 23H ALL OTHER LAR,329
PC 22.02(A)(2) Agg Assault w/Dead Weap,327
CCP 62 Fail to Register as Sex Offender,324
PC 22.01(b)(2)(B) Assault BI Fam Mem Strangl/imped,321
GC 106-01 Solicitation in Agg Manner Public Place ,321
PC 46.04 Unlawful Poss of a Firearm,319
PC 28.03(B)(2) 2015 Crim Misc>=$100<$750,316
PC 25.07 G Violation of Bond/Protective Order 13C ,313
PC 38.04(b)(1)(B) Evading arrest detention with ve,313
PC 42.12(B) Discharge Firearm Certain Munici 520 W,311
PC 32.21(C) Forgery 250 FORGERY/COUNTERFEITING 258,306
PC 31.03(e)(4)(G) THEFT CATALYTIC CONVERTER <30K T,306
HSC 481.116(D) Poss CS PG 2 >=4G<400G,306
PC 22.01(B)(1) Assault Pub Servant,305
PC 49.09 DRIVING WHILE INTOXICATED 3RD OR MORE,304
PC 28.02 Arson,304
PC 32.24 Stealing Recieving Stolen Property/Check/,299
HSC 365.012 F Illegal Dumping com/wgt 5<200 lb,298
PC 22.05(b)(1) Deadly Conduct discharges in direct,298
HSC 365.012 Illegal Dumping,297
PC 30.05(d)(3)(B) Criminal Trespass Habit/shltr/su,293
PC 22.04(A)(3) Injury to a Child/Elderly/Disabled ,293
PC 22.02(a)(2)(b) Agg Assault w/ deadly weapon-int,289
PC 30.05(A)(1)(2) Criminal Trespass Habit 90J TRES,287
PC 30.02(D) Burglary Habitation Intend Oth Felony,286
PC 42.12 Discharge/Firearm w/i Municipal>100000,284
PC 22.04 (F) Injury child/eld/disable w/int BI,284
PC 22.01(A)(2) Assault by threat NonFamily Member ,278
PC 49.04(C) DWI/Open Alch Container,275
GC 085-08 Theft of Service under $100 ,274
PC 31.03 (E) (4)(B) Theft from Person,273
PC 46.02(e)(1) UNLAWFUL CARRY WEAPON W/ FELONY CON,270
ALCOHOL VIOLATIONS TABC Alcohol Violations,269
PC 32.51(C)(2) Fraud Use Poss of ID Info 5<10,268
PC 46.04(e) UNL POSS FIREARM BY FELON 520 WEAPON L,265
PC 22.07(A)(1&2) Terroristic Threat 13C INTIMIDATI,262
PC 20.02 Unlawful Restraint,262
PC 22.02(A)(1) Agg Asslt Causes Serious BI 13A AGG,259
GC 030-16 Aggressive Panhandling,258
PC 28.03(B)(3)(A)  Crim Misch>=$750<$2500,256
PC 38.04(B) Evading Arrest Detention 90Z ALL OTHER,254
PC 31.03 - Building Theft From An Open Building (n,251
GC 099 Other Offenses (Specify),251
PC 38.11 Prohibited Substance in Correct Facility,246
PC 22.05(b) Deadly Conduct Discharge Firearm,237
PC 49.09(A) Driving While Intoxicated second 90D D,236
PC 22.02(a)(1)  Aggravated Assault causes serious ,236
PC 31.03(E)(2)(B)  2015 Theft Prop<$100 w/Prev Con,236
PC 38.04(B) Evading Arrest Detention,235
HSC 483.041 Poss Dangerous Drug,233
PC 28.03(H)  2015 Criminal Misc>=$750<$30K Destroy,233
PC 31.03 (E) (4)(B) Theft from Person 23B PURSE SN,231
PC 33.02(A) Computer Security Breach,230
TRC 545.421 Fleeing Police Officer,227
PC 31.04(E)(2)  2015 Theft of Service>=$100<$750,226
PC 38.04(B)(2)(A) Evading Arrest Detention w/veh,222
PC 21.07(b) Public Lewdness,222
LOCAL Local Class C Warrants WAR Warrants only 000,218
PC 22.04 (F) Injury child/eld/disable w/int BI 13B,216
PC 32.51(C)(1) Fraud Use Poss of ID Info<5 items 2,215
PC 42.01(d) DISORDERLY CONDUCT DISCHARGE/DISPLAY F,215
PC 22.05(B) Deadly Conduct Disch Firearm 520 WEAPO,210
PC 31.03(E)(2)(A)(1) Theft>=$50<$500,210
PC 31.03(E)(4)(A) Theft>$1500<$20K 23H ALL OTHER L,205
PC 38.04(A) Evading Arrest Dention 90Z ALL OTHER O,204
PC 28.02(A) Arson Building/Veh only,199
PC 22.11 Harassment of Public Servant,198
PC 31.04(E)(4)  2015 Theft of Service>=$2500<$$30K,198
PC 28.04 Reckless Damage or Destruction 290 DESTRU,197
HSC 481.117(B) Poss CS PG 3 <28G 35A DRUG/NARCOTIC,195
PC 47.02 Gambling,195
PC 22.05(A) weapon point Deadly Conduct-pointed or,192
PC 36.06 Obstruction/Retaliation,192
PC 37.09 Tampering/Fabricating Physical Evidence,186
PC 16.06 Unlawful Installation of Tracking Device,186
PC 19.02(B)(1) Murder,184
PC 31.04(E)(3)  2015 Theft of Service>=$750>$2500,184
PC 21.08 Indecent Exposure,183
PC 31.03(e)(4)(F) Theft of material alum/brnz/copp,183
TRC 550.025(A) Duty Strike Structure/Fix/Hwy/Lands,183
TV 111 Open Container/Vehicle,182
PC 38.04 Evading Arrest Detention w/Veh 90Z ALL OT,180
GC 085-08 Theft of Service under $100 23C SHOPLIFT,179
PC 32.53(C) Exploit of Child/Elderly/Disabled,178
PC 20.02 Unlawful Restraint 100 KIDNAPPING/ABDUCTI,178
PC 43.021(b) Solicit Prostitution /Other Payor,176
PC 31.04(E)(2)   Theft of Service>=$100<$750,175
PC 42.092(c-1) CRUELTY NON-LIVESTOCK ANIM:KILL/POI,175
PC 28.02(d) ARSON,174
CCP 62.10(B)(1) FAIL TO COMPLY SEX OFFENDERS DUTY ,171
HSC 481.116(C) Poss CS PG 2 >=1G<4G,170
PC 28.03(B)(4)(A) 2015 Crim Misc>=$2500<$30K 290 D,168
Misc CIty Ord Misc City Ordinances 90Z ALL OTHER O,168
PC 38.11 (G) Prohibited Sub/Item in Corr Facility,168
HIT AND RUN Acc Inv Damage >= $200,165
PC 36.06  2015 Obstruction or Retaliation,164
PC 32.21(E) Forgery Gov't Inst Money/Sec,162
PC 21.19 Unlawful Electronic Transmission of Sexua,162
PC 37.09(D)(1) Tamper Fab Phys Evid W/Int Impair,162
PC 31.03(E)(4)(A) Theft >=$1500<$20K (Auto Parts),161
GC 085-08 Theft of Service under $100,160
HSC 481.112(D) Man Del CS PG1>=4G<200G,159
PC 38.04 Evading Arrest or Detention,157
PC 42.092(c) CRUELTY NON-LIVESTOCK:FAIL PRV/ABDN/T,156
PC 36.06   Obstruction or Retaliation,154
TRC 550.021(c)(2) Collision involving injury,153
PC 22.01 (C)(1) Aslt Against Elderly/Disabled Ind,153
PC 31.20(c)(1) Theft-Mail = 10<30 addresses,152
PC 32.31(D) Credit/Debit Card Abuse Elderly,150
PC 71.02A Agg Robbery EOC/Aggravated Robbery,146
PC 28.03(B)(4)(A) 2015 Crim Misc>=$2500<$30K,145
PC 38.04(B)(2)(A) Evading Arrest Detention w/veh 9,144
GC 040-10 Unauthorized camping on private property,144
PC 31.03(E)(3) Theft>=$500<$1500,144
PC 22.01(B)(2)(A) Assault Fam/Household Mem w/Prev,144
TRC 521.457(F)(2) Driving While Lic Invld 1st-FMFR,143
PC 28.03(B)(4) Crim Misc>$1500<$20K,143
PC 43.02 Prostitution 40A PROSTITUTION 40040002,143
PC 32.21(D) Forgery Financial Instrument 250 FORGE,141
CCP 62.10(B)(3) FAIL TO COMPLY SEX OFF DUTY TO REG,141
PC 22.01(A)(1)(B)1(C)(D) Assault Security Officer,141
PC 22.05(A) Deadly Conduct 520 WEAPON LAW VIOLATIO,139
PC 22.01(B)(1) Assault Pub Servant 13B SIMPLE ASSA,139
PC 30.03 Burglary Coin Oper Col Machine 23E THEFT ,139
HSC 481.116(B) Poss CS PG 2 <1G,137
PC 42.0601(b) FALSE REPRT INDUCE EMERG RESPONSE,137
PC 28.02(A) Arson Building/Veh only 200 ARSON 2099,136
PC 22.05(b)(1) Deadly Conduct Discharge Firearm(to,135
HSC 481.112(D) Man Del CS PG1>=4G<200G 35A DRUG/NA,134
PC 33.02(B) 2015 Computer Security Breach,134
PC 46.05 Prohibited Weapons,134
PC 19.02(c) Murder,133
PC 32.47 Fraud Destruct/Removal/Conceal of Writing,129
GC 038 Attempted Criminal Trespass 90J TRESPASS OF,126
PC 25.11 Assault BI FM/House Mem 2+ w/in 12 months,125
PC 33.07 Online Harrassment/Online Impersonation,125
PC 31.04(E)(2)  2015 Theft of Service>=$100<$750 2,121
HSC 481.112(d) Man Del CS PG1>=4G<200G,120
PC 37.09(C) Tamper/Fab Phys Evid w/Int Impair 90Z ,119
PC 21.07 Public Lewdness 90Z ALL OTHER OFFENSES 72,119
PC 71.02 UUMV EOC/UUMV 240 MOTOR VEHICLE THEFT 739,119
PC 22.11 Harrassment by person/Corr/Deten/Pub Serv,118
PC 42.072 Stalking,117
PC 32.45(C)(2) Misapp Fiduc/Fin Prop>=$20<$500 270,115
PC 32.51(C)(3) Fraud Use Poss of ID Info 10<50,114
GC 088 Assault by threat-Class C,114
PC 31.03(E)(3)AUTO 2015 Theft prop>=$750<$2500 240,112
PC 22.07(5)(E) Terroristic Threat place pub/group ,111
PC 22.02(B)(2)(B) Agg Assault against Pub Servant,111
PC 47.04 Keeping a Gambling Place,111
PC 33.07 Online Harrassment,111
PC 28.03 Criminal Mischief 290 DESTRUCTIVE/DAMAGE/,110
PC 31.03(E)(6)(A)   Theft Property >=$150K<$300k,109
PC 30.02(D) Burglary Habitation Intend Oth Felony ,108
PC 25.11(e) Continuous Violence Against Family (Ag,106
GC 086 Refusal to Identify-After arrest,106
HSC 365.012(E) Illegal Dumping >5 lbs<500 lbs 90Z ,104
PC 31.03(E)(2)(A)(1) Theft>=$50<$500 Shoplifting,104
PC 37.11 Impersonate Public Servant,103
PC 31.03(E)(4)(C) Theft of Firearm 23H ALL OTHER L,103
PC 32.51(c-1) FRAUD USE/POSS IDENT INFO # ITEMS <5,103
PC 28.02(d)(2)  ARSON INTEND DAMAGE HAB/PLACE OF W,102
PC 31.03 - PURSE Theft - Purse Snatching,102
PC 21.08 Indecent Exposure 90Z ALL OTHER OFFENSES ,102
PC 33.07(A) Online Impers name/PersonaCreat pg,102
PC 31.03(E)(4)(D) 2015 Theft Prop<$2500 2/more pre,100
PC 31.03 (F) Theft From Person EHN 26A FALSE PRETE,100
PC 21.16(G) Publish/Threat Pub Intimate Visual 370,100
PC 22.02 (B)(1) Agg Assault Date/Family/Household ,100
PC 38.11 Prohibited Substance in Correct Facility ,99
PC 32.21 (E)(1) Forgery to Defraud or Harm Elderly,99
GC 099 Other Offenses (Specify) 90Z ALL OTHER OFFE,99
PC 32.315(e)(2) Fraud Poss/Use Credit or Debit Car,98
PC 42.03(c) OBSTRUCT HWY PSGWAY,98
PC 30.04 Burglary of Vehicle 23F THEFT FROM MOTOR ,96
PC 49.031 Alcoholic Beverage-Poss in Motor Vehicle,95
PC 28.02(D) Arson Habit/Worship/Injury,94
PC 22.01(B)(2)(B)PRIOR Assault BI Fam Mem Strangle,94
PC 38.02(C)(2) Fail ID Giving False/Fic Info 90Z A,94
JUVENILE RUNAWAY Juvenile Runaways,94
HSC 365.012(G) Illegal Dumping 1000lbs or more,93
PC 49.09 DRIVING WHILE INTOXICATED 3RD OR MORE ,93
PC 42.03 Obstructing Highway/ passageway,92
PC 36.062 Obstruct Retaliation Harm/Threat,91
PC 32.45(C)(4)  Misapp Fiduc/Fin Prop $2500-30K,91
PC 28.03(B)(4) Crim Misc>$1500<$20K 290 DESTRUCTIV,91
HSC 481.116(D) Poss CS PG 2 >=4G<400G 35A DRUG/NAR,90
PC 42.061(D) Silent or Abusive calls/Elec Comm 911,90
PC 31.03(E)(2)(A)  2015  PC 31.03(E)(2)(A)  2015 T,90
PC 22.02(b)(1)(A) AGG ASSAULT DATE/FAMILY/HOUSE W/,90
"PC 31.03(e)(4)(A) THEFT PROP >=$2,500<$30K-from bu",90
TV 075 Littering,90
PC 37.101 Fraudulent Filing of a Financial Stateme,90
TV 049 Leaving Scene of Accident<$200 Damage TRC T,88
PC 19.02(B)(1) Murder 09A MURDER & NON-NEGLIGENT M,87
PC 38.15 Interference with Public Duties,87
PC 20.03 Kidnapping,87
PC 31.07 Unauthorized Use of a Vehilce,87
PC 43.02(C) Prostitution 40A PROSTITUTION 40040009,86
PC 32.45(C)(4) Misapp Fiduc/Fin Prop $1500-20K 270,85
PC 31.03(E)(2)(B)   Theft Property<$100 w/Prev Con,85
PC 25.07(g)(2) Violation Bond/Protective Order Ass,85
PC 31.03 Theft under $20K/Alum/Brz/Copper 23H ALL ,84
TRC 521.457(F)(1) Driving Whle Lic Invld prev conv,84
PC 31.03(E)(3)AUTO 2015 Theft prop>=$750<$2500,83
PC 38.02(D)(1) Fail ID Fugi from Justice 90Z ALL O,83
PC 32.47(A) Fraud Des Remov Conceal Writ 250 FORGE,83
"PC 38.04(b)(2)(A,B) Evading Arrest Dention w/Veh/W",83
PC 22.01(A)(2)FV Assault by threat Family Member 1,82
HSC 481.121(B)(3) Poss Marij >4OZ<=5LBS 35A DRUG/N,82
PC 22.01(b)(8) ASSAULT OF PREGNANT PERSON (aggrava,82
PC 32.47(e)(2) Fraud/Destroy/Remove/Conc price tag,81
DRUG NARCOTIC VIOLATIONS Drug/Narcotic Violations ,81
HSC 481.120(B)(3) Del Marij>1/4 oz<=5 Lbs,80
PC 33.02 Breach of Computer Security,80
PC 36.06  2015 Obstruction or Retaliation 13C INTI,80
PC 31.03(e)(2)(C) Theft of DL/Comm DL/ID Certifica,79
PC 36.061 Obstruct Retaliation,79
PC 49.04(C) DWI/Open Alch Container 90D DRIVING UN,79
PC 42.092(C-2) Cruelty Non-Livestock Animal:Fight/,77
PC 49.09 Driving While Intoxicated third 90D DRIVI,77
GC 038 Attempted Criminal Trespass,77
PC 32.21(E) Forgery Gov't Inst Money/Sec 250 FORGE,77
HSC 483.041 Poss Dangerous Drug 35A DRUG/NARCOTIC ,76
PC 31.03  (F) Theft Prop<$2500 2+Conv ENH IAT,76
PC 31.03(E)(5)  2015 Theft>=$30k<$150k 23H ALL OTH,76
PC 25.072(E) Violation of Bond/Prot Order2+ w/in 1,76
PC 42.06(b) False Alarm or Rpt Emergency,76
PC 31.03 (F) Theft of Property >$2500<$30K ENH IAT,76
PC 46.05 E Prohib Weapon,75
GC 134 Public Intoxication-Minor,75
GC 30-12 Private Use of Streets and Sidewalks,75
PC 42.01(A)(7)(8) DOC Discharge/Display Firearm,74
PC 22.04(E)A Injury Child/Eld/Disab W/Int SBI/Men,74
GC 040 Park Curfew,74
PC 21.15(C) Imp Photo/Visual recording,74
GC 514 Graffitt-Private Property,74
GC 085-07 Theft under $100 23C SHOPLIFTING 1602999,72
PC 22.04 Injury to a Child/Elderly/Disabled (SBI),72
PC 32.45(C)(3) Misapp Fiduc/Fin Prop>=$500<$1500 2,72
HSC 365.012(F) Illegal Dumping =>500<1000lbs,72
PC 31.03(E)(7)  2015 Theft >=$300K,72
PC 25.071A Violation Protect Order Bias/Predjudice,72
GC 109 Consume Alcohol Where Prohibited,71
HSC 481.121(B)(2) Poss Marij >2OZ<=4OZ 35A DRUG/NA,71
PC 38.04(B)(1) Evading Arrest Det w/prev conv 90Z ,70
PC 28.08(B)(3) 2015 Graffiti Pecunia Loss>$750<$25,70
PC 38.15(A) Interfer W/Public Duties 90Z ALL OTHER,70
TRC 550.021(A) Accident Involving Injury or Death,70
GC 040-04 Camping in Park,69
PC 31.03(E)(2)(B) Theft Property <$100 w/Previous ,69
HSC 481.112(C) Man Del CS PG1>=1G<4G,68
PC 38.02(B) Fail ID Giving False/Fic Info 90Z ALL ,68
PC 22.041(C) Aband/End child crim negligence,67
PC 32.45(C)(2)  Misapp Fiduc/Fin Prop>=$100<$750,67
PC 46.04(A) Unl Poss Firearm by Felon 520 WEAPON L,67
PC 22.041 Abandon/Endangering a Child,66
PC 43.02(c)(2) Prostitution w/3rd or more,66
PC 42.01(A)(7)(8) DOC Discharge/Display Firearm 90,66
HSC 481.121(B)(4) Poss Marij >5LBS<=50LBS,66
PC 46.02(c) UNL CARRYING WEAPON ON ALCOHOL PREMISE,65
GC 109 Consume Alcohol Where Prohibited 90G LIQUOR,65
PC 31.03(E)(6)(A)AUTO2015 Theft Property >=$150K<$,63
PC 22.01(A)(3) Assault by Contact,63
PC 21.15 Imp Photo/Visual Rec Arouse/Grat,63
TRC 545.420(D) Racing on Highway,63
PC 33.021 On Line Solicitation of a Minor,63
PC 42.09 Cruelty to Animals,63
PC 22.07 B Terroristic Threat Reaction Emerg Agenc,62
PC 37.08 False Report to Police Officer/Sp Inv/Law,62
PC 43.26 Poss of Child Pornography,62
PC 31.03(E)(5) Theft>=$20k<$100k,62
PC 22.01(B)(1)(3) Assault Family/Household Member ,61
PC 31.04(E)(1) Theft of Service>20 26A FALSE PRETE,61
PC 49.02 Public Intoxication 90E DRUNKENNESS PC 49,61
PC 22.05(A) Deadly Conduct ,61
PC 21.07 Public Lewdness,61
PC 25.07(g)(2)(B) VIOL BOND/PROTECTIVE ORDER/ASSAU,61
PC 42.072(B) Stalking 13C INTIMIDATION 13160014,60
PC 32.315(e)(3) Fraud Poss/Use Credit or Debit Car,60
PC 32.45(C)(3)  Misapp Fiduc/Fin Prop>=$750<$2500,59
PC 42.092(C-1) Cruelty Non-Livestock Animal:Kill/P,59
PC 22.05(A) Deadly Conduct,59
PC 43.02(c)(1) Prostitution w/one/two prev conv,58
PC 31.03 - SHOPLIFTING Theft - Shoplifting 23C SHO,58
PC 42.03 OBSTRUCT HWY/PWY Obstructing Highway/ pas,58
PC 19.02 Murder Under Influen Sudden Pass,58
PC 31.20(c)(1) Theft-Mail<=10 addresses 23H ALL OT,58
PC 33.07(B) Online Impers Email/Messg w/inden,58
PC 22.01 (C)(1) Aslt Against Elderly/Disabled Ind ,58
HSC 481.1161(B)(1) Poss CS PG 2A <= 2OZ,57
PC 22.02(A)(1) Agg Asslt Causes Serious BI,57
PC 31.03  (F) Theft Prop<$2500 2+Conv ENH IAT 23H ,57
PC 22.04(E) Injury Child/Elderly/Disabled  Reckles,56
PC 71.02(b) ENGAGING IN ORGANIZED CRIMINAL ACTIVIT,56
PC 31.03(E)(5)AUTO 2015 Theft>=$30k<$150k 240 MOTO,56
PC 71.02 BMV EOC/Burglary Motor Veh,55
PC 37.08 False Report PO/SP INv/Law Enf Emp,55
PC 31.04(E)(3)  2015 Theft of Service>=$750>$2500 ,55
HSC 481.1123(d) MAN DEL CS PG 1-B >=4G<200G,55
PC 49.07(C) Intoxicated Assault W/Veh SBI,55
PC 71.02  Engaging in Organized Criminal Activity,54
PC 32.315(e)(4) Fraud Poss/Use Credit or Debit Car,54
PC 22.012(b) INDECENT ASSAULT 13B SIMPLE ASSAULT 3,54
GC 088 GC 088 FV Assault by Offensive Contact or T,53
PC 21.18(e) Sexual Coercion,53
PC 71.02A Agg Robbery EOC/Aggravated Robbery 120 R,53
PC 42.072(1) Stalking 13C INTIMIDATION 13160010,53
PC 30.04(D)(2)(A) BURGLARY OF VEHICLE W/2+ CONV IA,53
GC 610 Sell Cigarettes to Minor,53
HSC 365.012(g)(1)  ILLEGAL DUMPING >1000LBS OR >20,53
PC 32.51(C)(2) Fraud Use Poss of ID Info 5<10 26F ,52
GC 134 Public Intoxication - Minor 90E DRUNKENNESS,52
PC 33.02(A) Computer Security Breach 26G Hacking/C,52
PC 31.03 Theft - Purse Snatching,52
HSC 365.012 F Illegal Dumping com/wgt 5<200 lb 90Z,52
TRC 550.024 Duty on Striking Unattended Veh,51
PC 28.08(B)(1) Graffiti Pecuniary Loss <$500,51
PC 20.04(b) Aggravated  Kidnapping with Deadly Wea,51
PC 28.03(b)(5)(A) Criminal Mischief >=$30K<$150K,50
GC 105 Graffiti Ordinance 290 DESTRUCTIVE/DAMAGE/V,50
GC 611 Sell tobacco Product to Minor,49
PC 42.092 Cruelty Animal non-livestock 720 Animal ,49
PC 37.09(D)(1) Tamper Fab Phys Evid W/Int Impair 9,49
PC 32.45(C)(2) 2015 Misapp Fiduc/Fin Prop>=$100<$7,49
PC 20.02A Unlawful Restraint Expose to SBI,49
PC 31.03(E)(6)(A) Theft Property >=$100<$200K,48
PC 31.04(E)(2) Theft of Service>20<500 26A FALSE P,48
GC 085 Theft under $50-also for Theft of service,48
GC 085-07 Theft under $100- pocket picking,48
PC 21.08 Indecent Exposure 90C DISORDERLY CONDUCT ,47
HSC 481.116(C) Poss CS PG 2 >=1G<4G 35A DRUG/NARCO,47
PC 31.03(E)(4)(A) Theft >$1500<$20K  shoplifting,47
PC 38.04(B)(1) Evading Arrest Det w/prev conv,47
PC 25.07(g)(1) VIOL STATE ATTY FILED PROTECTIVE OR,47
HSC 481.113(D) Man Del CS PG 2 or 2A>=4G<400G,46
PC 32.45(C)(3) 2015 Misapp Fiduc/Fin Prop>=$750<$2,46
BBC 641.051(C)(1)(2) Unauthorized Duplication Rec ,46
HSC 481.112(C) Man Del CS PG1>=1G<4G 35A DRUG/NARC,46
PC 30.02(C)(2) Burglary of Habitation 220 BURGLARY,46
HSC 481.112(B) Man Del CS PG1<1G,46
HSC 365.012(G) Illegal Dumping 1000lbs or more 90Z,46
PC 22.01(b)(7) Assault of a Pregnant Person (simpl,45
PC 49.09 DRIVING WHILE INTOXICATED 3RD OR MORE IAT,45
PC 22.07(D) Terroristic Threat Interupt Pub Place,45
PC 32.41(F) Issuance of Bad Check or Similar Sight,45
PC 46.03 Place Weapons Prohibited,45
PC 71.02 BMV EOC/Burglary Motor Veh 23F THEFT FROM,45
PC 46.04(e) UNL POSS FIREARM FAM/HOUSE/COURT ORDER,44
HSC 481.134 1 Poss Marij <=2 OZ Drug Free Zone 35A,44
PC 71.02 AGG ASSAULT EOC/Aggravated Assault,44
GC 019 Dumping,44
PC 43.26(A) Poss Promotion of Child Pornograph,43
PC 31.20(d)(1) Theft-Mail ID Info <=10 addresses I,42
PC 22.041(f) ABNDN/ENDANGR CHLD INDV INT/KNOW/RECK,42
PC 28.08(B)(1) Graffiti Pecuniary Loss <$500 290 D,42
PC 42.074(b) Unlawful disclosure address/telephone,41
PC 22.04(F)A Injury Child/Eld/Disab Reckless BI(Ag,41
PC 37.08(c) FALSE STMNT TO PO/SP INV/LAW ENF EMPL/,41
PC 42.092(c-1) CRUELTY NON-LIVESTK ANIM:KILL/POISO,41
PC 22.01(b)(5) Assault EMS Personnel provide servi,41
PC 32.24 Stealing Recieving Stolen Property/Check ,41
GC 111-02 Open Container-West 7th area,40
HSC 481.134(d) POSSESSION CS PG1/1B<1G DFZ IAT 481,40
PC 22.01(b)(7) Assault of a Pregnant Person 13B SI,39
PC 22.02(A)(2)BI FAMILY Agg Assault w/Dead Weap Ca,38
TRC 521.451  Driver License/ID False,38
PC 32.45(C)(4) 2015 Misapp Fiduc/Fin Prop $2500-30,38
PC 31.03(E)(4)(D) Theft Property <$2500 2/more pre,38
PC 31.18 (C)(2) Theft of Cargo>=$10000<$100k,37
PC 33.07 Online Harrassment 13C INTIMIDATION 00000,37
PC 46.11(a) UNL POSS FIREARM BY FELON IAT WFZ 46.0,37
PC 30.02(C)(1) Burglary of Building,37
GC 514 Graffiti - Private Property 290 DESTRUCTIVE,37
PC 22.11 Harassment of Public Servant 13C INTIMIDA,37
PC 38.06(C) Escape While Arrested/Conf Felony,37
PC 38.06(A) Escape from Custody,37
PC 30.02(C)(2) Burglary of Habitation,37
PC 28.03(F) Crim Misc Dam/Destr Worship/Sch,37
HSC 481.116(B) Poss CS PG 2 <1G 35A DRUG/NARCOTIC ,37
GC 083 Minor in Possession of Alcohol,37
HSC 481.1161(B)(1) Poss CS PG 2A <= 2OZ 35A DRUG/N,37
PC 22.04(F)A Injury Child/Eld/Disab Reckless BI 13,36
PC 22.01(B)(2) Assault Causes BI Fam Vio Enh 13B S,36
PC 32.21 (E) (1) Forgery Financial Inst Elderly,36
PC 37.10(A)1 Tamper W/Govt Record,35
HSC 365.012(f)(2) ILLEGAL DUMPING COMM >5LBS<200LB,35
TRC 521.457(f)(f-1) Driving Whle Lic Invld prev co,35
HSC 365.012(f)(1)  ILLEGAL DUMPING =>500LBS<1000LB,35
PC 31.03(E)(3) Theft property >=$750<$2500 Pocket ,35
PC 32.55(d)(4) FINANCIAL ABUSE ELDERLY >=$2500<$30,34
PC 32.31(D) Credit/Debit Card Abuse Elderly 26B FR,34
PC 32.53(C) Exploit of Child/Elderly/Disabled 90Z ,34
PC 16.02 Unl Int/Use/Disc of Wire/Oral/Elec Comm,34
TRC 550.021(c)(1)(B) Collision  involving serious ,34
PC 22.04(G) Inj Child/Eld/Disab Criminal Negli,34
PC 32.32(C)(4) 2015 False stmt Prop/Cred >=$2500<$,34
PC 37.10(c)(1) Tamper with Government Record,33
TCGR 2.8 (b) Operate Game Room Without a Permit,33
PC 22.04(F)A Injury Child/Eld/Disab Reckless BI,33
GC 105 Graffitti Ordinance,33
PC 22.02(b)(2)(E) AGGRAVATED ASSAULT AGAINST SECUR,33
PC 31.04(E)(5)  2015 Theft of Service>=$30k<$150k,33
GC 104 Fireworks,33
PC 22.07(C)(2) Terroristic Threat Against Pub Serv,33
PC 31.03(e)(2)(A) Theft Property >=$100<$750-from ,33
PC 42.07 C Harassment w/Prev Conv 90Z ALL OTHER OF,33
PC 22.01(b)(7) Assault of a Pregnant Person,33
PC 22.04(E) Injury Child/Eld/Disab Reck SB/Men,32
PC 31.03 Extortion / Blackmail / Theft,32
PC 42.09 Cruelty Animal Livestock,32
PC 31.03 Theft - Purse Snatching 23B PURSE SNATCHI,32
CCP 62.10(B)(2) Sex Off Duty to Reg Life/Annual 90,32
FAIL TO STOP/RENDER AID Acc Inv Injury or Death,31
PC 32.47(e)(1) Fraud/Destroy/Remove/Conceal Price ,31
PC 16.01A Unlawful Use of Criminal Instrument,31
GC 088 Assault by Offensive Contact ,31
HSC 260.0051(b) OPER BOARDING HOUSE W/O COUNTY/MUN,31
PC 22.07(B) Terroristic Threat of Family/Household,31
PC 49.045(B) DWI W/Child Under 15 YOA,30
HSC 481.112(B) Man Del CS PG1<1G 35A DRUG/NARCOTIC,30
PC 32.23 Trademark Counterfeiting,30
PC 25.07G Violation of Prot Order Assault/stalk 13,30
PC 43.03(b) PROMOTE PROSTITUTION,30
PC 38.05(C) Hinder App/Pros Known Felon,30
PC 31.03(E)(4)(F)(3)(A) Theft 1500-20k by Decep El,30
PC 31.03(E)(5) Theft>=$20k<$100k 23H ALL OTHER LAR,30
HSC 365.012(d-1)  ILLEGAL DUMPING LIGHT LIT/WASTE ,30
PC 31.18 (C)(1) Theft of Cargo>=$1500<$10000,30
PC 31.03(E)(4)(A)AUTO2015 Theft Prop>=$2500<$30k,30
TRC 545.401 Reckless Driving TRC Traffic code 5499,29
PC 38.02(A) Failure to ID 90Z ALL OTHER OFFENSES 0,29
PC 25.11(E) Continuous Violence against family 13A,29
TRC 550.021(A) Accident Involving Injury or Death ,29
"PC 32.46(b)(4)  FRAUD SECURING DOC EXEC >=$2,500<$",29
PC 42.092(C-3) Cruelty Animal Non-Livestock,29
ABC 104.01 Lewd Immoral/Indecent Conduct,29
PC 36.061 Obstruct Retaliation 13C INTIMIDATION 13,29
GC 541 Burning in City,29
PC 31.03(e)(3) Theft property>=$750<$2500-from bui,29
PC 43.02(C)(2) Prostitution w/3rd or more 40A PROS,29
PC 20.04 Aggravated Kidnapping,29
PC 36.062 Obstruct Retaliation Harm/Threat 13C INT,29
PC 31.03(E)(2)(B)   Theft Prop<$100 w/Prev Convict,29
PC 47.04 Keeping a Gambling Place 39B OPERATING/PR,28
PC 42.061 Silent Abusive Calls to 911 Serv,28
HSC 481.120(B)(1) Del Marij<=1/4 oz,28
PC 30.05(D) Criminal Trespass Hab/Super Fund 90J T,28
PC 37.08 False Report PO/SP INv/Law Enf Emp 90Z AL,28
PC 22.70 Terroristic Threat,28
PC 38.14(1) Att Take Weapon from Ofcr,27
GC 099-15 Loitering for Purpose of Begging 90Z ALL,27
XXX  35B DRUG EQUIPMENT VIOLATIONS XXX,27
PC 31.18 (C)(4) Theft of Cargo>=$200K,27
PC 31.11(A) Tamper W/ID Numbers Pers Prop,27
PC 32.34(B) Fraud Transfer Mtr. Veh <$20K,27
GC 086 Refusal to Identify - After Arrest 90Z ALL ,27
PC 37.101(A)(1) Fraud Finance Statement Forged,27
TV 111 Open Container/Vehicle TRC Traffic code 000,27
PC 31.20(c)(3) Theft-Mail =>30 addresses,26
PC 31.04(E)(2) Theft of Service>20<500,26
GC 512 Graffitti-Public Place,26
PC 21.15(c) Invasive Visual Recording,26
GC 512 Graffiti - Public Place 290 DESTRUCTIVE/DAM,26
PC 28.03(b)(3)(B) Diverting public utilities,26
PC 42.01(A)(11) Disorderly Conduct - Peeping,26
PC 28.02(D)(2) Arson Habit/Injury/place worship 20,26
HSC 481.114(B) Man Del CS PG 3/4 < 28G,26
HSC 481.118(B) Poss CS PG 4 <28G,26
PC 32.55(d)(5) FINANCIAL ABUSE ELDERLY >=$30K<$150,26
MISC CITY ORDINANCE Misc City Ordinances 90Z ALL O,26
PC 32.51(C)(3) Fraud Use Poss of ID Info 10<50 26F,25
PC 30.05(D) Criminal Trespass Hab/Super Fund,25
PC 31.03(E)(4)(B) Theft from Person/Corpse/Grave 2,25
ABC 104.01 Lewd Immoral/Indecent Conduct 90Z ALL O,25
PC 43.22 Obscene Display/Distribution 370 PORNOGRA,25
PC 25.07 Violation Bond/Condition of Bond/FV 13C I,25
PC 22.041(E) Aband/End child imm danger bi,25
GC 089 Unrestrained Animal,25
PC 28.03(B)(5) 2015 Crim Misc>=$30K<$150k,25
PC 31.04(E)(3) Theft of Service>=500<1500 26A FALS,25
PC 38.05(A) Hinder Apprehension/Prosecution,24
PC 38.11 Prohibited Substance/Correctional Facilit,24
HSC 481.134(f) POSSESSION  MARJIJUANA <2OZ Drug Fr,24
"PC 28.03(B)(4)(D)  Crim IMP/INT PUB SERVICE <$30,0",24
PC 22.01(A)(2) Assault by Threat,24
PC 71.02 BMV EOC/Burglary Motor Veh 90Z ALL OTHER ,24
HSC 365.012(F) Illegal Dumping =>500<1000lbs 90Z A,24
PC 33.021 B Online Solicit Mnr internet/elec,24
PC 22.041(e) ABANDON/ENDANGER CHILD INDV IMMNT DAN,24
PC 37.101(A)(1) Fraud Finance Statement Forged 250,24
PC 47.04 temporary Keeping a gambling place 90Z AL,23
PC 43.02(C)(1) Prostitution w/one/two prev conv 40,23
PC 21.11(d) Indecency with a child exposes,23
PC 16.02 Unlawful Interception/Use/Disc Wire/Oral ,23
TRC 550.024(b)(2) DUTY ON STRIKING UNATTENDED VEHI,23
PC 28.03(3)(B) Crim Misc<$100 Impair Pub Com/Sup 2,23
PC 25.07 Violation Bond/Condition of Bond/FV,23
TOBACCO OFFENSES Tobacco offenses,23
PC 28.03(B)(3)(B) Diverting public utilities(water,22
PC 38.06 Escape,22
HSC 481.115(F) Poss CS PG 1 >=400G,22
PC 46.041(c) UNL POSS METAL OR BODY ARMOR BY FELON,22
HSC 481.120(B)(3) Del Marij>1/4 oz<=5 Lbs 35A DRUG,22
PC 28.02(d) ARSON 200 ARSON 20990010,22
PC 42.06 False Alarm or Report,22
PC 42.092(C-1) Torture/Kill/Poison/SBI  Cruelty to,22
PC 31.03(E)(6)(A) Theft Property >=$100<$200K 23A ,22
TRC 545.421 Fleeing Police Officer TRC Traffic cod,22
PC 47.03 Gambling Promotion,21
HSC 481.117(C) Poss CS PG 3 >=28G<200G,21
PC 22.10 Child Left in a Vehicle,21
TV 075 Littering TRC Traffic code 00000000,21
485.033 Inhale/Para Use/Poss to Inhale 35A DRUG/NA,21
PC 31.04(E)(4) Theft of Service>1500<20k 26A FALSE,21
GC 106-03 Solicitation on Private Property,21
PC 31.03(e)(2)(A) Theft Property >=$100<$750- purs,21
PC 28.08(B)(4) 2015 Graffiti Pecunia Loss>$2500<$3,21
GC 019 Dumping 90Z ALL OTHER OFFENSES 00000000,21
PC 28.03 (3)(B) Crim Misc <$1500 Public Utilities ,21
PC 31.03(E)(4)(D) Theft <$1500 2/More Prev Conv 23,21
PC 42.092(c) CRUELTY NON-LVSTK:FAIL PRV/ABDN/TRNSP,21
PC 31.03 - Gas Theft - Gas Drive Off,21
PC 36.02 Bribery,21
PC 22.07(e) Teroristic Threat Imp Pub/ser fear SBI,20
PC 43.02(c-1) PROSTITUTION/OTHER PAYOR 40C PURCHAS,20
PC 20.03 Kidnapping 100 KIDNAPPING/ABDUCTION 10990,20
PC 33.07(B) Online Impers Email/Messg w/inden 26G ,20
PC 32.45(C)(5)  Misapp Fiduc/Fin Prop>=$30K<$150K,20
PC 22.01(b)(9) ASSAULT OF HOSPITAL PERSONNEL ON HO,20
PC 43.26(A) Poss Promotion of Child Pornograph 370,20
PC 21.08 ,20
PC 28.03(b)(4)(E) CRIM MISCHIEF VEH DAMGE CATALYTI,20
HSC 481.1123(c) MAN DEL CS PG 1-B >=1G<4G,20
PC 32.45(C)(5) Misapp Fiduc/Fin Prop>=$20K<$100K 2,20
PC 32.51  Fraud use of ID(26F nibrs code)   90Z AL,20
PC 49.045 DWI w/Child U/15 YOA,20
PC 20A.02(4) Trafficking Person Engage Conduct/sex,19
PC 49.07 Intoxication Assault,19
PC 31.03 Extortion / Blackmail / Theft 210 EXTORTI,19
PC 22.04(E)A Injury Child/Eld/Disab W/Int SBI/Men ,19
PC 46.03(g) UNL CARRYING WEAPON PROHIBITED PLACES,19
PC 49.08(B) Intoxicated Manslaughter W/Veh,19
PC 42.09(c)  Cruelty to Livestock/Torture/Poison/F,19
PC 21.15 C Imp photo/videa bath/dress room,19
PC 46.03(g-2) UNLAWFUL CARRY WEAPON CERTAIN PROHIB,19
PC 30.04(d)(2)(A) BURGLARY OF VEHICLE W/2+ CONV IA,19
PC 38.05 Hindering Apprehension/Prosecution,19
HSC 481.118(C) Poss CS PG 4 >=28G<200G,19
TRC 521.457 Driving While License Invalid-1st,19
GC 132 Consumption of Alcohol-Minor,18
PC 32.32(C)(5) 2015 False stmt Prop/Cred >=$30K<$1,18
PC 28.02(D) Arson Habit/Worship/Injury 200 ARSON 2,18
PC 32.21 (E) (1) Forgery Financial Inst Elderly 25,18
"PC 32.46(b)(3)  FRAUD SECURING DOC EXEC >=$750<$2,",18
PC 71.02 A Theft EOC/Theft,18
PC 30.05(d)(1) Criminal Trespass 90J TRESPASS OF R,18
PC 32.21 (E-1) Forg Govt/Nat Inst/Mon/Sec Elderly,18
TRC 545.421 Fleeing Police Officer 90Z ALL OTHER O,18
PC 32.57(b) Fraud Sale/Rent/Lease of Residential R,18
PC 43.26(d) Poss Of Child Pornography,18
PC 32.32 False Statement to Obtain Property/Credit,17
PC 43.26(D) 2015 Poss Of Child Pornography 370 POR,17
GC 514 Graffiti - Private Property,17
PC 32.31 Credit Card or Debit Card Abuse,17
PC 22.01(B)(1)(2) Assault w/Prev Conv,17
PC 22.07(c-1)  Terroristic Threat against Peace Of,17
CCP 62.10(C) Sex Off Duty to Reg W/Prev Conv 90Z A,17
PC 47.03 Gambling-Promotion,17
PC 31.03(E)(6)(A)  2015 Theft Property >=$150K<$30,17
HSC 481.116(E) Poss CS PG 2 >=400G,17
PC 22.01(A)(2)FV Assault by threat Family Member,17
PC 71.02 Burglary EOC/Burglary,17
PC 33.07(A) Online Impers name/PersonaCreat pg 26G,17
PC 47.06 Poss Gambling Device/Equip/Paraph,17
TCGR 2.8 (b) Operate Game Room Without a Permit TC,17
PC 42.092(C-3) Cruelty Animal Non-Livestock 720 An,17
CCP 62 Fail to Register as Sex Offender 90Z ALL OT,17
PC 22.041(C) Aband/End child crim negligence 90F F,17
PC 37.10 Tampering with a Govt Record,16
PC 30.04 Burglary Rail Car,16
GC 610 Sell Cigarettes to Minor 90Z ALL OTHER OFFE,16
PC 31.11(A) Tamper W/ID Numbers Pers Prop 90Z ALL ,16
HSC 481.112(F) Man Del CS PG1>=400G,16
PC 33.02(B) 2015 Computer Security Breach 26G Hack,16
PC 31.03(E)(6)(B)  Theft Property <$300K ATM,16
PC 31.18 (C)(3) Theft of Cargo>=$100k<$200K,16
PC 31.03(E)(2)(A) Theft>$20<$500 By Check 23H ALL ,16
PC 42.06(A) False Alarm or Report 90Z ALL OTHER OF,16
TRC 550.021(C)(1)(A) Collision  involving Death,16
PC 22.01(A)(1) Assault with Bodily Injury 13B SIMP,16
PC 22.041(B) Aband/End child w/intent to ret,16
PC 30.04(D)(2)(A) Burg Vehicle w/prev 2 or more Co,16
PC 550.025 (A) Duty Strike Fix/Hwy Landscapt>=200,16
GC 541 Burning in the City 90Z ALL OTHER OFFENSES ,16
PC 31.03(E)(4)(A)  2015 Theft Prop>=$2500<$30k,16
GC 078-01 Leaving child in car,16
GC 106-03 Solicitation on Private Property 90Z ALL,16
HSC 483.045 Forge/Alter Prescription,16
PC 28.02(A) Arson Building/Veh only 90Z ALL OTHER ,16
"PC 28.03(4)(B,C) Crim Misc<$1500 Dam Hab/Animal 29",16
GC 109-05 Consume Alcohol 1000 Ft Shelter,16
GC 134 Public Intoxication - Minor,16
PC 32.41 Bad Check Issuance,16
PC 16.01 Unlawful Use of a Criminal Instrument,15
GC 012-03 Spectating at a street race or reckless ,15
GC 089 Unrestrained Animal 90Z ALL OTHER OFFENSES ,15
TRC 545.401 Reckless Driving 90Z ALL OTHER OFFENSE,15
PC 32.34(F)(1) 2015 Fraud Transfer Mtr. Veh <$30K,15
PC 71.02  Engaging in Organized Criminal Activity ,15
PC 32.45(C)(5) 2015 Misapp Fiduc/Fin Prop>=$30K<$1,15
PC 22.041(d)(1) ABANDON/ENDANGER CHILD INDV W/INTE,15
PC 19.02 nibrs Murder-Justifiable homicide,15
PC 31.03(f) THEFT MATER ALUM/BRNZ/CPPR/BRSS <$20K ,15
PC 31.03 - BUILDING Theft from an Open Building (N,15
PC 31.04(E)(3) Theft of Service>=500<1500,15
PC 22.04(E) Injury Child/Eld/Disab Reck SB/Men 13B,15
TABC 104.01 Sol of alcoholic beverage by employee,15
PC 31.03(f) Theft Prop >=$100<$750 ENH IAT 23H ALL,15
PC 38.02 Failure to Identify 90Z ALL OTHER OFFENSE,15
PC 42.0621 Interfer W/Emerg Call W/Prev Conv 90Z A,14
PC 31.17(C) Theft Acquisition Financial Info,14
PC 42.06(b) False Alarm or Report  Emergency-Felon,14
BBC 641.051(C)(3) Unauth Duplication Rec <=100 250,14
PC 22.02(3)(B)(1) Assault Causes BI Date/Fam/House,14
PC 42.03(d) OBSTRUCT HWY PSGWAY RECK DRIVE,14
PC 19.04 Manslaughter,14
PC 22.01(A)(1)(B)1(C)(D) Assault Security Officer ,14
PC 43.22 Obscene Display/Distribution,14
GC 085-07 Theft under $100- Purse snatching,14
PC 32.21 ,14
PC 46.05 E Prohib Weapon 520 WEAPON LAW VIOLATIONS,14
PC 22.01(B)(5) Assault EMS Personnel provide servi,14
PC 33.07(C) Online Impers w/Ident info solici,14
PC 33.02(B-2)(4) 2015 Comp Sec Breach >=$2500<$30K,14
TRC 550.021(C)(1)(B) Accident involving SBI,14
HSC 481.120(B)(1) Del Marij<=1/4 oz 35A DRUG/NARCO,14
PC 38.04(b)(2)(B) Evading Arrest Det Casue SBI,14
PC 20.02(c)(2)(A) Unlawful Restraint :Expose to SB,14
HSC 365.012(G) Illegal Dumping com=> 200LB or more,14
PC 28.03(B)(4)(D) 2015 Crim IMP/INT PUB SERVICE <$,14
PC 32.16(C)(1) Organized Retail Theft,14
PC 31.03(E)(4)(D) Theft <$1500 2/More Prev Conv,14
PC 33.021(B)(C) Online Solicit Minor Under 14 YOA ,13
PC 25.06 Harboring Runaway Child,13
GC 30.07 Soliciting without a permit,13
PC 32.55(d)(3) FINANCIAL ABUSE ELDERLY >=$750<$250,13
EDC 37.125(c) Threaten Exhibit/Use Firearm School/,13
PC 31.03(e)(7) Auto Theft Property >= $300K,13
GC 512 Graffiti - Public Place,13
PC 42.06(B) False Alarm or Rpt Emergency 90Z ALL O,13
PC 22.02(b)(3) AGG ASSLT MV DISCH FRARM RKLS HAB/B,13
PC 19.03(A)(2) Capital Murder Felony,13
PC 20.04(4)(C) Agg Kidnapping BI/Sex Abuse,13
PC 42.092 Cruelty Animal non-livestock,13
PC 19.02(B)(1)-ATTEMPT Criminal Attempt Murder 13A,13
PC 46.035 Unlawful Carry/Handgun by License Holder,13
PC 22.02(b)(3) Aggravated Assault Motor Vehicle ca,13
PC 33.02(B-2)(3) 2015 Comp Sec Breach >=$750<$2500,13
PC 28.03(b)(5)(C) CRIMINAL MISCHIEF CAUSES IMPAIR/,13
PC 32.51(C)(4) Fraud Use Poss of ID Info 50+ victi,13
PC 28.03 (3)(B) Crim Misc <$1500 Public Utilities,13
PC 33.021(C) Online Solicit Minor Meet w/intSex,13
PC 37.10(A)2 Tamper W/Govt Record Defraud/Harm 26A,13
TRC 521.457 Driving While License Invalid-1st 90Z ,12
PC 49.08(B) Intoxicated Manslaughter W/Vehicle,12
PC 31.04(E)(4) Theft of Service>1500<20k,12
PC 43.26(E) Poss Promotion of Child Pornograph,12
HSC 481.115(F) Poss CS PG 1 >=400G 35A DRUG/NARCOT,12
PC 43.26(D) 2015 Poss Of Child Pornography,12
HSC 481.112(E) Man Del CS PG1>=200G<400G,12
PC 32.46(b)(2) FRAUD SECURING DOC EXEC >=$100<$750,12
GC 133 Misrepresentation of Age - Minor 90G LIQUOR,12
PC 38.14 Taking or Attempting to Take Weapon PO,12
TRC 545.420(D) Racing on Highway 90Z ALL OTHER OFF,12
PC 31.03(E)(4)(A)  2015 Theft Prop>=$2500<$30k    ,12
PC 22.02(B)(2)(B) Agg Assault against Pub Servant ,12
PC 38.05(C) Hinder App/Pros Known Felon 90Z ALL OT,12
TCGR 3.2 (d) Game Room Sign Required,12
PC 28.02 (F) Arson Reckless Damage Building/Reckle,12
PC 32.55(d)(6) FINANCIAL ABUSE ELDERLY >=$150K,12
PC 32.47(c) Fraud Destroy Removal Concealment Writ,12
"PC 22.02(3)(A,B) Assault by/agst Pub Serv w/weapon",12
PC 49.09 DRIVING WHILE INTOXICATED 3RD OR MORE  90,11
PC 37.10(c)(1) Tamper with Government Record Defra,11
PC 31.18 (C)(1) Theft of Cargo>=$1500<$10000 23H A,11
PC 33.021(c) Online Solicit of Minor Sexual Conduc,11
HSC 481.112(f) MANUFACTURE/DELIVERY CONTROLLED SUB,11
PC 28.03(B)(2) 2015 Crim Misc>=$100<$750          ,11
"PC 46.05(A)(5,6)PC Prohib Weap switchblade/knuckle",11
HSC 481.114(B) Man Del CS PG 3/4 < 28G 35A DRUG/NA,11
PC 37.10 Tamper W/Govt Rec W/Int Make Genui,11
PC 28.03(B)(5) 2015 Crim Misc>=$30K<$150k 290 DEST,11
PC 71.02 Organized Criminal Activity,11
TCGR 3.9 (f) Distance Regulation Violation (Game R,11
PC 49.021 Public Intoxication w/3 prior cv,11
PC 19.06(A)(7) Capital Murder of multiple persons,11
PC 31.03(E)(2)(A)  2015 Theft Prop>=$100<$750     ,11
PC 49.08 Intoxication Manslaughter,11
PC 21.15(C) Imp Photo/Visual recording 370 PORNOGR,11
PC 33.02(B-2)(2) 2015 Comp Sec Breach >=100<$750,11
PC 42.01(A)(11) Disorderly Conduct-Peeping or Wind,11
PC 37.10(A)2 Tamper W/Govt Record Defraud/Harm,11
PC 32.51  Fraud use of ID(26F nibrs code)  ,11
PC 42.01 Disorderly Conduct,11
RACING Racing on Highway,11
HSC 481.118(B) Poss CS PG 4 <28G 35A DRUG/NARCOTIC,11
HSC 481.112(E) Man Del CS PG1>=200G<400G 35A DRUG/,11
PC 32.51 ,10
PC 33.07 (C) Online Harrass w/Idnet Info solems 26,10
PC 28.02 (f) Arson Reckless Damage Building/Reckle,10
PC 25.01(e) Bigamy,10
PC 22.01(A)(3) Assault Against Eldeer/Disable Ind ,10
PC 30.05(d)(3)(C) Criminal Trespass with Deadly We,10
HSC 365.012(g)(2) ILLEGAL DUMPING COMM >200LBS OR ,10
HSC 481.120(B)(4) Del Marij>5Lbs<=50 Lbs,10
PC 32.21 (E-1) Forg Govt/Nat Inst/Mon/Sec Elderly ,10
PC 28.08(B)(2) Graffiti Pecuniary Loss <$1500 290 ,10
PC 71.02A Robbery EOC/Robbery,10
PC 49.021 Public Intoxication w/3 prior cv 90E DRU,10
PC 31.03(E)(4)(B) Theft from Person/Corpse/Grave,10
PC 38.03 Resisting Arrest/Search/Transportation 90,10
PC 19.03(A)(2) Capital Murder Felony 09A MURDER & ,10
485.033 Inhale/Para Use/Poss to Inhale,10
GC 991 17 Parks/Sign/Alc Beverage Possess,10
GC 611 Sell tobacco Product to Minor 90Z ALL OTHER,10
PC 31.16(C)(3)  2015 Organized Retail Theft>=750<2,10
OC 1956.040(c) Sell Stolen Regulated Materials,10
PC 32.47(A) Fraud Des Remov Conceal Writ,10
PC 20A.03(E) Trafficking of persons Continuous,10
PC 71.02 Assault(class A) EOC/Assault (Class A Mis,10
PC 28.02(D)(2) Arson Habit/Injury/Place Worship,10
CCP 62.203 FAIL TO COMPLY SEX OFFENDERS DUTY TO RE,10
PC 43.262(c) Poss/Pomote Lewd Visual Material Depi,10
PC 21.15 C Imp photo/videa bath/dress room 370 POR,10
OC 1702.3875 Impersonate Security Guard,10
PC 22.01(B)(1)(2) Assault w/Prev Conv 13B SIMPLE A,10
PC 43.26(d)(2)(B) POSS CHILD PORNOGRAPHY >=50 DEPI,10
GC 086 Refusal to Identify - After Arrest,10
PC 37.10(c)(2)(A) Tamper w/Govern RCD LIC/SEAL Def,10
ABC 22.11 Consume on Premises Prohibited,10
PC 21.08(b)(1)  INDECENT EXPOSURE W/PREV CONV IAT,10
GC 133 Misrepresentation of Age - Minor,10
HSC 481.113(D) Man Del CS PG2A>=4G<400G 35A DRUG/N,10
HSC 481.121(B)(4) Poss Marij >5LBS<=50LBS 35A DRUG,10
PC 71.02 Deadly Conduct EOC/Deadly Conduct,10
PC 38.04 Evading Arrest or Detention 90Z ALL OTHER,10
PC 31.03(E)(2)(A) Theft>$20<$500 By Check,9
GC 181 Water Safety - No Life Preserver 90Z ALL OT,9
PC 37.10(c)(1) Tamper with government records with,9
PC 33.021(b) Online Solicit of Minor,9
PC 42.09(c) Cruelty to Livestk/FAIL PRV/ABDN/TRNSP,9
HSC 481.134(C)1 Poss CS PG 2 >=1G Drug Free Zone 3,9
PC 32.47(e)(3) Fraud/Destroy/Remove/Conc price tag,9
PC 32.32(C)(3) 2015 False stmt Prop/Cred >=$750<$2,9
PC 31.03 (f) Theft From Person EHN,9
PC 22.01(B)(3) Assault Against Pers Contract W/Gov,9
PC 38.11 (G) Prohibited Sub/Item in Corr Facility ,9
PC 28.03(F) Crim Misc Dam/Destr Worship/Sch 290 DE,9
PC 37.10(c)(6) TAMPER W/GOVT RECORD TEMP VEH TAG,9
PC 38.06(C) Escape While Arrested/Conf Felony 90Z ,9
TRC 521.457 PRIOR Driving while Lic Invalid Prior ,9
PC 30.05 Criminal Trespass 90J TRESPASS OF REAL PR,9
HSC 481.112(F) Man Del CS PG1>=400G 35A DRUG/NARCO,9
PC 25.11(e) Continuous Violence against family 13A,9
PC 32.31 Credit Card or Debit Card Abuse 26B FRAUD,9
GC 099-15 Loitering for the purpose of begging,9
"PC 46.05(A)(1-4,7-9) Prohibited Weapon 520 WEAPON ",9
PC 31.03(f) THEFT PROP >=$30K<$150K ENH IAT,9
GC 018 Health and Sanitation,9
HSC 483.045 Forge/Alter Prescription 35A DRUG/NARC,9
PC 19.03(a)(2) Capital Murder by Terror Threat/oth,9
GC 113 Smoking Where Prohibited 90Z ALL OTHER OFFE,9
PC 22.01(b-2) Assault Peace Officer/Judge 13B SIMP,9
PC 21.15(c) INVASIVE VISUAL RECORDING BATH/DRESS R,9
PC 16.01E Unlawful Use of Criminal Instrument,9
PC 22.041(B)A Aband/End child w/o int to ret,9
HSC 485.033 Inhalant Para Use/Poss To Inhale 35B D,9
HSC 481.1151(B)(1) Poss CS PG 1A <20AU,9
PC 43.26(E) Poss Promotion of Child Pornograph 370,9
TCGR 3.5 (d) Hours of Operation Violation (Game Ro,9
PC 42.09 Cruelty Animal Livestock 720 Animal Cruel,9
PC 20A.02(3) Trafficking person Eng Cond/Sexual,9
TCGR 3.4 (g) Transparent and Uncovered Windows and,9
PC32.42(D) Decptive Trade Practice,9
PC 25.11 ,9
PC 32.55(d)(2) FINANCIAL ABUSE ELDERLY >=$100<$750,9
PC 28.02(D)(2) Arson Habit/Injury/place worship,9
TRC 521.457B Driving Whle Lic Invld-DWI susp 90Z A,9
PC 42.01(A)(11) Disorderly Conduct -Peeping 90H PE,9
PC 22.11 Harassment by Person Corr/Deten 13C INTIM,9
GC 104 Fireworks 90Z ALL OTHER OFFENSES 00000000,9
PC 31.03(e)(5)(C) Theft Of Controlled Substance <$,9
PC 46.05E Prohib Weapon Knuckles 520 WEAPON LAW VI,9
GC 084 temp Possession of Drug Paraphernalia-temp ,9
HSC 365.012(D-1) Ill Dump Light Lit/waste<500lbs o,8
GC 625 Minor in Possession of Tobacco,8
PC 22.11(B) Harassment by Person in Corr/Deten,8
PC 29.03 Aggravated Robbery 120 ROBBERY PC 29.03,8
HSC 481.1123(b) MAN DEL CS PG 1-B <1G,8
PC 22.11 Harassment by Person Corr/Deten,8
PC 30.04 Burglary Rail Car 23H ALL OTHER LARCENY 2,8
PC 28.03(3)(B) Crim Misc<$100 Impair Pub Com/Sup,8
PC 37.10(D)1 Tamper W/Govt Rcd Lic/Seal Defraud,8
PC 31.03(E)(5)(A) Theft cattle/horse/exotic LS<$30,8
PC 22.07 (C)(2) Terroristic Threat Against Pub Ser,8
PC 49.045 DWI w/Child U/15 YOA 90D DRIVING UNDER T,8
HSC 481.134 (D) Poss CS PG 2 <1G Drug Free Zone,8
PC 32.21(c) Forgery to defraud or harm another,8
EDC 37.123 Disrupt Act Priv/Pub Sch 90C DISORDERLY,8
GC 082 Gambling,8
PC 31.03(E)(3) Theft Property >=$750<$2500 Purse S,8
PC 28.03(b)(6)   CRIMINAL MISCHIEF >=$150K<$300K,8
PC 29.03 Aggravated Robbery,8
PC 32.32(C)(2) 2015 False stmt Prop/Cred >=$100<$7,8
TRC 501.155(b) False Name Info/Forgery Vehicle Reg,8
HSC 481.134(e) POSS CS PG3 <28G DFZ IAT 481.117,8
PC 28.07 Interference with Railroad Property,8
PC 22.02(B) Agg Asslt By/Agst Pub Ser/Wit/Info,8
ABC 106.07 Misrepresent Age by a Minor 90G LIQUOR ,8
PC 49.07 Intoxicated Assault W/Veh SBI 90D DRIVING,8
PC 43.24(D) Sell Distb Disp Harm Materal/Minor,8
PC 43.02(C) Prostitution                      4004,8
HSC 483.042 Del Offer Del Dangerous Drug,8
PC 71.02 Burglary EOC/Burglary 220 BURGLARY/BREAKI,8
PC 43.24 Sell/Distrib/Display Harmful Mat to Minor,8
PC 28.03(b)(3)(B) Diverting public utilities 290 D,8
PC 30.04(d)(2)(B) Burglary of Vehicles Rail Car,8
PC 20A.02 Trafficking of Person 64A HUMAN TRAFFICK,8
PC 28.08(D) Graffiti Worship Bur/Pub Mon/Sch,7
XXX  23G THEFT OF MOTOR VEHICLE PARTS OR ACCESSORI,7
"TRC 503.067(a) Unauthorized reproduction, purchase",7
PC 46.14(b) FIREARM SMUGGLING,7
HSC 481.117(C) Poss CS PG 3 >=28G<200G 35A DRUG/NA,7
TV 049 Leaving Scene of Accident<$200 Damage 90Z A,7
HSC 481.1123(e) MAN DEL CS PG 1-B >=200<400G,7
GC 083 Minor in Possession of Alcohol 90G LIQUOR L,7
CCP 62.10(B)(3) Sex Off Duty to Reg Life/90 Day 90,7
CCP 62.10(B)(1) Sex Off Duty to Reg 10yrs 90Z ALL ,7
PC 22.02(b)(1)(B) Agg Assault w/Weapon Brain Injur,7
PC 19.03(A)(8) Capital Murder of per under 10YOA,7
PC 21.165(c) UNLAW PROD/DISTR DEEP FAKE SEX EXPLIC,7
PC 28.03(B)(5) Crim Misc>$20K<$100K,7
WC 7.145 Intentional/Knowing unauth discharge wast,7
PC 32.45(C)(7) Misapp Fiduc Fin Prop >=$300K,7
PC 31.21(d) UNAUTH POSS CATALYTIC CONVERTER,7
PC 32.22 Criminal Simulation,7
PC 15.02 Criminal Conspiracy,7
PC 49.045(B) DWI W/Child Under 15 YOA 90D DRIVING ,7
GC 624 Minor in Possession of Cigarettes,7
PC 32.51 Fraudulent Use/Poss of Id Information 26F,7
PC 22.01(B)(2)(B) Aslt BI Fam Mem Strangl/impe brt,7
PC 22.02 (3)(C) Assault Causes BI Retaliation w/we,7
PC 22.041(B) Aband/End child w/intent to ret 90F F,7
PC 31.03(E)(4)(A) 2015 Theft <10 head livestock <$,7
PC 16.01B Unlawful Use of Criminal Instrument,7
PC 33.021(B)(C) Online Solicit Minor Under 14 YOA,7
TCGR 3.7 (e) Recordkeeping violation (Game Room),7
PC 20.04(1)(C) Agg Kidnapping Ransom/Reward,7
PC 22.09 Tamper W/Consumer Product 290 DESTRUCTIVE,7
TCGR 3.2 (d) Game Room Sign Required TCGR Tarrant ,7
PC 32.42 Deceptive Business Practices,7
PC 22.02(a)(1)  Aggravated Assault causes bodily i,7
PC 22.02 Aggravated Assault 13A AGGRAVATED ASSAULT,7
PC 32.45(C)(6) Misapp Fiduc/Fin Prop>=$150K<$300K,7
PC 42.09(c) Cruelty to Livestock/FAIL PRV/ABDN/TRN,7
PC 47.03 Gambling Promotion 39B OPERATING/PROMOTIN,7
"PC 28.03(4)(B,C) Crim Misc<$1500 Dam Hab/Animal",7
HSC 481.113(e) Man/Delivery CS PG 2 or 2-A>=400G,7
HSC 481.133(A) False Drug Test Falsification Devi,7
TRC 550.021(C)(1)(A) Accident involving Death,7
PC 42.0621 Interfer W/Emerg Call W/Prev Conv,7
GC 121 Theft Under $50-gas,7
HSC 481.115(E) Poss CS PG 1 >=200G<400G,7
PC 22.07 E Teroristic Threat Imp Pub/ser fear SBI/,7
HSC 81.212(c) Evading/resist app Transp Prtect cus,7
PC 22.041(E) Aband/End child imm danger bi 90F FAM,6
PC 32.34(B) Fraud Transfer Mtr. Veh <$20K 26A FALS,6
PC 22.04(G) Inj Child/Eld/Disab Criminal Negli 13B,6
PC 32.21(e-2) Forgery Financial Instr<$100 ENH IAT,6
PC 20A.02 Trafficing of Persons,6
PC 19.03 Capital Murder Peace Ofcr/Fireman,6
PC 43.02 ,6
PC 38.03(D) Resisting Arr/Search/Transport/DW,6
NRC 85.389(A) Tamp w/Oil/Gas Rigs w/o Writ Auth,6
PC 20A.02 Trafficking of Person,6
PC 31.17 (C) Theft Transfer Financial Info,6
PC 38.06(A) Escape from Custody 90Z ALL OTHER OFFE,6
HSC 481.134(C) Poss CS PG 1 >1G Drug Free Zone,6
PC 22.01(A)(2) Assault by Threat 13C INTIMIDATION ,6
PC 32.46(b)(5) FRAUD SECURING DOC EXEC >=$30K<$150,6
PC 42.061 Silent Abusive Calls to 911 Serv 90Z ALL,6
PC 19.02 Murder Under Influen Sudden Pass 09A MURD,6
PC 20.02 ,6
PC 49.02 ,6
PC 20.04(a)(4) Aggravated Kidnapping Sexual Abuse,6
PC 30.03 Burglary of Coin Op Machine/Coin Collect,6
PC 25.07(G)(2) Violation of Bond/Prot Order Aslt/S,6
PC 30.04 Burglary of Vehicle 23G THEFT OF MOTOR VE,6
PC 43.26(G) 2015 Poss W/Int to prmote child Pornog,6
PC 20.04(a)(4) Aggravated Kidnapping Bodily Injury,6
PC 37.10(D)2 Tamper W/Govt Rcd Lic/Seal/Cer/Per,6
PC 42.062 INTERFERENCE  W/EMER REQ FOR ASSIST W/PR,6
PC 33.07(C) Online Impers w/Ident info solici 13C ,6
HSC 481.134(D) Poss CS PG 1 <1G Drug Free Zone,6
PC 550.025 (A) Duty Strike Fix/Hwy Landscapt>=200 ,6
PC 38.06(D) Escape Cause Bodily Inj,6
PC 49.07(C) Intoxicated Assault W/Veh SBI 90D DRIV,6
HSC 482.002(A)(1) Unl Del Man W/Int Simulated CS,6
PC 32.21(d) Forgery Financial Instrument,6
PC 31.11 Tampering with Identification Numbers,6
PC 25.07(g)(2)(A) VIOL BOND/PROTECTIVE ORDER 2+ PR,6
HSC 481.113(C) Man Del CS PG2A>=1G<4G,6
PC 42.062 ,6
PC 30.04(A) Burglary Vehicle 23F 23F THEFT FROM MO,6
PC 32.23(E)(2) Trademark Counterfeiting>=20<500,6
PC 22.05(A) weapon point Deadly Conduct 13C INTIMI,6
PC 19.04(b) Manslaughter,6
PC 46.035(g) Unl Carry Handgun Lic Holder,6
PC 22.10 Child Left in a Vehicle 13B SIMPLE ASSAUL,6
PC 20.04(b) Agg Kidnapping with Deadly Weapon,6
PC 32.45(C)(4) Misapp Fiduc/Fin Prop $1500-20K,6
TRC 550.021(C)(1)(B) Accident involving SBI 90Z AL,6
GC 082 Gambling 39A BETTING AND WAGERING 00000000,6
PC 20.04(b) Aggravated Kidnapping with Deadly weap,6
PC 31.03 - Gas Theft - Gas Drive Off 26A FALSE PRE,6
MISSING PERSONS Missing Persons,6
PC 20.04(3)(C) Agg Kidnapping Facilitate,6
PC 32.34 Fraudulent Transfer of Motor Vehicle,6
PC 37.11 Impersonate Public Servant 26C IMPERSONAT,6
PC 22.02(B)(2)(C) Agg Assault in Retaliation,6
PC 31.16(b)(1) ORGANIZED RETAIL THEFT >=$100<$750,6
PC 16.06 Unlawful Installation of Tracking Device ,6
PC 32.51(c-1) Fraud use/Poss Ident Info # items 5<,6
PC 38.05(A) Hinder Apprehension/Prosecution 90Z AL,6
HSC 485.031 Poss/use inhale/ingest volatile Ch 35A,6
PC 22.04(F) Own/Oper/Emp Group/Nurse w/int BI,6
HSC 481.118(D) Poss CS PG 4 >=200G<400G 35A DRUG/N,6
GC 105 Graffiti Ordinance,6
PC 43.02(C)(1) Prostitution w/one/two prev conv,6
HSC 481.1123(f) MAN DEL CS PG 1-B >=400G,6
TV 050 Accident:Failure to ID,5
HSC 481.114(C) Man Del CS PG 3/4>=28G<200G,5
PC 42.03 Obstructing a Highway/Passageway,5
PC 46.041 Body Armor/Metal-Poss by Felon,5
PC 22.02(b)(2)(D) Aggravated Assault against Secur,5
PC 42.01(A)(11) Disorderly Conduct -Peeping,5
PC 25.071 Violation of a Prot/Ord Where Bias/Preju,5
PC 32.51(C)(4) Fraud Use Poss of ID Info 50+ 26F I,5
PC 31.03(E)(7) Theft >=$200k,5
PC 31.20(e) Theft-Mail ID INFO <= 10 addresses ENH,5
HSC 481.121(B)(5) Poss Marij >50LBS<=2000LBS,5
HSC 481.123(D) Man Del CS PG 2>=4G<400G Analogue 3,5
PC 37.082(c) FALSE STMNT TO PO/SP INV/LAW ENF EMPL,5
PC 28.02(D)(2) Arson Habit/Injury/Place Worship 20,5
PC 31.03(E)(3)  2015 Theft prop>=$750<$2500       ,5
ABC 101.62 Offensive Noice on Premises 90Z ALL OTH,5
PC 46.08(b) HOAX BOMBS,5
PC 31.16(C)(2)  2015 Organized Retail Theft>=100<7,5
PC 37.10(D)2 Tamper W/Govt Rcd Lic/Seal/Cer/Per 26,5
GC 132 Consumption of Alcohol - Minor 90G LIQUOR L,5
"PC 25.01 Bigamy 90F FAMILY OFFENSES , NONVIOLENT 3",5
PC 12.43(c) Public Intoxication w/3 prior convicti,5
TRC 550.025(A) Duty Strike Struct/Fix/Hwy/Land 90Z,5
PC 32.34(F)(2) 2015 Fraud Transfer Mtr. Veh>=$30K<,5
PC 38.14(2) Att Take Weapon from Ofcr,5
PC 19.04 Manslaughter 09B MANSLAUGHTER BY NEGLIENC,5
PC 22.011 Sexual Assault,5
PC 22.02(B)(4) Agg Assault Against Security Office,5
PC 32.51(c-1) Fraud use/Poss Ident Info # Items 10,5
PC 71.02(A) Engage Org Crim Activity 90Z ALL OTHER,5
PC 31.03(f) THEFT PROPERTY <$100 ENH IAT,5
PC 37.08 False Report to Peace Officer or LE Emplo,5
PC 22.02(B) Agg Asslt By/Agst Pub Ser/Wit/Info 13A,5
GC 424.051(b) Damage/Destroy Critical Infrastructu,5
PC 43.02(C) Prostitution,5
PC 21.08(b)(2) INDECENT EXPOSURE 2 OR MORE PREV CO,5
PC 22.01(b)(7) Assault of Pregnant Person (Aggrava,5
ABC 106.06 Purchase Furnish Alcohol to minor,5
HSC 481.115(e) POSS CS PG 1/1-B >=200G<400G,5
PC 21.15 Improper Photography or Visual Recording,5
PC 31.03(E)(2)(B)(1) Theft<$50 W/Prev Conviction 2,5
TCGR 3.6 (d) Display of Game Room Permit,5
GC 113 Smoking where prohibited,5
PC 31.03 (F) Theft From Person EHN,5
PC 49.08(B) Intoxicated Manslaughter W/Veh 90D DRI,5
PC 28.03(B)(5) Crim Misc>$20K<$100K 290 DESTRUCTIV,5
HSC 481.129(A) Fraud Poss CS/Prescr Sch III/IV 35A,5
"PC 32.45(d) MISAPP FIDUC/FINAN PROP >=$2,500<$30K ",5
HSC 481.116(E) Poss CS PG 2 >=400G 35A DRUG/NARCOT,5
PC 31.16(d)(2) Organized Retail Theft >=$100<$750,5
GC 121 Theft Under $50-gas 26A FALSE PRETENSE/SWIN,5
PC 31.04 Theft of Service or Rental agreement 26A ,5
ABC 11.01 Sale of Liquor Permit Required,5
PC 37.10(D)3 Tamper W/Govt Rec Ins Doc-Defr/Har,5
Not an offense not an offense,5
EDC 37.125(b) Threat Exhbt/use firearm school/bus ,5
PC 32.23(E)(3) 2015 Trademark Counterfeiting>=750<,5
PC 38.04(B)(1)(A) Evading Arrest Detention Prev Co,5
PC 33.02(B)(1)(2) Comp Sec Bre Govt/Inst comp or 2,5
ABC 24.09 Open Contain Proh Wine Pack Store,5
GC 193 03 Water Safety - Fire Extinguisher 90Z ALL,5
PC 28.03(h)   CRIMINAL MISCHIEF >=$750<$30K DESTRO,5
PC 31.03 - PERSON Theft - From Person 23A POCKET P,5
PC 71.02A Robbery EOC/Robbery 120 ROBBERY 73991005,5
HSC 485.031 Poss/use inhale/ingest volatile Ch,5
HSC481.115(f) POSS CS PG 1/1-B >=400G,5
PC 49.04 ,5
HSC 481.134(D) Poss CS PG 1 <1G Drug Free Zone 35A,5
PC 15.02 Criminal Conspiracy 90Z ALL OTHER OFFENSE,5
PC 43.02(C)(2) Prostitution w/3rd or more,5
PC 32.45(C)(6) Misapp Fiduc/Fin Prop>=$100K<$200K ,5
PC 28.02(d)(1) ARSON CAUSING BODILY INJURY/DEATH I,5
PC 31.03(f) Theft Prop >=$100<$750 ENH IAT,5
PC 37.12 False ID as Police Ofcr,5
HSC 481.118(D) Poss CS PG 4 >=200G<400G,4
PC 42.07 ,4
PC 42.072 B Stalking W/Prev Conv,4
TRC 550.021(C)(1) Accident involving SBI/Death 90Z,4
PC 36.02 Bribery 510 BRIBERY 51990018,4
HSC 481.134(d) POSS MARJ 4OZ<5LB DFZ IAT 481.121,4
HSC 481.113(E) Man Del CS PG2A>=400G 35A DRUG/NARC,4
PC 31.12 Theft of/or tamper w/video 2+conn,4
PC 42.072(1) Stalking,4
PC 31.17(C) Theft Acquisition Financial Info 26A F,4
PC 20.02A Unlawful Restraint Expose to SBI 100 KID,4
PC 21.09(b) Bestiality,4
PC 43.02(c-1)(2) PROSTITUTION/OTHER PAYOR PERSON U,4
HSC 43.021(b) SOLICITATION OF PROSTITUTION/OTHER P,4
HSC 481.120(B)(4) Del Marij>5Lbs<=50 Lbs 35A DRUG/,4
PC 37.101(A)(2)(3) Fraud Fin Statement False/Groun,4
PC 43.03 Promote Prostitution 40B ASSISTING/PROMOT,4
HSC 481.141(b) Man/Del CS Cause Death or SBI IAT,4
PC 32.32(C)(6) 2015 False stmt Prop/Cred >=$150<$3,4
PC 20.02B Unlawful Restraint Less Than 17Yrs Age,4
PC 28.08(D) 2015 Graffiti Worship Bur/Pub Mon/Sch,4
PC 47.02 Gambling 39A BETTING AND WAGERING PC 47.0,4
PC 22.09 Tamper W/Consumer Product,4
PC 39.02(B) 2015 Abuse of official capacity,4
TRC 550.024 Duty on Striking Unattended Veh TRC Tr,4
HSC 481.115(E) Poss CS PG 1 >=200G<400G 35A DRUG/N,4
GC 099-15 Loitering for Purpose of Begging,4
PC 32.21(c)  FORGERY TO DEFRAUD OR HARM OF ANOTHER,4
PC 16.01A Unlawful Use of Criminal Instrument 90Z ,4
PC 46.03 Place Weapons Prohibited 520 WEAPON LAW V,4
PC 46.14(b) FIREARM SMUGGLING 520 WEAPON LAW VIOLA,4
PC 22.01(A)(3) Assault by Contact 13B SIMPLE ASSAU,4
PC 46.02 Unlawful Carrying Weapon 520 WEAPON LAW V,4
PC 71.02(A) Engage Org Crim Activity,4
HSC 481.129(A) Fraud Poss CS/Prescr Sch III/IV,4
TV 077 Other Traffic Violations,4
PC 42.07(c)(1) Harassment with previous conviction,4
PC 31.18(e) Theft of Cargo >=$100K<$200K ENH IAT,4
PC 31.16(d)(1) Organized Retail Theft <$100,4
HSC 481.134(C) Poss CS PG 1 >1G Drug Free Zone 35A,4
GC 466.308(a)(1) Claim Lottery Prize Fraud/Deceit,4
PC 32.23(E)(2) 2015 Trademark Counterfeiting>=100<,4
"PC 31.18(e) Theft of Cargo >=$10,000<$100K ENH IAT",4
HSC 481.113(d) Man Del CS  PG 2 or 2A >=400G,4
GC 541 Burning in the City,4
PC 37.10 Tamper W/Govt Rec W/Int Make Genui 26A FA,4
PC 46.035 G Unl Carry Handgun Lic Holder 520 WEAPO,4
PC 31.22(e) UNAUTH POSS CERTAIN COPPER/BRASS MATER,4
PC 42.09(A) Cruel Animal (Paragraphs 1-10) 720 Ani,4
PC 28.02(A) Arson Building/Veh Only 200 ARSON 2099,4
GC 992 97 Possess Fictitious ID,4
PC 42.08 Abuse of Corpse,4
PC 36.05(E-1) Tampering with a witness FV case,4
PC 28.02(e) ARSON W/MAN/ATT MAN CONT SUB DMGE BLDG,4
TRC 727.002 Tamper with Odometer,4
PC 31.20(d)(4) Theft-Mail ID Info =<50 addresses I,4
TRC 521.457B Driving Whle Lic Invld-DWI susp,4
PC 46.08 Hoax Bombs,4
PC 32.24 Stealing Recieving Stolen Check 280 STOLE,4
PC 31.16(C)(4)  2015 Organized Retail Theft>=2500<,4
GC 088 Assault by Offensive Contact,4
PC 33.021 C Onlne Solict mnr internt/sex cond,4
HSC 483.043 Man Dangerous Drug,4
HSC 481.112(e) MAN/DEL CS PG 1 >= 200G < 400G,4
PC 46.11(a) UNL CARRY WEAPON PROHIBIT PLACES IAT W,4
OTHER OFFENSES Other Offenses 90Z ALL OTHER OFFENS,4
PC 32.33 Hindering Secured Creditors,4
HSC 481.134 (D) Poss CS PG 2 <1G Drug Free Zone 35,4
PC 71.02(b) Engaging in Organized Criminal Activit,4
PC 28.08(B)(2) Graffiti Pecuniary Loss <$1500,4
PC 22.07 ,4
PC 28.08(D) Graffiti Worship Bur/Pub Mon/Sch 290 D,4
HSC 481.134(C)1 Poss CS PG 2 >=1G Drug Free Zone,4
HSC 481.113(B) Man Del CS PG 2A<1G,4
PC 31.19(d)(1)   THEFT OF PETROLEUM PRODUCT <$10K,4
PC 30.05(A) Criminal Trespass,4
PC 22.11(B) Harassment by Person in Corr/Deten 13C,4
PC 38.171 Failure to Report Felony w/SBI or Death ,4
PC 19.03-ATTEMPT Criminal Attempt Capital Murder,4
PC 31.03(E)(4)(F)  2015 Thft  Mat Alum/Brnz/Cop/Br,4
PC 42.01 ,4
GC 502 Occupy Substandard Structure 90Z ALL OTHER ,4
GC 516 Discharge Liquid waste- street,4
GC 624 Minor in Possession Cigarettes,4
WARRANTS ONLY Local or outside city warrants 90Z A,4
HSC 482.002(A)(1) Unl Del Man W/Int Simulated CS 3,4
PC 31.03(A)(3) Theft from Law Agent/>$1500<$20K 23,4
PC 30.05 ,4
GC 516 Discharge Liquid Waste - Street 90Z ALL OTH,4
PC 42.01 Disorderly Conduct with three priors 90C ,4
PC 32.24 Steal/Recieving Stolen Check/Sight Order,4
PC 32.45(C)(7) Misapp Fiduc Fin Prop >=$200K 270 E,4
PC 30.05(d)(3)(D) CRIMINAL TRESPASS TREATMENT CENT,4
ALCOHOL VIOLATIONS TABC Alcohol Violations 90G LIQ,4
PC 71.02 Deadly Conduct EOC/Deadly Conduct 13A AGG,4
PC 71.02 AGG ASSAULT EOC/Aggravated Assault 13A AG,4
PC 71.02 AGG ASSAULT EOC/Aggravated Assault 90Z AL,4
PC 38.04(A) Evad Arrest Deten Veh w/priors 90Z ALL,4
PC 19.02(b)(4) Murder-overdose involved,4
PC 46.02(C) Unl Carrying Weapon on Alchl Prem 520 ,4
TRC 550.021(C)(1)(A) Accident involving Death 90Z ,4
PC 28.03(B)(7) 2015 Crim Misc>=$300K,4
PC 28.03(B)(6) 2015 Crim Misc>=$150K<$300K,4
PC 42.01 Disorderly Conduct 90C DISORDERLY CONDUCT,4
PC 31.04(E)(1) Theft of Service>20,3
PC 37.10(A)1 Tamper W/Govt Record 26A FALSE PRETEN,3
PC 20.04 Agg Kidnapping 100 KIDNAPPING/ABDUCTION 1,3
PC 43.26(d)(1) POSS OF CHILD PORNOGRAPHY <100 VISU,3
HSC 481.134(d) POSS CS PG1-A AU <20 DFZ IAT 481.11,3
PC 71.02 Forgery EOC/Forgery,3
PC 71.02 Forgery EOC/Forgery 250 FORGERY/COUNTERFE,3
PC 33.07 (C) Online Harrass w/Idnet Info solems,3
GC 196 02 Personal Watercraft - No Float Device,3
PC 36.06(c) Obstruction or Retaliation,3
PC 22.012(b)(3) INDECENT ASSAULT DISABLED/ELDERLY ,3
PC 71.02(e)  ENGAGE ORG CRIM ACTVTY USE/EXHBT DEAD,3
PC 25.01 Bigamy,3
PC 43.261 Electrnc trans of cert visual mat of min,3
PC 32.21(e-2) Forgery Financial Instrument >-$2500,3
PC 43.02(A)1 Purchasing prostitution 40C PURCHASIN,3
PC 42.09 ,3
PC 38.05(D) Hind App/Pros knwn Fel/Per reg sex,3
PC 37.101(B) Fraud Fin Stmt False/Groundl/Int 250 ,3
PC 43.26(d-1) POSS CHILD PORN CHILD YOUNGER THAN 1,3
PC 22.07 Terroristic Threat 13C INTIMIDATION PC 22,3
PC 31.03(E)(3) 2015 Theft prop>=$750<$2500 2399019,3
HSC 481.118(C) Poss CS PG 4 >=28G<200G 35A DRUG/NA,3
PC 42.08 Abuse of Corpse 90Z ALL OTHER OFFENSES 72,3
PC 31.04(E)(5)  2015 Theft of Service>=$30k<$150k ,3
PC 33.02(B)(1) Comp Sec Breach <$1500 90Z ALL OTHE,3
HSC 481.113(C) Man Del CS PG2A>=1G<4G 35A DRUG/NAR,3
PC 38.10(D) Bail Jump and Fail to Appear 90Z ALL O,3
PC 43.021(b)(2) SOLICITATION PROST/OTHER PAYOR PER,3
PC 22.02 (B)(1) Agg Aslt Date/Fam/House w/weapon  ,3
PC 32.32B False stmt for property/credit 26A FALSE,3
PC 38.04(B)(2)(B) Evading Arrest Det Casue SBI 90Z,3
PC 42.07(C) Harassment                        1316,3
PC 32.46 Securing Execution of a Doc by Deception,3
HSC 481.129(D)(1) Fraud Poss CS/Prescr Sch I/II 35,3
PC 42.14 Illumination of Aircraft by Intense Light,3
HSC 481.133(A) False Drug Test Falsification Devi ,3
TRC 521.457A Driving While Lic Invalid prior 90Z A,3
PC 46.13(E) Make Firearm Acc Child Death/SBI,3
TRC 550.022(c)(2)  ACCIDENT INVOLVING DAMAGE TO VE,3
PC 31.18 (C)(2) Theft of Cargo>=$10000<$100k 23H A,3
PC 25.07(G) Violation of Protection Order 2+ Prev ,3
HSC 481.1161(B)(3) Poss CS PG 2A >4OZ<=5lb,3
PC 22.02(B)(2)(A) Agg Assault by Pub Servant 13A A,3
PC 37.03 Agg Perjury,3
PC 22.041(B)A Aband/End child w/o int to ret 90F F,3
PC 42.03 Obstructing Highway/ passageway 90Z ALL O,3
PC 29.04(b)(1) JUGGING BURGLARY OF VEHICLE,3
PC 33.02(B-2)(7)(A) 2015 Comp Sec Breach >=$300k,3
GC 991 17 Parks/Sign/Alc Beverage Possess 90Z ALL ,3
HSC 481.134(e) POSS MARJ 2OZ<4OZ DFZ IAT 481.121,3
PC 33.02(B-2)(6)(A) 2015 Comp Sec Breach >=$150K<$,3
HSC 481.123(D)1 Poss CS PG 1 >=1G<4G Analogue 35A ,3
PC 32.55(d)(1) FINANCIAL ABUSE ELDERLY <$100,3
PC 32.32A False stmt for property/credit,3
PC 36.05 Tampering with a Witness,3
HSC 481.134 1 Poss Marij <=2 OZ Drug Free Zone,3
PC 19.02-ATTEMPT Criminal Attempt Murder,3
PC 46.04(e) UNL POSS FIREARM FAMILY/HOUSEHOLD/COUR,3
HSC 481.1161(B)(2) Poss CS PG 2A >=2OZ<=4OZ,3
HSC 481.134(D)2 Poss Marij >4OZ<=5LBS Drug Free Zn,3
PC 37.09(D)(2) Tamper Fab Phys Evid/Fails Rep Hum,3
PC 20.04(4)(C) Agg Kidnapping BI/Sex Abuse 100 KID,3
PC 31.04(E)(6)  2015 Theft of Service>=$150k<$300k,3
PC 71.02 A Theft EOC/Theft 23H ALL OTHER LARCENY 7,3
PC 20.04(5)(C) Agg Kidnapping Terrorize 100 KIDNAP,3
PC 25.071 Violation Protection Order Bias/Pred W/2,3
PC 32.22 Criminal Simulation 90Z ALL OTHER OFFENSE,3
PC 32.35(E)(2) 2015 Cred Card Trans Laun >$100<$75,3
PC 37.11 Impersonating Public Servant,3
PC 32.47(D) Fraud Des Remov Conceal Writ Enh 250 F,3
GC 624 Minor in Possession Cigarettes 90Z ALL OTHE,3
HSC 481.123(D)0 Poss CS PG 1 <1G Analogue,3
PC 30.04 ,3
PC 28.03(b)(5)(D) Criminal Mischief IMP/INT Public,3
PC 42.03(c) OBSTRUCT HWY PSGWAY FOR EMERG VEH/HOSP,3
PC 16.01C Unlawful Use of Criminal Instrument,3
PC 32.33(D)(4) 2015 Hinder Sec'd Creditor>=$2500<$,3
PC 32.24(b) STEALING/RECEIVING STOLEN CHECK,3
TRC 545.401(E) Reckless Driving Casuse SBI/Death,3
PC 31.04(E)(5) Theft of Service>=20k<100k,3
PC 43.05(b) COMPEL PROST BY FORCE/THREAT/COERCION/,3
HSC 481.1161(B)(3) Poss CS PG 2A >4OZ<=5lb 35A DRU,3
TRC 521.451 (NEW) Driver License/ID False 90Z ALL ,3
PC 20A.03(E) Trafficking of persons Continuous 64B,3
PC 31.15 Poss Man Distr In To Com Ret Theft,3
HSC 365.012(E) Illegal Dumping >5 lbs<500 lbs    6,3
HSC 481.123(D)4 Poss CS PG 1 >=4G<200G Analogue,3
HSC 481.129(D)(1) Fraud Poss CS/Prescr Sch I/II,3
PC 38.122 False Hold Oneself Out Lawyer,3
PC 32.45(C)(6) 2015 Misapp Fiduc/Fin Prop>=$150K<$,3
GC 079 Manifestation of Prostitution,3
PC 71.02 UUMV EOC/UUMV,3
PC 31.03(E)(2)(B)(1) Theft<$50 W/Prev Conviction,3
PC 43.03(B) Promote Prostitution 40B ASSISTING/PRO,3
HSC 481.117(E) Poss CS PG 3 >=400G,3
PC 31.03(e)(2)(A) Theft Property >=$100<$750- coin,3
PC 35.02 Insurance Fraud,3
HSC 481.134(d) POSS CS PG2 <1G DFZ IAT 481.116,3
HSC 481.120(B)(2) Del Marij<=1/4 oz Renumeration 3,3
TCGR 3.3 (g) Operate in Violation of Fire and Life,3
PC 31.03(E)(4)(A)AUTO2015 Theft Prop>=$2500<$30k  ,3
GC 079 Manifestation of Prostitution 40A PROSTITUT,3
PC 38.14  TAKE WEAPON FROM AN OFFICER,3
PC 31.03(f-2) THEFT CPR/BRSS CRIT INFRA/EQUIP/COMM,3
GC 514 Graffiti - Private Property 290 290 DESTRUC,3
PC 20A.02(B)(1) Trafficking Persons<18 Prost/force,3
NRC 40.251(a)(6) LEAVE/ABAND/MAIN STRUCT/VESSEL IN,3
PC 33.02(B-2)(2) 2015 Comp Sec Breach >=100<$750 2,3
HSC 481.1123(b) MANUFACTURE DELIVERY CONTROLLED SU,3
HSC 481.118(E) Poss CS PG 4 >=400G 35A DRUG/NARCOT,3
HSC 365.012 F Illegal Dumping com/wgt 5<200 lb  62,3
PC 33.021(f) Online Solicit of Minor under 14,3
PC 22.07(A)(3)(1) Terroristic Threat Interrupt Pub,3
PC 37.101(B) Fraud Fin Stmt False/Groundl/Int,3
GC 181 Water Safety - No Life Preserver,3
PC 32.45(C)(2) Misapp Fiduc/Fin Prop>=$20<$500,3
HSC 481.125(e) DELIVERY DRUG PARAPHERNALIA,3
PC 38.112(b) TAMPER W/ELECTRONIC MONITORING DEVICE,3
Tabacco Offense Tobacco Offenses 90Z ALL OTHER OFF,2
PC 31.03(A)(3) Theft from Law Agent/>$1500<$20K,2
PC32.42(D) Decptive Trade Practice 26A FALSE PRETE,2
PC 43.26(d)(2) POSS CHILD PORNOGRAPHY >100<500 VIS,2
HSC 481.117(D) Poss CS PG 3 >=200G<400G,2
PC 46.035G Unl Cary HG Lic Hold Alch P/C Fac 520 W,2
PC 22.01(A)(1) Assault with Bodily Injury 13A AGGR,2
PC 38.03 ,2
PC 22.02 ,2
HSC 481.120(B)(2) Del Marij<=1/4 oz Renumeration,2
PC 19.02(b)(1)-Attempt Criminal Attempt Murder,2
PC 20.04(5)(C) Agg Kidnapping Terrorize,2
HSC 365.012 (h) Illegal Dumping prev/conv misd,2
HSC 481.121(B)(5) Poss Marij >50LBS<=2000LBS 35A D,2
GC 501 Debris 90Z ALL OTHER OFFENSES 00000000,2
"PC 28.04 (b)(2)(2)(A,B) Evade Arr Det w/Veh/Wtrcft",2
PC 28.07(E)(1) Interfer RR Property>=$100<$750,2
PC 31.03 - AUTO Auto Theft 23H ALL OTHER LARCENY P,2
TRC 545.421(D) Fleeing P/O Imminent Danger SBI 90Z,2
PC 21.11 Indecency w/ a Child,2
PC 22.02(B)(2)(A) Agg Assault by Pub Servant,2
PC 33.02(B-2)(1) Comp Sec Breach <20K,2
XXX  23H ALL OTHER LARCENY XXX,2
PC 31.04(E)(5) Theft of Service>=20k<100k 26A FALS,2
PC 43.03 Promote Prostitution,2
PC 22.07(D) Terroristic Threat Interupt Pub Place ,2
PC 38.04(B)(2)(B) Evading Arrest Det Casue SBI,2
PC 20A.02(b) TRAFFICKING OF PERSON,2
GC 090 Animal without License Tag,2
PC 71.02 Murder EOC/Murder 09A MURDER & NON-NEGLIG,2
GC 039 Criminal Mischief under$100/Subst Inconven,2
CCP 62 Failure to Register as Sex Offender,2
PC 37.02 Perjury,2
PC 37.125(b) Threat Exhbt/Use Firearm School/Bus w,2
PC 31.03(f) Theft Property >=$750<$2500 Enhanced I,2
PC 22.021 Aggravated Sexual Assault (w/ Force),2
PC 21.17(d) VOYEURISM: VICTIM UNDER 14 YOA,2
PC 32.45(d) MISAPP FIDUC/FINAN PROP >=$30K<$150K E,2
PC 32.46(B)(3) 2015 Sec Exe of Doc by Dec>=$750<$2,2
PC 38.171(b) Failure to Report Felony w/SBI or Dea,2
PC 38.17 Failure to  Report Agg Sex Asslt Child,2
HSC 481.1151(B)(2) Poss CS PG 1A >=20AU<80AU,2
PC 19.03(A)(8) Capital Murder of per under 10YOA 0,2
PC 28.03(B)(2)  Crim Misc>=$100<$750 290 290 DESTR,2
PC 22.08(B) Aiding Suicide/SBI,2
PC 32.32A False stmt for property/credit 26A FALSE,2
HSC 481.123(D)10 Poss CS PG 2 <1G Analogue 35A DRU,2
PC 42.092(c) CRUELTY NON-LIVESTOCK:FL PRV/ABDN/TRN,2
TV 029 Failure to Maintain Financial Responsibili,2
PC 19.03(a)(3)  CAPITAL MURDER WHILE REMUNERATION,2
PC 43.031(b) ONLINE PROMOTION PROSTITUTION,2
PC 31.17 (C) Theft Transfer Financial Info 26A FAL,2
PC 36.06 ,2
PC 32.35(E)(3) 2015 Cred Card Trans Laun >$750<$25,2
PC 32.23(E)(4) 2015 Trademark Counterfeiting>=2500,2
TRAFFIC CODE > CLASS C ,2
HSC 481.123(D)12 Poss CS PG 2 >=400G Analogue,2
PC 19.03-ATTEMPT Criminal Attempt Capital Murder 1,2
GC 194 Obstructing Passage - Waterway,2
PC 28.03(I) CRIM MISCH DMG/DSTRY COP/BRSS INFRA/EQ,2
GC 196 03 Personal Watercraft - 50 Ft Rule,2
PC 33.021 B Online Solicit Mnr internet/elec 90Z A,2
PC 25.06 Harboring Runaway Child 90F FAMILY OFFENS,2
PC 32.21(e)  FORGERY GOVT/NATIONAL INST/MONEY/SECU,2
PC 31.16(C)(3)   Organized Retail Theft>=750<2500,2
PC 32.21(e-1)(1) FORGERY OBTAIN PROP OR SERV <$100,2
PC 43.26(d)(1)(B) POSS CHILD PORNOGRAPHY >=10<50 V,2
PC 16.04(B) Unlawful Access Stored Communications,2
EDC 37.125(b) Exhibit Firearms on Campus or School,2
PC 46.04 Unlawful Poss of a Firearm 520 WEAPON LAW,2
PC 16.03(A) Unlawful Use Pen Register/Trap/Trace D,2
PC 31.20(c)(3) Theft-Mail =>30 addresses 23H ALL O,2
PC 33A.051(b) FALSE CALLER ID INFORMATION ,2
PC 33A Telecommunication Offenses - Chap 33A,2
PC 38.11(D)(1) Prohibited Substance Corr Fac Alcoh,2
PC 31.03 - OTHERS ,2
PC 28.07(E)(1) 2015 Interfer RR Property>=$100<$75,2
PC 21.002 Contempt of Court,2
PC 46.02(e)(2) UNLAWFUL CARRY WEAPON W/ MISD FAMIL,2
PC 31.03(f) THEFT PROPERTY <$100 W/PREV CONVIC ENH,2
HRC 33.011(a) SNAP USE/ALTER/TRANSFER >=$200,2
TRC 545.420(G) Racing on hwy causing Bodily Inj,2
PC 49.02 Public Intoxication:Minor 3rd enh,2
HSC 481.118(E) Poss CS PG 4 >=400G,2
PC 38.13 Hinder Proceedings by Dis Ord Cond,2
HSC 481.112(f) MANAFACTURE/DELIVERY CONTROLLED SUB,2
HSC 481.123(D)1 Poss CS PG 1 >=1G<4G Analogue,2
ABC 22.10 Open Contain Proh on Prim Pack Sto 90G L,2
PC 22.01(A)(1)FV Aslt Causes B/I Family Member    ,2
HSC 481.1151(B)(1) Poss CS PG 1A <20AU 35A DRUG/NA,2
TRC 545.401 Reckless Driving,2
PC 33.02(B-2)(7)(B) 2015 Comp Sec Brch Ident info ,2
PC 31.03(F)(12) Theft <$50 against elderly 23A POC,2
PC 19.02(b)(1)-Attempt Criminal Attempt Murder 13A,2
TCGR 3.10 (g) Game Room Membership Violation,2
PC 31.20(d)(2) Theft-Mail ID INFO=10<20 addresses ,2
HSC 481.116(D) Poss CS PG 2 >=4G<400G 35A 35A DRUG,2
OC 1956.040(a-2) Registration required/hours/repor,2
PC 42.09(A) Cruel Animal (Paragraphs 1-10),2
PC 21.17(c) VOYEURISM: 2 OR MORE CONVICTIONS,2
PC 28.03(b)(6)(A) CRIMINAL MISCHIEF >=$150K<$300K,2
XXX  23F THEFT FROM MOTOR VEHICLE XXX,2
PC 42.05 Disrupt Meeting/Procession,2
PC 30.02(C)(1) ,2
PC 31.03 - PERSON ,2
PC 30.04(A) Burglary Vehicle 22990004,2
FC 261.109(B) Failure to Report abuse/negl child s,2
PC 32.47(e)(4) Fraud/Destroy/Remove/Conc price tag,2
TCGR 3.1 (e) Denial of Consent to Entry by Peace O,2
HSC 365.012 (H) Illegal Dumping prev/conv misd 90Z,2
PC 31.03(F)(9) Theft>500<1500 PubServ/GovtContr 26,2
PC 32.45(d) MISAPP FIDUC/FINAN PROP <$100 ENH IAT,2
PC 32.21 Forgery 250 FORGERY/COUNTERFEITING PC 32.,2
"TRC 503.067(d) Unauthorized reproduction, purchase",2
PC 31.03(E)(7)  2015 Theft >=$300K 23A POCKET PICK,2
PC 22.01(b-3) Assault INT/Reck Breath/Circ Fam Mem,2
PC 38.14(2) Att Take Weapon from Ofcr 90Z ALL OTHE,2
PC 28.02(D) Arson Habit/worship/injury 200 ARSON 2,2
HSC 481.123(E)2 Man Del CS PG 2>=1G<4G Analogue 35,2
PC 20.04(b) Agg Kidnapping with Deadly Weapon 100 ,2
PC 31.03(E)(6)(A) 2015 Theft 10 sheep/swine/goat <,2
TRC 545.428(c) COLLISION INV PED/ROAD USER IN CROS,2
OC 1956.203(b) SOLICIT PURCHASE REG MATERIAL UNAUT,2
PC 43.261(C)(1) Prom Certain Vis Mat:Harr/pre Con ,2
PC 33A.04(B)(3)(A) Theft Telecomm Serv>=$1500<$20k,2
PC 31.03(E)(6) Theft >$100k<$200k 23A POCKET PICKI,2
PC 31.16(C)(5) Organized Retail Theft>=20k<100K 23,2
PC 38.02 ,2
HSC 481.125(B) Poss Del Drug Paraphernalia 35A DRU,2
PC 22.05 Deadly Conduct 290 DESTRUCTIVE/DAMAGE/VAN,2
HSC 365.012 G Illegal dumping comm barrel/drum,2
PC 31.07 Unauthorized Use of a Vehilce 240 MOTOR V,2
CCP 62 Failure to Register as Sex Offender 90Z ALL,2
PC 43.24 D Uses Minor Sell/Dist/Disp/Harm Mat,2
GC 466.308(C)(1) Claim Lottery Prize Fraud >$200<=,2
GC 502 Occupy Substandard Structure,2
ABC 105.10(A)(1) Sale A/B During Prohibited Hours,2
PC 37.10(D)1 Tamper W/Govt Rcd Lic/Seal Defraud 26,2
PC 32.34(G) 2015 Fraud Tran Mtr.Veh fail to dis Lo,2
PC 33.021(B) Online Solicit Minor Arouse/Gratif,2
PC 32.46(B)(2) Sec Exe of Doc by Dec>=$100<$750 26,2
42.09(c) CRUELTY NON-LVSTK:FAIL PRV/ABDN/TRANSPT/B,2
PC 20A.02(A)(4) Trafficking person engage conduct/,2
PC 32.56(c) Unlawful Conduct Mail Receptacle Key o,2
PC 42.12 Discharge/Firearm w/i Municipal>100000 52,2
PC 35.02(C)(2) 2015 Insurance Fraud >=$100<$750,2
PC 36.05 Tamper W/Witness,2
PC 19.02 nibrs Murder-Justifiable homicide 09C JUS,2
ABC 28.10 Consumption Restricted Premise,2
PC 76.02(b) Terrorism,2
PC 22.01(B)(2)(A) Aslt Fam/Household Mem w/Prev   ,2
PC 43.23(D) Obscene Promote/Produce/Direct,2
PC 39.03(A) Official Oppression,2
PC 32.42(d) Deceptive Business Practice,2
PC 37.10(D)3 Tamper W/Govt Rec Ins Doc-Defr/Har 26,2
HSC 481.134(E)1 Poss Marij >2OZ<=4OZ Drug Free Zn ,2
PC 46.04(A) Unl Poss Firearm by Felon         5203,2
PC 31.18 (C)(4) Theft of Cargo>=$200K 23H ALL OTHE,2
PC 32.45 Misapplication of Fuduciary Property,2
PC 32.21(e-1)(5) Forgery Financial Instrument >=$3,2
EDC 37.125 Exhib Firearms on Campus/Sch/Bus 520 WE,2
PC 39.03(A) Official Oppression 90Z ALL OTHER OFFE,2
PC 32.48(E) Simulating Legal Process,2
PC 28.03(H)  2015 Crim Misc>=$750<$30K Destroy Sch,2
PC 32.32B False stmt for property/credit,2
PC 31.03(E)(4)(A)  2015 Theft Prop>=$2500<$30k sto,2
GC 093 Fire Code,2
PC 38.14(1) Att Take Weapon from Ofcr 90Z ALL OTHE,2
HSC 365.012(g)(3)  ILLEGAL DUMPING IN CLOSED BARRE,2
GC 01877 Violating 6/1/2020  Emergency Curfew Orde,2
PC 42.105 (g) Cockfight space/owns/trains/equips,2
PC 42.02(A) Riot Participation 90Z ALL OTHER OFFEN,2
PC 22.02(a)(1) Aggravated Assault Causes serious b,2
PC 32.35 Credit Card Transaction Record Laundering,2
PC 20A.02(3) Trafficking person Eng Cond/Sexual 64,2
PC 19.05 Criminal Negligent Homicide,2
HSC 481.1161(B)(2) Poss CS PG 2A >=2OZ<=4OZ 35A DR,2
OTHER MISD Other misdemeanor,2
ABC 61.01 License Requird to Brew/sale beer 90G LI,2
GC 072 Zoning 90Z ALL OTHER OFFENSES 00000000,2
PC 22.02(B)(2)(C) Agg Assault in Retaliation 13A A,2
HSC 821.102(d) Unlawful restraint of dog w/previou,2
PC 33.02(B-2)(5) 2015 Comp Sec Breach >=$30K<$150K,2
EDC 37.107 Trespass on School Grounds 90Z ALL OTHE,2
GC 195 09 Fishing License/None 90Z ALL OTHER OFFEN,2
ABC 106.03 Sale to Minors - Alcohol,2
PC 42.060(b)(1) FALSE REPRT INDUCE EMERG RESP W/2+,2
PC 42.09(c)  Cruelty to Livestk/Torture/Poison/Fig,2
OC 1956.040(a) Dispo/Provide false info/stmt to me,2
PC 38.04 ,2
HSC 481.123(E)2 Man Del CS PG 2>=1G<4G Analogue,2
PC 46.10 Deadly Weapon in Penal Instit,2
PC 21.15 Imp Photo/Visual Rec Arouse/Grat 370 PORN,2
PC 20.03 ,2
"TRC 503.067(b) Unauthorized reproduction, purchase",2
PC 43.05 Compelling Prostitution,2
PC 43.02(c-1) PROSTITUTION/OTHER PAYOR,2
PC 46.03 Places Weapons Prohibited,2
PC 15.031 Criminal Solicitation of Minor,2
PC 31.03(F)(10) Theft>=20k<100k PubServ/GovContr 2,1
ABC 22.11 Consume on Premises Prohibited 90G LIQUO,1
"OC 1956.001 Sale of Alum,Brz,Cop,Bra to 2nd Hnd De",1
PC 34.02(E)(4) 2015 Money Laundering <=$300K,1
PC 31.03(e)(4)(B)  THEFT PROP GRAVE/HUMAN CORPSE/M,1
PC 32.49 Refuse Execute Rel Fraud Lien/cla 90Z ALL,1
BCC 607.103(b) Reckless Disposal of Skimmer,1
PC 32.32C False stmt for property/credit 26A FALSE,1
PC 42.09(c) CRUELTY TO LIVESTOCK ANIMALS PHYSICAL ,1
PC 46.11(a) FIREARM SMUGGLING IAT WFZ 46.14,1
HSC 481.119(B) Poss CS Not In PG 35A DRUG/NARCOTIC,1
PC 32.54(C) Fraud/Fictitious Military Record,1
PC 32.51(C)(2) Fraud Use Poss of ID Info 5<10    2,1
PC 31.03 Theft - Shoplifting 23C SHOPLIFTING,1
"PC 21.18(e) Sexual Coercion 64A HUMAN TRAFFICKING,",1
PC 28.03(B)(3)(A) 2015 Crim Misch>=$750<$2500 2999,1
PC 31.03 - OTHERS Theft - Others 23D THEFT FROM BU,1
PC 32.51 Fraud Use Poss of ID Info 26F 26F Identit,1
PC 43.25(C) Sexual Perform Child<14 Emp/Dir/Pr,1
GC 513 Graffiti - Public Right-Of-Way,1
PC 46.08(b) HOAX BOMBS 200 ARSON 52150003,1
PC 31.03(E)(4)(F)   Thft  Mat Alum/Brnz/Cop/Brass<,1
GC 131 Purchase of Alcohol-Minor,1
GC 520 Maintain Junked Vehicle - Public Nuisance,1
PC 46.035(B) Unl Cary HG Lic Hold Alch P/C Fac 520,1
PC 28.08(B)(4) Graffiti Pecuniary Loss <$100K,1
PC 20.04(3)(C) Agg Kidnapping Facilitate 100 KIDNA,1
OT WARRANT ,1
HSC 481.114(e) MAN/DEL CS PG 3/4 >= 400G,1
PC 35.02(D) 2015 Insur Fraud w/int to defraud/dec,1
HSC 481.134(d) POSS CS PG2-A 4OZ<5LB DFZ IAT 481.1,1
GC 012-01 Allowing street racing or reckless drivi,1
HSC 481.123(D)13 Poss CS PG 2 >=4G<400G Analogue,1
OC 1956.040(b-2) PURCHASE STOLEN CATALTYIC CONVERT,1
PC 31.16(C)(2) Organized Retail Theft>=50<500 26A ,1
PC 25.05 Criminal Non-Support,1
PC 28.02(D)(2) Arson Habit/Injury/place worship 90,1
PC 43.23(A)1 Obsce Wholesale Prom w/Dev Sex Act,1
PC 30.03 Burglary Coin Oper Col Machine 23E 23E TH,1
OC 1956.003(F) Metal Recycle Local permit require,1
GC 178 Water Safety - Hazardous Wake/Wash,1
HRC 48.052(A) failure to report abuse/neg eld/dis ,1
TRC 550.024 Duty on Striking Unattended Veh   5499,1
ABC 105.10(A)(2) Consume A/B on Lic/Permt Prem Pro,1
PC 72.02 Assault BI SF Engaged in Organized Crimin,1
GC 500 Maintain Substandard Structure 90Z ALL OTHE,1
TRC 545.420(E) Racing on Hwy w/prev conv-w/dwi,1
GC 072 Zoning,1
PC 20.02B Unlawful Restraint Less Than 17Yrs Age 1,1
pc 30.04(d)(3) Burglary of Vehicles Pres Drug Dist,1
PC 38.04(b)(3)(A) Evading Arrest  Detention Causin,1
PC 32.32(C)(7) 2015 False stmt Prop/Cred >=$300k 2,1
PC 31.04(E)(6) Theft of Service>100k<200k,1
GC 018 Health and Sanitation 90Z ALL OTHER OFFENSE,1
PROB Probation Violation,1
PC 38.151(B)(2) Interf W/Police Ser Anim Throw Obj,1
PC 37.10(c)(5) TAMPER W/GOVERNMENT RECORD - BALLOT,1
PC 28.08(B)(5) 2015 Graffiti Pecunia Loss>$30k<$15,1
"PC 28.07(B)1 Interfer RR Property>=$500<$1,500 90Z",1
PC 20.04(d) Aggravated Kidnapping Bodily Injury ab,1
PC 36.06 Obstruction/Retaliation 90Z ALL OTHER OFF,1
000000 School Offense-class c,1
HSC 481.114(D) Man Del CS PG 3/4>=200G<400G,1
PC 38.09(B) Implements For Escape Deadly Weap,1
PC 38.07(D) Permit Facilitate Esc Corr Faclty 90Z ,1
PC 31.03 Theft under $20K/Alum/Brz/Copper  2399000,1
PC 31.16(C)(1) Organized Retail Theft < 50 26A FAL,1
PC 28.07(B)2 Interfer RR Property>=$20<$500,1
PC 46.06(d) Unlawful Transfer of Certain Weapons,1
PC 25.04(b) ENTICING CHILD AWAY FRM CUSTODIAN W/IN,1
HSC 481.141(b) Manufacture/Delivery CS Cause Death,1
HSC 481.1121(B)(3) Man Del CS PG 1A>=80<4000AU 35A,1
PC 46.11(a) PROH WEAPON IAT WFZ 46.05 520 WEAPON L,1
PC 32.21(e-1)(2)  FORGERY OBTAIN PROP OR SERV >=$1,1
PC 43.03(b) PROMOTE PROSTITUTION 40B ASSISTING/PRO,1
PC 31.04(E)(2)  2015 Theft of Service>=$100<$750  ,1
PC 20.03 Kidnapping 100 KIDNAPPING/ABDUCTION,1
PC 21.16(G) Publish/Threat Pub Intimate Visual,1
HSC 365.012 G Illegal dumping comm barrel/drum 90Z,1
PC 43.02(C-1)(3) 2015 Prost/Other Payor Solicit Pe,1
PC 28.08(D) 2015 Graffiti Worship Bur/Pub Mon/Sch ,1
MISC CITY ORDINANCE ,1
PC 38.03(A) Resist Arr/Search/Transport       4801,1
PC 36.05 Tamper W/Witness 90Z ALL OTHER OFFENSES 4,1
PRC 162.032(b) MISAPP TRUST FUND >=$500 DEFRAUD,1
PC 25.11 Continuous Violence Against Family,1
PC 31.03(e)(2)(A)  Theft Property >=$100<$750 23H ,1
HSC 481.134(B)(D) Man Del CS PG2>=1G Drug Free Zon,1
TRC 545.420(H) Racing on Hwy causing SBI,1
PC 30.02(C)(2) Burglary Habitation 220 220 BURGLAR,1
PC 42.092(c-2) CRUELTY NON-LIVESTOCK ANIM:FIGHT/LU,1
PC 22.01(B)(1)(3) Aslt Family/Household Member    ,1
XXX  290 DESTRUCTIVE/DAMAGE/VANDALISM OF PROPERTY ,1
HSC 481.134(B)(D)3 Man Del CS PG 1<1G Drug Free Zo,1
PC 38.15 Interference with Public Duties 90Z ALL O,1
PC 22.01(A)(1) Assault with Bodily Injury 90Z ALL ,1
ABC 106.04 Consume Alcohol by Minor 3rd Enh,1
PC 21.12 Improper Relationship Educator/Student,1
HSC 481.123(D)10 Poss CS PG 2 <1G Analogue,1
PC 29.03 Agg Robbery 120 120 ROBBERY,1
HSC 483.042 Del Offer Del Dangerous Drug 35A DRUG/,1
PC 22.01(b)(7) ASSAULT FORCE INDIVIDUAL TO HAVE AB,1
TCGR 3.10 (g) Game Room Membership Violation TCGR ,1
TRC 545.428(c) COLLISION  INV PED/ROAD USER IN CRO,1
"TRC 503.067(b,c, or d)   Unauthorized, reproductio",1
PC 43.23 Obscene Wholesale Promotion,1
PC 31.03 - PURSE Theft - Purse Snatching 23B PURSE,1
OC 1956.003 (F) Metal Recycle Loc perm req w/prev ,1
PC 46.06 Unl Transf of Certain Weapons,1
PC 32.34(F)(1) 2015 Fraud Transfer Mtr. Veh <$30K ,1
PC 32.23(E)(6) Trademark Counterfeiting>=100<200K,1
GC 513 Graffiti - Public Right-Of-Way 290 DESTRUCT,1
HSC 481.134 (B)(D) Del Marij>1/4oz<=5lbs Drug Fr Z,1
PC 33.02(B)(2)(A) Comp Sec Breach >$1500<$20K 90Z ,1
EDC 37.107 Trespass on School Grounds,1
ABC 61.01 License Requird to Brew/sale beer,1
PC 20.05(B) Smuggling of Persons,1
PC 20.02C Unlawful Restraint of Public Servant 100,1
"PC 16.02(D,G) Unlawful Interception/Use/Disc Wire/",1
PC 25.10 Interfer W/Rights of Guardian Ward 90Z AL,1
TV 011 Speeding(See Violation Box),1
PC 46.11(a) UNL CARRYING WEAPON IAT WFZ 46.02 520 ,1
OT WARRANT,1
PC 31.03 - OTHERS Theft - Others 240 MOTOR VEHICLE,1
HSC 483.045 2ND Forge/Alter Prescription-w/Prev 35,1
PC 42.072 B Stalking W/Prev Conv 13C INTIMIDATION ,1
PC 38.02(C)(2) Fail to ID Giving False/Fic Info,1
HSC 822.005(b)(1) ATTACK BY DOG CAUSES BODILY INJU,1
PC 42.092(c-1) CRUELTY NON-LVSTK ANIM:KILL/PSON/SB,1
42.09(c) Cruelty to Livestock/ Torture/Poison/Figh,1
HSC 481.125(e) DEL DRUG PARAPHERNALIA W/PREV CONV,1
PC 20.04 ,1
PC 42.11 Destruction of US/Texas Flag 290 DESTRUCT,1
PC 19.02 Murder 09C JUSTIFIABLE HOMICIDE PC 19.02,1
PC 38.09(A) Implements For Escape,1
"PC 35.02(C)(4) 2015 Insurance Fraud >=$2,500<$30K",1
TRC 504.945(E) Display Fictitious License Plate,1
PC 38.18 Use Accident Rpt Pecuniary Gain,1
PC 31.03 - AUTO Auto Theft 90Z ALL OTHER OFFENSES ,1
EDC 37.126 Disruption of Transportation 90Z ALL OT,1
XXX  35A DRUG/NARCOTIC VIOLATIONS XXX,1
PC 33.021 ,1
PC 32.21(e-1)(5) FORGERY OBTAIN PROP OR SERV >=$30,1
PC 15.03 Criminal Soliciation- with Felony of 1st ,1
PC 22.021(B) Agg Sexual Assault (Child-No Force),1
"PC 35.02(C)(3) 2015 Insurance Fraud >=$750<$2,500",1
PC 25.04(b) ENTICING A CHILD AWAY FROM CUSTODIAN,1
PC 46.041 Unl Poss Metal or Body Armor Felon,1
PC 43.25(B) Sexual Perform Child Emp Ind Auth,1
GC 194 01 Obstructing Passage - Boat Ramp,1
PC 38.04 Evading Arrest or Detention 290 DESTRUCTI,1
PC 31.03(F)(8) Theft>50<500 PubServ/GovtContr 26A ,1
PC 31.03(E)(3) Theft>=$500<$1500 23990003,1
HSC 365.012(f)(1)  ILLEGAL  DUMPING =>500LBS<1000L,1
PC 32.35(E)(4) 2015 Cred Card Trans Launder>$2500>,1
PC 49.02 Public Intoxication 35B DRUG EQUIPMENT VI,1
"PC 31.18(e) Theft of Cargo >=$1500<$10,000 ENH IAT",1
PC 33.07 Online Harrassment/Online Impersonation 9,1
PC 20.04(4)(D) Agg Kidnapping BI/Sex Abuse,1
GC 195 03 Improper Display - Certificate Number,1
PC 25.10 Interference w/ Rights of Guardian,1
PC 32.23(E)(2) Trademark Counterfeiting>=20<500 25,1
HSC 481.134(E)3 Poss CS PG 3 <28G Drug Free Zone 3,1
PC 12.43(c) Disorderly Conduct w/3 prior convictio,1
PC 38.115(d) UNMANNED AIRCRAFT CORR/DET FACILITY,1
PC 42.061 Silent/Abusive Calls to 911 Service 90Z ,1
PC 49.031 Alcoholic Beverage-Poss in Motor Veh,1
PC 20A.02(7) Traf Child engage conduct/sexual 64A ,1
PC 38.111 Improper Contact With Victim,1
PC 31.03(F)(3) Theft<20k PubServ/Govt Contractor 2,1
PC 46.13 Firearm Accessible to a Child,1
PC 42.10(A)(1) Dog Fighting 720 Animal Cruelty 739,1
HSC 481.125 Poss Del Drug Para to Per U/18YR 35B D,1
PC 32.21(e-2)  FORGERY AGAINST ELDERLY INDIVIDUAL,1
PC 43.03(b)(2) PROMOTE PROSTITUTION PERSON <18 YOA,1
PC 34.02(E)(1) 2015 Money Laundering >=$2500<$30K,1
PC 22.09 Tampering with a Consumer Product,1
PC 28.03(B)(7) Crim Misc>$200K,1
HSC 481.129(F)(2) Fraud Del CS Pres Sch II/IV/V,1
GC 176 Water Safety - Negligent Operation 90Z ALL ,1
HSC 481.134(B)(C) Man Del CS PG3/4>=28G Drug Free ,1
PC 32.46(c-1) FRAUD SECURING DOC EXEC <$100 ENH IA,1
HSC 481.114(C) Man Del CS PG 3/4>=28G<200G 35A DRU,1
PC 19.02(B)(1) Murder 09A 09A MURDER & NON-NEGLIGE,1
"PC 46.04(B,C) Unl Poss Firearm Inv Famly/HousHld 5",1
PC 16.06 ,1
PC 38.112 Viol Prot Ord Issued Based Sex Off,1
PC 20A.02(7) Traf Child engage conduct/sexual,1
PC 42.105(G) Cockfighting causes or earns 720 Anim,1
PC 32.46(b)(7)  FRAUD SECURING DOC EXEC >=$300K,1
PC 34.02(E)(2) 2015 Money Laundering >=$30K<$150K ,1
PC 28.03(B)(4)(B) 2015 Crim Misc <$2500 HABITA W/F,1
PC 42.091(c)(1) Attack on Assistance Animal,1
ABC 105.05 Hours of Sale of Beer Prohibited,1
PC 38.12 Barratry Ill Obtain Employment,1
PC 28.03(H) Crim Misc$1500<$20K Destroy Sch 290 DE,1
PC 38.06(D) Escape Cause Bodily Inj 90Z ALL OTHER ,1
ABC 106.03 Sale to Minors - Alcohol 90G LIQUOR LAW,1
TCGR 3.6 (d) Display of Game Room Permit TCGR Tarr,1
PC 20.04(2)(C) Agg Kidnapping Use Shield/Hostage,1
GC 501 Debris,1
PC 47.02 Gambling and bets-Class C,1
HSC 481.134(f) POSS CS PG4 <28G DFZ IAT 481.118,1
PC 46.11(a) UNL CARRY WEAPON ALCH PREMISES IAT WFZ,1
PC 31.16(c)(4)   Organized Retail Theft>=2500<30K,1
PC 33A.04(B)(1) Theft Telecomm Serv<$500,1
PC 43.02 C 3 Prostitution Sol Person <18yoa 40A PR,1
PC 19.04(b) Manslaughter-Traffic Accident,1
PC 46.041 Unl Poss Metal or Body Armor Felon 520 W,1
PC 28.03(B)(6) Crim Misc>$100K<$200K 290 DESTRUCTI,1
PC 31.16(C)(7)  Organized Retail Theft>300K,1
PC 49.09(B-2) Intox Manslaughtr/death po/ff/ems,1
HSC 481.1121(B)(1) Man Del CS PG 1A<20AU,1
PC 32.21(e-1)(3)  FORGERY OBTAIN PROP OR SERV >=$7,1
OC 1956.203(b) Solicit purchase reg material unaut,1
HSC 481.134(E)2 Del Marij<=1/4 oz Remun DFZ 35A DR,1
PC 32.34(F)(3) 2015 Fraud Transfer Mtr.Veh>=$150K<,1
PC 20A.02(1) Trafficking of Person Under 14YOA,1
PC 42.09 Cruelty to Animals 720 Animal Cruelty PC ,1
GC 195 05 Permit Operation Without Certificate 90Z,1
PC 49.02 Public Intoxication 13B SIMPLE ASSAULT PC,1
PC 42.105(g) Cockfighting causes or earns,1
PC 38.15 ,1
PC 30.05(A) Criminal Trespass                 5707,1
HSC 481.114(E) Man Del CS PG 3/4>=400G,1
PC 20.02(c) Unlawful Restraint 100 KIDNAPPING/ABDU,1
PC 38.04(B) Evading Arrest Detention          4801,1
PC 46.035G Unl Cary HG Lic Hold Alch P/C Fac,1
GC 177 Water Safety - Excessive Speed 90Z ALL OTHE,1
PC 39.06(A)(1-2) Misuse of Official Information 90,1
PC 28.03(J) Crim MiscTrans/ComEqup/Dev<$150K,1
PC 49.07 Intoxicated Assault W/Veh SBI,1
HSC 481.129(G)(1) Fraud Poss CS Script Sch II/III ,1
PC 30.04(A) Burglary Vehicle                  2299,1
PC 25.07 Violation of a Protective Order 90Z ALL O,1
PC 46.035(G) Unl Carry Handgun Lic Holder 520 WEAP,1
HSC 481.1151(B)(3) Poss CS PG 1A >=80AU<4000AU 35A,1
PC 43.261(C)(1) Prom Certain Vis Mat:Harr/pre Con,1
PC 38.13 Hinder Proceedings by Dis Ord Cond 90C DI,1
PC 38.18 Acc Report Info/Other Info for Pecun Gain,1
GC 012-02 Engaging in preparations for street raci,1
PC 22.01(A)(2) ,1
HSC 481.0769(c) IMPROPER USE/DISCLOSE/MISREP PERSC,1
PC 42.06 False Alarm or Report 90Z ALL OTHER OFFEN,1
PC 38.10(F) Bail Jump and Fail to Appear Fel,1
GC 093 Fire Code 90Z ALL OTHER OFFENSES 00000000,1
PC 31.03(F)(5) Theft>1500<20k Pub Serv/GovtContr,1
PC 21.07(b) Public Lewdness 90C DISORDERLY CONDUCT,1
GC 195 01 Water Safety - No Certificate of Number,1
PC 32.56(e)(1)  FRAUD USE/POSS/TMPR GIFT CRD/PCKG/,1
PC 38.112 Violation of a PO/Basis of Sex Assault,1
PC 36.03(B) Coerce Pub Serv/Vot Threat Felony 90Z ,1
PC 38.04(b)(!)(B) Evading arrest detention with ve,1
PC 32.16(C)(1) Organized Retail Theft 270 EMBEZZLE,1
GC 132 Consumption of Alcohol - Minor,1
PC 31.20(c)(1) Theft-Mail = 10<30 addresses 23H AL,1
PC 33.02(B-2)(2) Comp Sec Breach >=20K<100K,1
PC 32.32(C)(7) 2015 False stmt Prop/Cred >=$300k,1
PC 32.46(b)(6)  FRAUD SECURING DOC EXEC >=$150K<$3,1
PC 33.021(C) Online Solicit Minor Meet w/intSex 90,1
PC 30.02(C)(1) Burglary of building 220 220 BURGLA,1
TC 162.405(e) Violation of motor fuel tax requirem,1
PC 42.092(c-1) CRUELTY NON-LIVESTOCK ANIM:KILL/PSO,1
PC 31.03 - AUTO Auto Theft 35A DRUG/NARCOTIC VIOLA,1
ABC 106.071 (C) 2015 Misrepresent Age by a Minor 9,1
PC 30.03 Burglary of Coin Op Machine/Coin Collect ,1
PC 43.021(b)(1) SOLICITATION  PROSTITUION/OTHER PA,1
PC 32.45(C)(6) Misapp Fiduc/Fin Prop>=$100K<$200K,1
000000 School Offense-class c 90Z ALL OTHER OFFENS,1
HSC 146.012 Illegal Tattoo of a minor 90Z ALL OTHE,1
GC 418.173(b) Penalty of Violation of Emergency Pl,1
HSC 481.129(E) Fraud Poss Man w/Int CS Prescript,1
PC 49.02 Public Intoxication:Minor 3rd enh 90E DRU,1
42.09(c) Cruelty to Livestk/ Torture/Poison/Fight/,1
NRC 85.389(A) Tamp w/Oil/Gas Rigs w/o Writ Auth 90,1
PC 20A.02(A)(3) Trafficking person engage conduct/,1
PC 28.07(B)3 Interfer RR Property>=$20K<$100K 90Z ,1
PC 20.04(4)(C) Agg Kidnapping BI/Sex Abuse 100 100,1
PC 46.11(a) UNL CARRY WEAPON W/ FELONY CONV IAT WF,1
PC 20.04(4)(D) Agg Kidnapping BI/Sex Abuse 100 KID,1
PC 30.05(d-3) CRIMINAL TRESPASS W/ WEAPON-FAIL TO ,1
PC 28.03(B)(4)(A) 2015 Crim Misc>=$2500<$30K      ,1
HRC 48.053(B) false report abuse/elder/Disable 90Z,1
TV 066 Unreasonable Noise in Publ Place,1
HSC 481.134(F) Poss CS Not In PG Drug Free Zone,1
PC 22.07(A)(4-6) Terroristic Threat Impair Public/,1
HRC 33.011(B) Food Stamps unauth Poss <200,1
PC 28.07(e)(2)  Interfer RR Property>=$750<$2500,1
PC 32.47 ,1
PC 35.02(C)(5) 2015 Insurance Fraud >=$30K<$150K,1
PC 31.04(E)(7) Theft of Service>200k 26A FALSE PRE,1
PC 46.05 Prohibited Weapons 520 WEAPON LAW VIOLATI,1
PC 22.012(b) INDECENT ASSAULT 13B SIMPLE ASSAULT,1
GC 992 97 Possess Fictitious ID 90Z ALL OTHER OFFE,1
PC 22.01(C)(2) Assault Against Spts Participant 13,1
PC 32.51 temp Fraud use of iD-work around charge 9,1
PC 29.04(b)(2) JUGGING ROBBERY,1
ABC 106.07 Misrepresent Age by a Minor,1
PC 46.11(a) UNL CARRY HANDGUN LIC HOLDER IAT WFZ 4,1
GC 193 01 Water Safety - No Sound Device,1
PC 20.04(1)(C) Agg Kidnapping Ransom/Reward 100 KI,1
Tabacco Offense Tobacco Offenses,1
PC 46.02 ,1
PC 21.17(c) VOYEURISM: 2 OR MORE CONVICTIONS 370 P,1
OC 165.153 Medical Practice Act with Physical Harm,1
PC 22.04(A)(3) ,1
PC 33.02(B-2)(6)(C) 2015 Comp Sec Breach Ident Inf,1
ABC 106.041 Driving Under Influ Minor 3rd Enh 90D ,1
PC 25.07 ,1
HSC 481.1121(B)(4) Man Del CS PG 1A>=4000AU 35A DR,1
PC 31.12 Theft of/or tamprng w/multichnl video/inf,1
CCP 62.203 Sex Off Fail to Comply/Civil 90Z ALL OT,1
GC 199 Water Safety - No Boater Ed Course 90Z ALL ,1
GC 195 02 Expired Certificate of Number,1
PC 32.23(E)(3) Trademark Counterfeiting>=500<1500 ,1
LOCAL Local Class C Warrants            00000000,1
PC 31.03(E)(3)  2015 Theft prop>=$750<$2500 239901,1
PC 20A.02(1) Trafficking of Person Under 14YOA 64A,1
TV Failure to Appear,1
GC 037 Criminal Attempt Prostitution,1
GC 196 02 Personal Watercraft - No Float Device 90,1
HSC 481.119(B) Poss CS Not In PG,1
PC 20A.02(8) Trafficking Child engage conduct/sex/,1
PC 28.08(B)(3) Graffiti Pecuniary Loss <$20K 290 D,1
GC 195 03 Improper Display - Certificate Number 90,1
HRC 33.011(A) Food Stamps use/alter/transfer<50,1
PC 32.33(D)(6) 2015 Hinder Sec'd Cred>=$150K<$300K,1
PC 31.03(F)(3) Theft<20k PubServ/Govt Contractor,1
PC 25.04 ENTICING A CHILD W/INT FELONY,1
PC 22.04(F) Own/Oper/Emp Group/Nurse w/int BI 13B ,1
PC 15.03 Criminal Solicitation- with Felony of 1st,1
ABC 101.62 Offensive Noice on Premises,1
WARRANTS ONLY Local or outside city warrants 35A D,1
PC 25.03 Interference w/ Child Custody,1
HSC 481.123(E)1 Man Del CS PG 2>=400G Analogue,1
PC 28.03(B)(6) 2015 Crim Misc>=$150K<$300K 290 DES,1
TRC 545.428(c) ACCIDENT INV PED/ROAD USER IN CROSS,1
PC 30.04 Burglary of Vehicle 240 MOTOR VEHICLE THE,1
PC 37.12 False ID as Police Ofcr 26C IMPERSONATION,1
PC 30.05(A)(1)(2) Criminal Trespass Habit         ,1
PC 31.05 Theft of Trade Secrets,1
PC 32.45(C)(3) Misapp Fiduc/Fin Prop>=$500<$1500,1
PC 49.09(b) DWI W/CHILD UNDER 15 YOA 3RD OR MORE I,1
PC 20.04 Aggravated Kidnapping 100 KIDNAPPING/ABDU,1
PC 43.05 (B) Compell Prost by force/threat/frau 64,1
PC 30.05(D)(1) Criminal Trespass                 5,1
GC 195 01 Water Safety - No Certificate of Number ,1
PC 42.03 ,1
HRC 33.011 (A) Food Stamps use/alter/trans>200,1
PC 30.06(D) Carry Conceal after oral Comm IAT,1
PC 22.01(b)(6) Assault on Process Server,1
PC 46.09(b) COMPONENTS OF EXPLOSIVES,1
PC 22.02(A)(1) Agg Asslt Causes Serious BI       1,1
PC 32.23(E)(3) Trademark Counterfeiting>=500<1500,1
PC 43.24 D Uses Minor Sell/Dist/Disp/Harm Mat 370 ,1
OC 1702.3875 Impersonate Security Guard 26C IMPERS,1
HSC 483.043 Man Dangerous Drug 35A DRUG/NARCOTIC V,1
PC 32.46(c-1) FRAUD SECURING DOC EXEC >=$100<$750 ,1
PC 31.03 - OTHERS Theft - Others 23H ALL OTHER LAR,1
PC 42.091(C)(3) Att Assistance Animal 720 Animal C,1
PC 38.04 Evading Arrest or Detention 35B DRUG EQUI,1
PC 21.002 Contempt of Court 90Z ALL OTHER OFFENSES,1
PC 25.031 Agreement to Abduct from Custody 90F FAM,1
HSC 481.113(B) Man Del CS PG 2A<1G 35A DRUG/NARCOT,1
GC 30-4 Solicit Trade on Street or Sidewalk,1
ABC 106.06 Purchase Furnish Alcohol to minor 90G L,1
TCGR 3.8 (e) Prohibited Employment Violation (Game,1
PC 31.03(E)(3)(F)(2) Theft 750-2500 with enhanceme,1
PC 28.03(B)(2) 2015 Crim Misc>=$100<$750 290 290 D,1
PC 46.14(B) Firearm Smugg 3 or more firearms,1
PC 42.07(C) Harassment 90Z 90Z ALL OTHER OFFENSES,1
PC 32.35(E)(3) Cred Card Trans Laun >$500<$1500 26,1
PC 46.14 Firearm Smuggling,1
PC 32.33(D)(5) 2015 Hinder Sec'd Cred>=$30K<$150K,1
PC 42.10(e) Dog Fight Participate in earnings/prov,1
HSC 822.044 Att Danger Dog Result SBI/Death,1
PC 71.02A Agg Kidnapping EOC/Aggravated Kidnapping,1
PC 49.09(B-4) Intox Asslt Cause brain inj veg st 9,1
PC 31.03(F)(5) Theft>1500<20k Pub Serv/GovtContr 2,1
PC 20.04(6)(C) Agg Kidnapping Interfere Performanc,1
HSC 481.120(B)(5) Del Marij>50 Lbs<=2000 Lbs 35A D,1
43.235(c) POSS/PRMT/PROD CERTAIN VISUAL MAT DPCT C,1
PC 32.45(C)(7) 2015 Misapp Fiduc Fin Prop >=$300K,1
PC 46.11(a) UNL CARRY WEAPON CRTN PROH PLCES IAT W,1
PC 22.02(A)(2) Agg Asslt w/Deadly Weapon 13A 13A A,1
GC 193 03 Water Safety- Fire Extinguisher,1
PC 43.26(D)(1) 2015 Poss Of Child Porn W/Prev Conv,1
HSC 481.114(D) Man Del CS PG 3/4>=200G<400G 35A DR,1
PC 32.21(e-1)(3)  FORGERY FINANCIAL INSTRUMENT >=$,1
PC 32.45(C)(4) Misapp Fiduc/Fin Prop $1500-20K 90Z,1
PC 20.04(5)(D) Agg Kidnapping Terrorize Safe Relea,1
PC 22.02(A)(2) Agg Asslt w/Deadly Weapon         1,1
PC 32.33(D)(2) 2015 Hinder Sec'd Cred>=$100<$750,1
PC 71.02 Capital Murder EOC/Capital Murder 09A MUR,1
PC 43.022 Prostitution w/3rd or more 40A PROSTITUT,1
PC 22.07(A)(3) Terroristic Threat Pec Loss >1500 1,1
PC 21.16(D) Voyeurism: Victim under 14 YOA 370 POR,1
PC 28.03 Criminal Mischief 220 BURGLARY/BREAKING A,1
PC 31.03 - OTHERS Theft - Others 270 EMBEZZLEMENT ,1
HSC 481.116(e) POSS CS PG 2 >= 400G,1
PC 42.05 Disrupt Meeting/Procession 90C DISORDERLY,1
HSC 481.117(E) Poss CS PG 3 >=400G 35A DRUG/NARCOT,1
"PC 31.16(b)(2) ORGANIZED RETAIL THEFT >=$750<$2,50",1
ABC 22.10 Open Contain Proh on Prim Pack Sto,1
PC 34.02(A)2 Money Laundering >=$3000<$20K,1
PC 32.45(D) Misapp Fiduc Fin Prop Elderly<$20 270 ,1
"PC 32.46(B)(4) 2015 Sec Exe of Doc by Dec>=$2,500<",1
PC 22.02(A)(1) Agg Asslt Causes Serious BI 13A 13A,1
PC 20A.02(A)(7) Trafficking child engage conduct/s,1
PC 20A.02(b)(4)(B) TRAFFICKING PERSON IMPEDE BREAT,1
HSC 481.129(D)(3) Fraud Poss CS/Prescr Sch V 35A D,1
PC 31.22(f)(1) UNAUTH POSS COPPER/BRASS MAT CRIT I,1
HSC 481.134(B)(C)2 Man Del CS PG1>=1G Drug Free Zo,1
PC 32.47(e)(5) Fraud/Destroy/Remove/Conc price tag,1
HRC 48.053(B) false report abuse/elder/Disable,1
PC 31.03(e)(7) Auto Theft Property <= $300K,1
PC 32.45(C)(5) Misapp Fiduc/Fin Prop>=$20K<$100K,1
PC 42.10(A)(4)(5)(6) Dog Fight Own/Train spectator,1
PC 19.03 (a)(9) Capital Murder for Person =>10YOA<,1
BCC 506.004(B) Reidentify/Disc Deidentified Info 2,1
PC 46.11(a) FRARM ACCESS TO CHILD DEATH/SBI IAT WF,1
